=========================================================
           Building abzOS 1.0 (Arch Linux / DDE) ISO       
=========================================================
=== [1/5] Building container image ===
#0 building with "default" instance using docker driver

#1 [internal] load build definition from Dockerfile
#1 transferring dockerfile: 18.30kB done
#1 DONE 0.0s

#2 [internal] load metadata for docker.io/library/archlinux:latest
#2 DONE 0.0s

#3 [internal] load .dockerignore
#3 transferring context: 2B done
#3 DONE 0.0s

#4 [ 1/60] FROM docker.io/library/archlinux:latest@sha256:f3691b4dde62ba4c4b6f0ae2c1fbf28e8c0c8c4b9a35c7e06dc1f70e21aa29f6
#4 resolve docker.io/library/archlinux:latest@sha256:f3691b4dde62ba4c4b6f0ae2c1fbf28e8c0c8c4b9a35c7e06dc1f70e21aa29f6 0.0s done
#4 DONE 0.0s

#5 [ 4/60] RUN pacman -S --noconfirm --needed     xorg-server xorg-xinit xorg-xrandr     xf86-video-amdgpu xf86-video-ati xf86-video-nouveau xf86-video-vesa     xf86-input-libinput     mesa vulkan-icd-loader vulkan-intel vulkan-radeon libva-mesa-driver     spice-vdagent qemu-guest-agent open-vm-tools     networkmanager wpa_supplicant wireless_tools rfkill     bluez bluez-utils     pipewire pipewire-pulse pipewire-alsa wireplumber pavucontrol alsa-utils     acpi acpid upower     ntfs-3g exfatprogs e2fsprogs parted
#5 CACHED

#6 [ 2/60] RUN pacman-key --init && pacman-key --populate archlinux &&     pacman -Sy --noconfirm archlinux-keyring &&     pacman -Syu --noconfirm
#6 CACHED

#7 [ 3/60] RUN pacman -S --noconfirm --needed     base linux linux-firmware linux-headers     mkinitcpio mkinitcpio-archiso     intel-ucode amd-ucode     sudo nano dbus polkit     grub efibootmgr dosfstools
#7 CACHED

#8 [ 5/60] RUN pacman -S --noconfirm --needed deepin deepin-extra ddm
#8 CACHED

#9 [internal] load build context
#9 transferring context: 1.45kB 1.3s done
#9 DONE 1.3s

#10 [ 6/60] RUN pacman -S --noconfirm --needed     firefox vlc mpv gparted file-roller xdg-user-dirs pcmanfm-qt
#10 0.370 warning: mpv-1:0.41.0-6 is up to date -- skipping
#10 0.370 resolving dependencies...
#10 0.472 looking for conflicting packages...
#10 0.490 
#10 0.490 Package (56)                       New Version  Net Change  Download Size
#10 0.490 
#10 0.490 extra/a52dec                       0.8.0-3        0.13 MiB       0.05 MiB
#10 0.490 extra/atkmm                        2.28.5-2       0.55 MiB       0.10 MiB
#10 0.490 extra/cairomm                      1.14.6-1       0.40 MiB       0.09 MiB
#10 0.490 extra/faad2                        2.11.3-1       0.66 MiB       0.23 MiB
#10 0.490 extra/gtkmm3                       3.24.11-1      9.35 MiB       1.40 MiB
#10 0.490 extra/libadwaita                   1:1.9.4-1      5.16 MiB       0.79 MiB
#10 0.490 extra/libebml                      1.4.7-1        0.23 MiB       0.07 MiB
#10 0.490 extra/libfm-extra                  1.4.1-1        0.03 MiB       0.02 MiB
#10 0.490 extra/libfm-qt                     2.4.0-3        2.96 MiB       0.70 MiB
#10 0.490 extra/libmatroska                  1.7.2-2        0.70 MiB       0.13 MiB
#10 0.490 extra/libnautilus-extension        50.3.1-1       0.21 MiB       0.03 MiB
#10 0.490 extra/libshout                     1:2.4.6-5      0.20 MiB       0.07 MiB
#10 0.490 extra/libvlc                       3.0.23_2-16    2.21 MiB       0.69 MiB
#10 0.490 extra/lua51                        5.1.5-13       0.87 MiB       0.23 MiB
#10 0.490 extra/lxqt-menu-data               2.4.0-1        0.17 MiB       0.05 MiB
#10 0.490 extra/mailcap                      2.1.54-3       0.11 MiB       0.03 MiB
#10 0.490 extra/menu-cache                   1.1.1-2        0.25 MiB       0.05 MiB
#10 0.490 extra/pangomm                      2.46.5-1       0.49 MiB       0.10 MiB
#10 0.490 extra/twolame                      0.4.0-4        0.24 MiB       0.08 MiB
#10 0.490 extra/vlc-cli                      3.0.23_2-16    0.03 MiB       0.01 MiB
#10 0.490 extra/vlc-gui-qt                   3.0.23_2-16    3.19 MiB       1.05 MiB
#10 0.490 extra/vlc-plugin-a52dec            3.0.23_2-16    0.01 MiB       0.01 MiB
#10 0.490 extra/vlc-plugin-alsa              3.0.23_2-16    0.05 MiB       0.02 MiB
#10 0.490 extra/vlc-plugin-archive           3.0.23_2-16    0.02 MiB       0.01 MiB
#10 0.490 extra/vlc-plugin-dav1d             3.0.23_2-16    0.01 MiB       0.01 MiB
#10 0.490 extra/vlc-plugin-dbus              3.0.23_2-16    0.09 MiB       0.04 MiB
#10 0.490 extra/vlc-plugin-dbus-screensaver  3.0.23_2-16    0.01 MiB       0.01 MiB
#10 0.490 extra/vlc-plugin-faad2             3.0.23_2-16    0.02 MiB       0.01 MiB
#10 0.490 extra/vlc-plugin-flac              3.0.23_2-16    0.03 MiB       0.01 MiB
#10 0.490 extra/vlc-plugin-gnutls            3.0.23_2-16    0.03 MiB       0.01 MiB
#10 0.490 extra/vlc-plugin-inflate           3.0.23_2-16    0.01 MiB       0.01 MiB
#10 0.490 extra/vlc-plugin-journal           3.0.23_2-16    0.01 MiB       0.01 MiB
#10 0.490 extra/vlc-plugin-jpeg              3.0.23_2-16    0.02 MiB       0.01 MiB
#10 0.490 extra/vlc-plugin-lua               3.0.23_2-16    1.07 MiB       0.32 MiB
#10 0.490 extra/vlc-plugin-matroska          3.0.23_2-16    0.49 MiB       0.20 MiB
#10 0.490 extra/vlc-plugin-mpg123            3.0.23_2-16    0.01 MiB       0.01 MiB
#10 0.490 extra/vlc-plugin-ogg               3.0.23_2-16    0.13 MiB       0.06 MiB
#10 0.490 extra/vlc-plugin-opus              3.0.23_2-16    0.03 MiB       0.02 MiB
#10 0.490 extra/vlc-plugin-png               3.0.23_2-16    0.02 MiB       0.01 MiB
#10 0.490 extra/vlc-plugin-pulse             3.0.23_2-16    0.08 MiB       0.02 MiB
#10 0.490 extra/vlc-plugin-shout             3.0.23_2-16    0.02 MiB       0.01 MiB
#10 0.490 extra/vlc-plugin-speex             3.0.23_2-16    0.04 MiB       0.02 MiB
#10 0.490 extra/vlc-plugin-tag               3.0.23_2-16    0.10 MiB       0.04 MiB
#10 0.490 extra/vlc-plugin-theora            3.0.23_2-16    0.03 MiB       0.01 MiB
#10 0.490 extra/vlc-plugin-twolame           3.0.23_2-16    0.01 MiB       0.01 MiB
#10 0.490 extra/vlc-plugin-vorbis            3.0.23_2-16    0.03 MiB       0.02 MiB
#10 0.490 extra/vlc-plugin-vpx               3.0.23_2-16    0.02 MiB       0.01 MiB
#10 0.490 extra/vlc-plugin-xml               3.0.23_2-16    0.01 MiB       0.01 MiB
#10 0.490 extra/vlc-plugins-base             3.0.23_2-16    7.76 MiB       2.04 MiB
#10 0.490 extra/vlc-plugins-video-output     3.0.23_2-16    0.64 MiB       0.16 MiB
#10 0.490 extra/file-roller                  44.7-1         4.24 MiB       0.75 MiB
#10 0.490 extra/firefox                      156.0.1-1    297.19 MiB      84.84 MiB
#10 0.490 extra/gparted                      1.8.1-2        7.48 MiB       1.97 MiB
#10 0.490 extra/pcmanfm-qt                   2.4.1-1        2.99 MiB       0.56 MiB
#10 0.490 extra/vlc                          3.0.23_2-16   41.97 MiB       6.42 MiB
#10 0.490 extra/xdg-user-dirs                0.20-1         0.17 MiB       0.05 MiB
#10 0.490 
#10 0.490 Total Download Size:   103.67 MiB
#10 0.490 Total Installed Size:  393.00 MiB
#10 0.490 
#10 0.490 :: Proceed with installation? [Y/n] 
#10 0.490 :: Retrieving packages...
#10 33.99  firefox-156.0.1-1-x86_64 downloading...
#10 33.99  vlc-3.0.23_2-16-x86_64 downloading...
#10 33.99  vlc-plugins-base-3.0.23_2-16-x86_64 downloading...
#10 33.99  gparted-1.8.1-2-x86_64 downloading...
#10 33.99  gtkmm3-3.24.11-1-x86_64 downloading...
#10 33.99  vlc-gui-qt-3.0.23_2-16-x86_64 downloading...
#10 33.99  libadwaita-1:1.9.4-1-x86_64 downloading...
#10 33.99  file-roller-44.7-1-x86_64 downloading...
#10 33.99  libfm-qt-2.4.0-3-x86_64 downloading...
#10 33.99  libvlc-3.0.23_2-16-x86_64 downloading...
#10 33.99  pcmanfm-qt-2.4.1-1-x86_64 downloading...
#10 33.99  vlc-plugin-lua-3.0.23_2-16-x86_64 downloading...
#10 33.99  faad2-2.11.3-1-x86_64 downloading...
#10 33.99  lua51-5.1.5-13-x86_64 downloading...
#10 33.99  vlc-plugin-matroska-3.0.23_2-16-x86_64 downloading...
#10 33.99  vlc-plugins-video-output-3.0.23_2-16-x86_64 downloading...
#10 33.99  libmatroska-1.7.2-2-x86_64 downloading...
#10 33.99  atkmm-2.28.5-2-x86_64 downloading...
#10 33.99  pangomm-2.46.5-1-x86_64 downloading...
#10 33.99  cairomm-1.14.6-1-x86_64 downloading...
#10 33.99  twolame-0.4.0-4-x86_64 downloading...
#10 33.99  libebml-1.4.7-1-x86_64 downloading...
#10 33.99  libshout-1:2.4.6-5-x86_64 downloading...
#10 33.99  vlc-plugin-ogg-3.0.23_2-16-x86_64 downloading...
#10 33.99  menu-cache-1.1.1-2-x86_64 downloading...
#10 33.99  lxqt-menu-data-2.4.0-1-any downloading...
#10 33.99  a52dec-0.8.0-3-x86_64 downloading...
#10 33.99  xdg-user-dirs-0.20-1-x86_64 downloading...
#10 33.99  vlc-plugin-tag-3.0.23_2-16-x86_64 downloading...
#10 33.99  vlc-plugin-dbus-3.0.23_2-16-x86_64 downloading...
#10 33.99  libnautilus-extension-50.3.1-1-x86_64 downloading...
#10 33.99  mailcap-2.1.54-3-any downloading...
#10 33.99  vlc-plugin-pulse-3.0.23_2-16-x86_64 downloading...
#10 33.99  vlc-plugin-alsa-3.0.23_2-16-x86_64 downloading...
#10 33.99  vlc-plugin-speex-3.0.23_2-16-x86_64 downloading...
#10 33.99  vlc-plugin-vorbis-3.0.23_2-16-x86_64 downloading...
#10 33.99  libfm-extra-1.4.1-1-x86_64 downloading...
#10 33.99  vlc-plugin-opus-3.0.23_2-16-x86_64 downloading...
#10 33.99  vlc-plugin-theora-3.0.23_2-16-x86_64 downloading...
#10 33.99  vlc-plugin-gnutls-3.0.23_2-16-x86_64 downloading...
#10 33.99  vlc-plugin-flac-3.0.23_2-16-x86_64 downloading...
#10 33.99  vlc-cli-3.0.23_2-16-x86_64 downloading...
#10 33.99  vlc-plugin-faad2-3.0.23_2-16-x86_64 downloading...
#10 33.99  vlc-plugin-jpeg-3.0.23_2-16-x86_64 downloading...
#10 33.99  vlc-plugin-archive-3.0.23_2-16-x86_64 downloading...
#10 33.99  vlc-plugin-vpx-3.0.23_2-16-x86_64 downloading...
#10 33.99  vlc-plugin-shout-3.0.23_2-16-x86_64 downloading...
#10 33.99  vlc-plugin-png-3.0.23_2-16-x86_64 downloading...
#10 33.99  vlc-plugin-twolame-3.0.23_2-16-x86_64 downloading...
#10 33.99  vlc-plugin-dav1d-3.0.23_2-16-x86_64 downloading...
#10 33.99  vlc-plugin-mpg123-3.0.23_2-16-x86_64 downloading...
#10 33.99  vlc-plugin-a52dec-3.0.23_2-16-x86_64 downloading...
#10 33.99  vlc-plugin-dbus-screensaver-3.0.23_2-16-x86_64 downloading...
#10 33.99  vlc-plugin-xml-3.0.23_2-16-x86_64 downloading...
#10 33.99  vlc-plugin-inflate-3.0.23_2-16-x86_64 downloading...
#10 33.99  vlc-plugin-journal-3.0.23_2-16-x86_64 downloading...
#10 33.99 checking keyring...
#10 34.12 checking package integrity...
#10 35.15 loading package files...
#10 35.16 checking for file conflicts...
#10 35.21 :: Processing package changes...
#10 35.21 installing mailcap...
#10 35.21 installing firefox...
#10 35.59 Optional dependencies for firefox
#10 35.59     firefox-i18n: Localizations
#10 35.59     hunspell-dictionary: Spell checking
#10 35.59     libnotify: Notification integration
#10 35.59     networkmanager: Location detection via available WiFi networks [installed]
#10 35.59     onnxruntime: Local machine learning features such as smart tab groups
#10 35.59     speech-dispatcher: Text-to-Speech
#10 35.59     xdg-desktop-portal: Screensharing with Wayland [installed]
#10 35.59 installing libvlc...
#10 35.59 installing vlc-plugin-alsa...
#10 35.59 installing a52dec...
#10 35.59 installing vlc-plugin-a52dec...
#10 35.59 installing vlc-plugin-archive...
#10 35.59 installing vlc-plugin-dav1d...
#10 35.59 installing vlc-plugin-dbus...
#10 35.60 installing vlc-plugin-dbus-screensaver...
#10 35.60 installing faad2...
#10 35.60 installing vlc-plugin-faad2...
#10 35.60 installing vlc-plugin-flac...
#10 35.60 installing vlc-plugin-gnutls...
#10 35.60 installing vlc-plugin-inflate...
#10 35.60 installing vlc-plugin-jpeg...
#10 35.60 installing vlc-plugin-journal...
#10 35.60 installing libebml...
#10 35.60 installing libmatroska...
#10 35.60 installing vlc-plugin-matroska...
#10 35.60 installing vlc-plugin-mpg123...
#10 35.60 installing vlc-plugin-ogg...
#10 35.60 installing vlc-plugin-opus...
#10 35.60 installing vlc-plugin-png...
#10 35.60 installing libshout...
#10 35.60 installing vlc-plugin-shout...
#10 35.60 installing vlc-plugin-speex...
#10 35.61 installing vlc-plugin-tag...
#10 35.61 installing vlc-plugin-theora...
#10 35.61 installing twolame...
#10 35.61 installing vlc-plugin-twolame...
#10 35.61 installing vlc-plugin-vorbis...
#10 35.61 installing vlc-plugin-vpx...
#10 35.61 installing vlc-plugin-xml...
#10 35.61 installing vlc-plugins-base...
#10 35.63 installing vlc-cli...
#10 35.63 Optional dependencies for vlc-cli
#10 35.63     vlc-plugin-lua: for Lua scripting plugins [pending]
#10 35.63 installing lua51...
#10 35.63 installing vlc-plugin-lua...
#10 35.63 Optional dependencies for vlc-plugin-lua
#10 35.63     lua-socket: for http interface
#10 35.63 installing vlc-plugin-pulse...
#10 35.63 installing vlc-plugins-video-output...
#10 35.64 Optional dependencies for vlc-plugins-video-output
#10 35.64     libva-intel-driver: for Intel VA-API drivers
#10 35.64     libva-mesa-driver: for open-source VA-API drivers [installed]
#10 35.64 installing vlc-gui-qt...
#10 35.64 Optional dependencies for vlc-gui-qt
#10 35.64     vlc-plugin-libsecret: for libsecret/gnome-keyring support on Gnome
#10 35.64     vlc-plugin-notify: for notification support
#10 35.64     vlc-plugins-extra: for extra plugins
#10 35.64     vlc-plugins-visualization: for visualization plugins
#10 35.64 installing vlc...
#10 35.68 Optional dependencies for vlc
#10 35.68     vlc-gui-ncurses: for ncurses TUI
#10 35.68     vlc-gui-skins2: for Skins2 GUI
#10 35.68     vlc-plugins-all: for all plugins
#10 35.68     vlc-plugins-extra: for extra plugins
#10 35.68     vlc-plugins-visualization: for visualization plugins
#10 35.68     vlc-plugin-aalib: for ASCII art video output support
#10 35.68     vlc-plugin-aom: for AOM AV1 codec support
#10 35.68     vlc-plugin-aribb24: for ARIB STD-24 codec and demux support
#10 35.68     vlc-plugin-aribb25: for ARIB STD-25 stream filter support
#10 35.68     vlc-plugin-ass: for SSA/ASS subtitle codec support
#10 35.68     vlc-plugin-avahi: for mDNS/DNS-SD services discovery support
#10 35.68     vlc-plugin-bluray: for Blu-ray access support
#10 35.68     vlc-plugin-caca: for color ASCII art video output support
#10 35.68     vlc-plugin-cddb: for CDDB access support
#10 35.68     vlc-plugin-chromecast: for Chromecast stream out support
#10 35.68     vlc-plugin-dca: for DTS Coherent Acoustics codec support
#10 35.68     vlc-plugin-dvb: for DVB access, mux and demux support
#10 35.68     vlc-plugin-dvd: for DVD access support
#10 35.68     vlc-plugin-ffmpeg: for FFMPEG based access, codec, demux, packetizer, VDPAU, video chroma and video filter support
#10 35.68     vlc-plugin-firewire: for FireWire device access support
#10 35.68     vlc-plugin-fluidsynth: for FluidSynth codec support
#10 35.68     vlc-plugin-freetype: for subtitle and on screen display text rendering support
#10 35.68     vlc-plugin-gme: for Game Music Emulation demux support
#10 35.68     vlc-plugin-gstreamer: for GStreamer codec support
#10 35.68     vlc-plugin-jack: for JACK access and audio output support
#10 35.68     vlc-plugin-kate: for kate karaoke codec support
#10 35.68     vlc-plugin-libsecret: for libsecret keystore support
#10 35.68     vlc-plugin-lirc: for infrared remote control support
#10 35.68     vlc-plugin-live555: for RTP/RTSP stream access support
#10 35.68     vlc-plugin-mad: for MPEG Audio Decoder audio filter support
#10 35.68     vlc-plugin-mdns: for mDNS services discovery support
#10 35.68     vlc-plugin-modplug: for MOD demux support
#10 35.68     vlc-plugin-mpeg2: for MPEG2 codec support
#10 35.68     vlc-plugin-mtp: for MTP device access and discovery support
#10 35.68     vlc-plugin-musepack: for MusePack demux support
#10 35.68     vlc-plugin-nfs: for NFS access support
#10 35.68     vlc-plugin-notify: for notification support
#10 35.68     vlc-plugin-samplerate: for samplerate audio filter support
#10 35.68     vlc-plugin-sdl: for SDL codec support
#10 35.68     vlc-plugin-sftp: for SFTP access support
#10 35.68     vlc-plugin-smb: for SMB access support
#10 35.68     vlc-plugin-soxr: for SoX Resampler audio filter support
#10 35.68     vlc-plugin-srt: for SRT subtitle file support
#10 35.68     vlc-plugin-svg: for SVG codec and text renderer support
#10 35.68     vlc-plugin-udev: for ALSA services discovery support using udev
#10 35.68     vlc-plugin-upnp: for UPnP services discovery support
#10 35.68     vlc-plugin-x264: for H264/AVC encoding support
#10 35.68     vlc-plugin-x265: for H265/HEVC encoding support
#10 35.68     vlc-plugin-zvbi: for VBI access (also over V4L2) and codec support
#10 35.68 installing atkmm...
#10 35.69 installing cairomm...
#10 35.69 installing pangomm...
#10 35.69 installing gtkmm3...
#10 35.72 installing gparted...
#10 35.73 Optional dependencies for gparted
#10 35.73     bcachefs-tools: for bcachefs partitions
#10 35.73     btrfs-progs: for btrfs partitions
#10 35.73     dosfstools: for FAT16 and FAT32 partitions [installed]
#10 35.73     exfatprogs: for exFAT partitions [installed]
#10 35.73     f2fs-tools: for Flash-Friendly File System
#10 35.73     gpart: for recovering corrupt partition tables
#10 35.73     jfsutils: for jfs partitions
#10 35.73     mtools: utilities to access MS-DOS disks [installed]
#10 35.73     nilfs-utils: for nilfs2 support
#10 35.73     ntfsprogs: for ntfs partitions
#10 35.73     polkit: to run gparted from application menu [installed]
#10 35.73     udftools: for UDF file system support
#10 35.73     xfsprogs: for xfs partitions
#10 35.73     xorg-xhost: authorization from wayland
#10 35.73 installing libadwaita...
#10 35.73 installing libnautilus-extension...
#10 35.73 installing file-roller...
#10 35.74 Optional dependencies for file-roller
#10 35.74     7zip: 7z archive support [installed]
#10 35.74     arj: arj archive support
#10 35.74     binutils: ar archive support [installed]
#10 35.74     bzip3: bzip3 compression support
#10 35.74     cdrtools: ISO image support [installed]
#10 35.74     cpio: cpio archive support
#10 35.74     dpkg: deb archive support
#10 35.74     lhasa: LHA/LZA archive support
#10 35.74     lrzip: lrzip compression support
#10 35.74     rpmextract: rpm archive support
#10 35.74     squashfs-tools: squashfs image support
#10 35.74     unace: ACE archive support
#10 35.74     unrar: better RAR archive support
#10 35.74     unzip: better ZIP archive support
#10 35.74     zip: better ZIP archive support
#10 35.74 installing xdg-user-dirs...
#10 35.78 Created symlink '/etc/systemd/user/graphical-session-pre.target.wants/xdg-user-dirs.service' → '/usr/lib/systemd/user/xdg-user-dirs.service'.
#10 35.78 installing libfm-extra...
#10 35.78 installing menu-cache...
#10 35.78 installing lxqt-menu-data...
#10 35.79 installing libfm-qt...
#10 35.79 Optional dependencies for libfm-qt
#10 35.79     org.freedesktop.secrets: allow to remember mount passwords [installed]
#10 35.79 installing pcmanfm-qt...
#10 35.80 Optional dependencies for pcmanfm-qt
#10 35.80     gvfs: for various features like mounting without root, remote filesystems, encrypted filesystems and many others mentioned on https://github.com/lxqt/pcmanfm-qt/wiki [installed]
#10 35.80     gvfs-mtp: MTP support (Media Transfer Protocol)
#10 35.80     lxqt-archiver: archive management
#10 35.80     qt6-translations: allow keyboard shortcuts to function in some languages (e.g. German) [installed]
#10 36.92 :: Running post-transaction hooks...
#10 36.92 (1/7) Reloading user manager configuration...
#10 36.96   Skipped: Current root is not booted.
#10 36.96 (2/7) Updating the MIME type database...
#10 37.18 (3/7) Arming ConditionNeedsUpdate...
#10 37.22 (4/7) Compiling GSettings XML schema files...
#10 37.27 (5/7) Updating icon theme caches...
#10 37.38 (6/7) Updating the desktop file MIME type cache...
#10 37.42 (7/7) Updating the vlc plugin cache...
#10 DONE 38.0s

#11 [ 7/60] RUN sed -i     -e 's|^Exec=.*|Exec=pcmanfm-qt %U|'     -e '/^Actions=/d'     /usr/share/applications/dde-file-manager.desktop &&     sed -i '/^\[Desktop Action new-window\]/,$d' /usr/share/applications/dde-file-manager.desktop &&     mkdir -p /etc/xdg &&     cat << 'MIMEAPPS' > /etc/xdg/mimeapps.list
#11 DONE 0.2s

#12 [ 8/60] RUN pacman -S --noconfirm --needed     base-devel gdb git curl wget jq tree htop python python-pip     nmap net-tools iputils traceroute whois     tcpdump socat openbsd-netcat wireshark-cli wireshark-qt     sqlmap john hydra aircrack-ng binwalk hexedit strace ltrace
#12 0.353 resolving dependencies...
#12 0.353 warning: curl-8.22.0-1 is up to date -- skipping
#12 0.353 warning: python-3.14.7-1 is up to date -- skipping
#12 0.353 warning: net-tools-2.10-3 is up to date -- skipping
#12 0.353 warning: iputils-20250605-1 is up to date -- skipping
#12 0.353 warning: socat-1.8.1.3-1 is up to date -- skipping
#12 0.365 looking for conflicting packages...
#12 0.376 
#12 0.376 Package (79)                New Version                 Net Change  Download Size
#12 0.376 
#12 0.376 extra/afpfs-ng              0.8.2-4                       0.26 MiB       0.09 MiB
#12 0.376 extra/apr                   1.7.6-1                       1.16 MiB       0.27 MiB
#12 0.376 extra/apr-util              1.6.5-1                       0.67 MiB       0.17 MiB
#12 0.376 core/autoconf               2.73-1                        2.25 MiB       0.64 MiB
#12 0.376 core/automake               1.18.1-1                      1.64 MiB       0.62 MiB
#12 0.376 extra/bcg729                1.1.1-2                       0.07 MiB       0.04 MiB
#12 0.376 core/bison                  3.8.2-8                       2.52 MiB       0.75 MiB
#12 0.376 extra/cpio                  2.15-3                        0.98 MiB       0.22 MiB
#12 0.376 core/debugedit              5.3-2                         0.13 MiB       0.05 MiB
#12 0.376 core/elfutils               0.196-1                       4.30 MiB       0.68 MiB
#12 0.376 extra/ethtool               1:7.1-1                       0.94 MiB       0.29 MiB
#12 0.376 core/fakeroot               1:1.37.2-3                    0.14 MiB       0.08 MiB
#12 0.376 core/flex                   2.6.4-6                       0.84 MiB       0.29 MiB
#12 0.376 extra/freerdp               2:3.31.1-1                    9.38 MiB       2.73 MiB
#12 0.376 core/gc                     8.2.12-1                      0.76 MiB       0.23 MiB
#12 0.376 core/gcc                    16.2.1+r23+gd564253eb6c8-1  220.89 MiB      57.93 MiB
#12 0.376 extra/gdb-common            17.2-1                        1.13 MiB       0.12 MiB
#12 0.376 core/groff                  1.24.1-1                      9.01 MiB       2.40 MiB
#12 0.376 core/guile                  3.0.11-1                     54.49 MiB       8.39 MiB
#12 0.376 extra/libcbor               0.14.0-1                      0.18 MiB       0.05 MiB
#12 0.376 extra/libfabric             2.6.0-1                       8.06 MiB       1.48 MiB
#12 0.376 extra/libfbclient           5.0.4-1                       5.07 MiB       1.20 MiB
#12 0.376 extra/libfido2              1.17.0-1                      0.47 MiB       0.19 MiB
#12 0.376 core/libisl                 0.28-1                        5.90 MiB       0.94 MiB
#12 0.376 extra/libmaxminddb          1.14.1-1                      0.04 MiB       0.03 MiB
#12 0.376 extra/libmemcached-awesome  1.1.4-4                       6.66 MiB       3.09 MiB
#12 0.376 core/libmpc                 1.4.1-1                       0.19 MiB       0.09 MiB
#12 0.376 extra/libtommath            1.3.0-2                       0.12 MiB       0.05 MiB
#12 0.376 extra/libutf8proc           2.11.3-1                      0.38 MiB       0.07 MiB
#12 0.376 core/m4                     1.4.21-2                      0.71 MiB       0.27 MiB
#12 0.376 core/make                   4.4.1-3                       1.66 MiB       0.51 MiB
#12 0.376 extra/mariadb-libs          13.0.2-2                     23.79 MiB       6.15 MiB
#12 0.376 extra/mongo-c-driver        2.4.0-1                       2.24 MiB       0.62 MiB
#12 0.376 extra/oniguruma             6.9.10-1                      0.88 MiB       0.22 MiB
#12 0.376 extra/openmpi               5.0.11-1                     10.04 MiB       3.94 MiB
#12 0.376 extra/openpmix              5.0.11-1                      3.77 MiB       0.92 MiB
#12 0.376 extra/openucx               1.20.1-3                      6.74 MiB       2.15 MiB
#12 0.376 core/patch                  2.8-1                         0.17 MiB       0.08 MiB
#12 0.376 extra/perl-error            0.17030-3                     0.04 MiB       0.02 MiB
#12 0.376 extra/perl-mailtools        2.22-3                        0.10 MiB       0.06 MiB
#12 0.376 core/pkgconf                3.0.7-1                       0.34 MiB       0.12 MiB
#12 0.376 extra/postgresql-libs       18.6-1                       10.72 MiB       1.94 MiB
#12 0.376 extra/prrte                 3.0.14-1                      1.98 MiB       0.58 MiB
#12 0.376 extra/python-attrs          26.1.0-1                      0.63 MiB       0.12 MiB
#12 0.376 extra/python-cffi           2.1.1-1                       1.40 MiB       0.29 MiB
#12 0.376 extra/python-cryptography   50.0.1-1                      6.32 MiB       1.44 MiB
#12 0.376 extra/python-filelock       3.31.2-1                      1.20 MiB       0.19 MiB
#12 0.376 extra/python-packaging      26.3-1                        1.58 MiB       0.25 MiB
#12 0.376 extra/python-pycparser      3.00-1                        0.71 MiB       0.11 MiB
#12 0.376 extra/python-wheel          0.48.0-1                      0.34 MiB       0.07 MiB
#12 0.376 extra/sdl3_ttf              3.2.2-3                       0.24 MiB       0.07 MiB
#12 0.376 extra/serf                  1.3.10-2                      0.17 MiB       0.06 MiB
#12 0.376 extra/source-highlight      3.1.9-19                      3.27 MiB       0.69 MiB
#12 0.376 extra/subversion            1.14.5-5                     35.78 MiB       8.11 MiB
#12 0.376 core/texinfo                7.3-1                        12.67 MiB       2.12 MiB
#12 0.376 extra/zlib-ng               2.3.3-1                       0.28 MiB       0.11 MiB
#12 0.376 extra/aircrack-ng           1.7-7                         1.67 MiB       0.51 MiB
#12 0.376 core/base-devel             1-2                           0.00 MiB       0.00 MiB
#12 0.376 extra/binwalk               3.1.0-1                       3.71 MiB       1.28 MiB
#12 0.376 extra/gdb                   17.2-1                       31.93 MiB       8.16 MiB
#12 0.376 extra/git                   2.55.0-1                     31.33 MiB       7.11 MiB
#12 0.376 extra/hexedit               1.6-3                         0.04 MiB       0.02 MiB
#12 0.376 extra/htop                  3.5.3-1                       0.41 MiB       0.18 MiB
#12 0.376 extra/hydra                 9.7-1                         1.61 MiB       0.46 MiB
#12 0.376 extra/john                  1.9.0.jumbo1-13              69.74 MiB      16.98 MiB
#12 0.376 extra/jq                    1.8.2-1                       0.47 MiB       0.20 MiB
#12 0.376 extra/ltrace                0.8.1-1                       0.43 MiB       0.17 MiB
#12 0.376 extra/nmap                  7.991-1                      26.31 MiB       6.03 MiB
#12 0.376 extra/openbsd-netcat        1.238_1-1                     0.05 MiB       0.02 MiB
#12 0.376 extra/python-pip            26.2.1-1                     16.68 MiB       2.75 MiB
#12 0.376 extra/sqlmap                1.10.7-1                     25.34 MiB       8.56 MiB
#12 0.376 extra/strace                7.2-1                         1.65 MiB       0.53 MiB
#12 0.376 extra/tcpdump               4.99.7-1                      1.11 MiB       0.44 MiB
#12 0.376 extra/traceroute            2.1.6-1                       0.08 MiB       0.04 MiB
#12 0.376 extra/tree                  2.3.2-1                       0.09 MiB       0.04 MiB
#12 0.376 extra/wget                  1.25.0-6                      5.70 MiB       0.69 MiB
#12 0.376 extra/whois                 5.6.6-1                       0.24 MiB       0.06 MiB
#12 0.376 extra/wireshark-cli         4.7.3-1                     100.30 MiB      21.06 MiB
#12 0.376 extra/wireshark-qt          4.7.3-1                      16.46 MiB       9.96 MiB
#12 0.376 
#12 0.376 Total Download Size:   199.64 MiB
#12 0.376 Total Installed Size:  801.80 MiB
#12 0.376 
#12 0.376 :: Proceed with installation? [Y/n] 
#12 0.376 :: Retrieving packages...
#12 13.53  gcc-16.2.1+r23+gd564253eb6c8-1-x86_64 downloading...
#12 13.53  wireshark-cli-4.7.3-1-x86_64 downloading...
#12 13.53  john-1.9.0.jumbo1-13-x86_64 downloading...
#12 13.53  wireshark-qt-4.7.3-1-x86_64 downloading...
#12 13.53  sqlmap-1.10.7-1-any downloading...
#12 13.53  guile-3.0.11-1-x86_64 downloading...
#12 13.53  gdb-17.2-1-x86_64 downloading...
#12 13.53  subversion-1.14.5-5-x86_64 downloading...
#12 13.53  git-2.55.0-1-x86_64 downloading...
#12 13.53  mariadb-libs-13.0.2-2-x86_64 downloading...
#12 13.53  nmap-7.991-1-x86_64 downloading...
#12 13.53  openmpi-5.0.11-1-x86_64 downloading...
#12 13.53  libmemcached-awesome-1.1.4-4-x86_64 downloading...
#12 13.53  python-pip-26.2.1-1-any downloading...
#12 13.53  freerdp-2:3.31.1-1-x86_64 downloading...
#12 13.53  groff-1.24.1-1-x86_64 downloading...
#12 13.53  openucx-1.20.1-3-x86_64 downloading...
#12 13.53  texinfo-7.3-1-x86_64 downloading...
#12 13.53  postgresql-libs-18.6-1-x86_64 downloading...
#12 13.53  libfabric-2.6.0-1-x86_64 downloading...
#12 13.53  python-cryptography-50.0.1-1-x86_64 downloading...
#12 13.53  binwalk-3.1.0-1-x86_64 downloading...
#12 13.53  libfbclient-5.0.4-1-x86_64 downloading...
#12 13.53  libisl-0.28-1-x86_64 downloading...
#12 13.53  openpmix-5.0.11-1-x86_64 downloading...
#12 13.53  bison-3.8.2-8-x86_64 downloading...
#12 13.53  source-highlight-3.1.9-19-x86_64 downloading...
#12 13.53  wget-1.25.0-6-x86_64 downloading...
#12 13.53  elfutils-0.196-1-x86_64 downloading...
#12 13.53  autoconf-2.73-1-any downloading...
#12 13.53  mongo-c-driver-2.4.0-1-x86_64 downloading...
#12 13.53  automake-1.18.1-1-any downloading...
#12 13.53  prrte-3.0.14-1-x86_64 downloading...
#12 13.53  strace-7.2-1-x86_64 downloading...
#12 13.53  aircrack-ng-1.7-7-x86_64 downloading...
#12 13.53  make-4.4.1-3-x86_64 downloading...
#12 13.53  hydra-9.7-1-x86_64 downloading...
#12 13.53  tcpdump-4.99.7-1-x86_64 downloading...
#12 13.53  ethtool-1:7.1-1-x86_64 downloading...
#12 13.53  python-cffi-2.1.1-1-x86_64 downloading...
#12 13.53  flex-2.6.4-6-x86_64 downloading...
#12 13.53  apr-1.7.6-1-x86_64 downloading...
#12 13.53  m4-1.4.21-2-x86_64 downloading...
#12 13.53  python-packaging-26.3-1-any downloading...
#12 13.53  gc-8.2.12-1-x86_64 downloading...
#12 13.53  cpio-2.15-3-x86_64 downloading...
#12 13.53  oniguruma-6.9.10-1-x86_64 downloading...
#12 13.53  jq-1.8.2-1-x86_64 downloading...
#12 13.53  python-filelock-3.31.2-1-any downloading...
#12 13.53  libfido2-1.17.0-1-x86_64 downloading...
#12 13.53  htop-3.5.3-1-x86_64 downloading...
#12 13.53  ltrace-0.8.1-1-x86_64 downloading...
#12 13.53  apr-util-1.6.5-1-x86_64 downloading...
#12 13.53  pkgconf-3.0.7-1-x86_64 downloading...
#12 13.53  gdb-common-17.2-1-x86_64 downloading...
#12 13.53  python-attrs-26.1.0-1-any downloading...
#12 13.53  zlib-ng-2.3.3-1-x86_64 downloading...
#12 13.53  python-pycparser-3.00-1-any downloading...
#12 13.53  libmpc-1.4.1-1-x86_64 downloading...
#12 13.53  afpfs-ng-0.8.2-4-x86_64 downloading...
#12 13.53  patch-2.8-1-x86_64 downloading...
#12 13.53  fakeroot-1:1.37.2-3-x86_64 downloading...
#12 13.53  libutf8proc-2.11.3-1-x86_64 downloading...
#12 13.53  python-wheel-0.48.0-1-any downloading...
#12 13.53  sdl3_ttf-3.2.2-3-x86_64 downloading...
#12 13.53  whois-5.6.6-1-x86_64 downloading...
#12 13.53  serf-1.3.10-2-x86_64 downloading...
#12 13.53  perl-mailtools-2.22-3-any downloading...
#12 13.53  debugedit-5.3-2-x86_64 downloading...
#12 13.53  libcbor-0.14.0-1-x86_64 downloading...
#12 13.53  libtommath-1.3.0-2-x86_64 downloading...
#12 13.53  tree-2.3.2-1-x86_64 downloading...
#12 13.53  traceroute-2.1.6-1-x86_64 downloading...
#12 13.53  bcg729-1.1.1-2-x86_64 downloading...
#12 13.53  libmaxminddb-1.14.1-1-x86_64 downloading...
#12 13.53  openbsd-netcat-1.238_1-1-x86_64 downloading...
#12 13.53  hexedit-1.6-3-x86_64 downloading...
#12 13.53  perl-error-0.17030-3-any downloading...
#12 13.53  base-devel-1-2-any downloading...
#12 13.53 checking keyring...
#12 13.76 checking package integrity...
#12 15.24 loading package files...
#12 15.29 checking for file conflicts...
#12 15.35 :: Processing package changes...
#12 15.35 installing m4...
#12 15.35 installing autoconf...
#12 15.36 installing automake...
#12 15.36 installing bison...
#12 15.37 installing cpio...
#12 15.37 installing elfutils...
#12 15.37 installing gc...
#12 15.37 installing guile...
#12 15.46 installing gdb-common...
#12 15.46 installing source-highlight...
#12 15.47 Optional dependencies for source-highlight
#12 15.47     lesspipe: src-hilite-lesspipe.sh
#12 15.47 installing gdb...
#12 15.52 installing debugedit...
#12 15.52 installing fakeroot...
#12 15.52 installing flex...
#12 15.52 installing libisl...
#12 15.53 installing libmpc...
#12 15.53 installing gcc...
#12 15.84 Optional dependencies for gcc
#12 15.84     lib32-gcc-libs: for generating code for 32-bit ABI
#12 15.84 installing groff...
#12 15.86 Optional dependencies for groff
#12 15.86     netpbm: for use together with man -H command interaction in browsers [installed]
#12 15.86     psutils: for use together with man -H command interaction in browsers
#12 15.86     libxaw: for gxditview
#12 15.86     perl-file-homedir: for use with glilypond
#12 15.86 installing make...
#12 15.87 installing patch...
#12 15.87 Optional dependencies for patch
#12 15.87     ed: for patch -e functionality
#12 15.87 installing pkgconf...
#12 15.87 installing texinfo...
#12 15.90 Optional dependencies for texinfo
#12 15.90     perl-archive-zip: EPUB file output via texi2any
#12 15.90 installing base-devel...
#12 15.90 installing perl-error...
#12 15.90 installing perl-mailtools...
#12 15.90 installing zlib-ng...
#12 15.90 installing git...
#12 15.99 Optional dependencies for git
#12 15.99     git-zsh-completion: upstream zsh completion
#12 15.99     tk: gitk and git gui
#12 15.99     openssh: ssh transport and crypto [installed]
#12 15.99     man: show help with `git command --help`
#12 15.99     perl-libwww: git svn [installed]
#12 15.99     perl-term-readkey: git svn and interactive.singlekey setting
#12 15.99     perl-io-socket-ssl: git send-email TLS support
#12 15.99     perl-authen-sasl: git send-email TLS support
#12 15.99     perl-cgi: gitweb (web interface) support
#12 15.99     python: git svn & git p4 [installed]
#12 15.99     subversion: git svn [pending]
#12 15.99     org.freedesktop.secrets: keyring credential helper [installed]
#12 15.99     libsecret: libsecret credential helper [installed]
#12 15.99     less: the default pager for git
#12 15.99 installing wget...
#12 15.99 Optional dependencies for wget
#12 15.99     ca-certificates: HTTPS downloads [installed]
#12 15.99 installing oniguruma...
#12 15.99 installing jq...
#12 15.99 installing tree...
#12 16.00 installing htop...
#12 16.00 Optional dependencies for htop
#12 16.00     lm_sensors: show cpu temperatures [installed]
#12 16.00     lsof: show files opened by a process
#12 16.00     strace: attach to a running process [pending]
#12 16.00 installing python-attrs...
#12 16.00 installing python-pycparser...
#12 16.00 installing python-cffi...
#12 16.00 Optional dependencies for python-cffi
#12 16.00     python-setuptools: "limited api" version checking in cffi.setuptools_ext
#12 16.00 installing python-cryptography...
#12 16.02 installing python-filelock...
#12 16.02 installing python-packaging...
#12 16.03 installing python-wheel...
#12 16.03 Optional dependencies for python-wheel
#12 16.03     python-keyring: for wheel.signatures
#12 16.03     python-xdg: for wheel.signatures
#12 16.03     python-setuptools: for legacy bdist_wheel subcommand
#12 16.03 installing python-pip...
#12 16.09 installing nmap...
#12 16.14 installing traceroute...
#12 16.14 installing whois...
#12 16.14 installing tcpdump...
#12 16.15 installing openbsd-netcat...
#12 16.15 installing bcg729...
#12 16.15 installing libmaxminddb...
#12 16.15 Optional dependencies for libmaxminddb
#12 16.15     geoip2-database: IP geolocation databases
#12 16.15 installing wireshark-cli...
#12 16.34 NOTE: To run wireshark as normal user you have to add yourself into wireshark group
#12 16.34 installing wireshark-qt...
#12 16.36 installing sqlmap...
#12 16.43 Optional dependencies for sqlmap
#12 16.43     perl: icmpsh extra tool [installed]
#12 16.43     python-sqlalchemy: MySQL/MariaDB connection
#12 16.43 installing libfabric...
#12 16.44 installing openpmix...
#12 16.45 Optional dependencies for openpmix
#12 16.45     openpmix-docs: for documentation
#12 16.45 installing openucx...
#12 16.47 Optional dependencies for openucx
#12 16.47     rdma-core: for InfiniBand and RDMA support
#12 16.47     cuda: for CUDA support
#12 16.47     rocm-language-runtime: for ROCm support
#12 16.47 installing prrte...
#12 16.47 Optional dependencies for prrte
#12 16.47     openssh: for execution on remote hosts via plm_ssh_agent [installed]
#12 16.47     prrte-docs: for documentation
#12 16.47 installing openmpi...
#12 16.49 Optional dependencies for openmpi
#12 16.49     cuda: cuda support
#12 16.49     hip-runtime-amd: ROCm support
#12 16.49     gcc-fortran: fortran support
#12 16.49     openssh: for execution on remote hosts via plm_ssh_agent [installed]
#12 16.49     openucc: for UCC accelerated collectives
#12 16.49 installing john...
#12 16.58 Optional dependencies for john
#12 16.58     bash-completion: completion for bash
#12 16.58     lua: lua based john scripts [installed]
#12 16.58     perl: perl based john scripts [installed]
#12 16.58     ruby: ruby based john scripts
#12 16.58     python: python based john scripts [installed]
#12 16.58 installing afpfs-ng...
#12 16.58 installing apr...
#12 16.59 installing libtommath...
#12 16.59 installing libfbclient...
#12 16.60 installing libmemcached-awesome...
#12 16.61 installing mongo-c-driver...
#12 16.61 installing apr-util...
#12 16.62 Optional dependencies for apr-util
#12 16.62     gdbm: enable gdbm support [installed]
#12 16.62     libldap: enable ldap support [installed]
#12 16.62     unixodbc: enable odbc support
#12 16.62     mariadb-libs: enable mysql/mariadb support [pending]
#12 16.62     postgresql-libs: enable postgres support [pending]
#12 16.62     db: enable berkley db support
#12 16.62     sqlite: enable sqlite support [installed]
#12 16.62     nss: enable nss crypto support [installed]
#12 16.62     openssl: enable openssl crypto support [installed]
#12 16.62 installing libutf8proc...
#12 16.62 installing serf...
#12 16.62 installing subversion...
#12 16.67 Optional dependencies for subversion
#12 16.67     libsecret: for GNOME Keyring for auth credentials [installed]
#12 16.67     bash-completion: for svn bash completion
#12 16.67     python: for some hook scripts [installed]
#12 16.67     java-environment: for Java support
#12 16.67     ruby: for some hook scripts
#12 16.67 installing sdl3_ttf...
#12 16.68 installing libcbor...
#12 16.68 installing libfido2...
#12 16.68 installing freerdp...
#12 16.70 installing mariadb-libs...
#12 16.75 Optional dependencies for mariadb-libs
#12 16.75     krb5: for gssapi authentication [installed]
#12 16.75 installing postgresql-libs...
#12 16.76 installing hydra...
#12 16.76 installing ethtool...
#12 16.77 installing aircrack-ng...
#12 16.77 installing binwalk...
#12 16.78 Optional dependencies for binwalk
#12 16.78     python-opengl: binviz module support
#12 16.78     python-capstone: disassembly support
#12 16.78     python-matplotlib: entropy plotting
#12 16.78     python-pyqtgraph: entropy plotting
#12 16.78     python-numpy: entropy module
#12 16.78     python-numba: entropy module
#12 16.78     python-gnupg: pgp plugin
#12 16.78     arj: ARJ decompression support
#12 16.78     cabextract: CAB archive support
#12 16.78     cpio: CPIO archive support [installed]
#12 16.78     gzip: GZIP decompression support [installed]
#12 16.78     mtd-utils: JFFS filesystem support
#12 16.78     p7zip: ZIP, LZMA and ISO decompression support [installed]
#12 16.78     squashfs-tools: squashfs support
#12 16.78     tar: TAR archive support [installed]
#12 16.78     unrar: RAR decompression support
#12 16.78     lhasa: LHA support
#12 16.78     sleuthkit: forensic analysis support
#12 16.78 installing hexedit...
#12 16.78 installing strace...
#12 16.78 installing ltrace...
#12 18.64 :: Running post-transaction hooks...
#12 18.64 (1/9) Configuring dynamic linker run-time bindings...
#12 18.72 (2/9) Creating system user accounts...
#12 18.76 Creating group 'wireshark' with GID 150.
#12 18.76 Creating group 'git' with GID 958.
#12 18.76 Creating user 'git' (git daemon user) with UID 958 and GID 958.
#12 18.78 (3/9) Creating temporary files...
#12 18.82 /usr/lib/tmpfiles.d/journal-nocow.conf:26: Failed to resolve specifier: uninitialized /etc/ detected, skipping.
#12 18.82 All rules containing unresolvable specifiers will be skipped.
#12 18.83 (4/9) Reloading system manager configuration...
#12 18.87   Skipped: Current root is not booted.
#12 18.87 (5/9) Updating the MIME type database...
#12 19.07 (6/9) Arming ConditionNeedsUpdate...
#12 19.11 (7/9) Checking for old perl modules...
#12 19.16 (8/9) Updating icon theme caches...
#12 19.21 (9/9) Updating the desktop file MIME type cache...
#12 DONE 20.4s

#13 [ 9/60] RUN pacman -S --noconfirm --needed     kcoreaddons kpmcore libpwquality qt6-declarative qt6-svg yaml-cpp     extra-cmake-modules libglvnd ninja qt6-tools qt6-translations &&     useradd -m builder &&     echo "builder ALL=(ALL) NOPASSWD:ALL" > /etc/sudoers.d/builder &&     su builder -c 'cd /tmp && git clone --depth 1 https://aur.archlinux.org/calamares.git && cd calamares && makepkg -s --noconfirm' &&     pacman -U --noconfirm /tmp/calamares/*.pkg.tar.zst &&     rm -rf /tmp/calamares /home/builder &&     userdel builder && rm -f /etc/sudoers.d/builder
#13 0.324 resolving dependencies...
#13 0.324 warning: kcoreaddons-6.30.0-1 is up to date -- skipping
#13 0.324 warning: libpwquality-1.4.5-7 is up to date -- skipping
#13 0.324 warning: qt6-declarative-6.11.2-2 is up to date -- skipping
#13 0.324 warning: qt6-svg-6.11.2-1 is up to date -- skipping
#13 0.324 warning: yaml-cpp-0.9.0-1 is up to date -- skipping
#13 0.324 warning: libglvnd-1.7.0-3 is up to date -- skipping
#13 0.324 warning: qt6-translations-6.11.2-1 is up to date -- skipping
#13 0.332 looking for conflicting packages...
#13 0.336 
#13 0.336 Package (11)               New Version  Net Change  Download Size
#13 0.336 
#13 0.336 extra/cmake                4.4.3-2      101.44 MiB      14.92 MiB
#13 0.336 extra/cppdap               1.58.0-3       1.61 MiB       0.33 MiB
#13 0.336 extra/gumbo-parser         0.13.2-1       0.37 MiB       0.12 MiB
#13 0.336 extra/jsoncpp              1.9.8-1        0.86 MiB       0.18 MiB
#13 0.336 extra/libuv                1.52.1-2       0.64 MiB       0.26 MiB
#13 0.336 extra/litehtml             0.10-1         1.53 MiB       0.49 MiB
#13 0.336 extra/rhash                1.4.6-1        0.34 MiB       0.18 MiB
#13 0.336 extra/extra-cmake-modules  6.30.0-1       2.20 MiB       0.48 MiB
#13 0.336 extra/kpmcore              26.08.1-1      4.63 MiB       0.77 MiB
#13 0.336 extra/ninja                1.13.2-3       0.41 MiB       0.17 MiB
#13 0.336 extra/qt6-tools            6.11.2-1      22.22 MiB       6.58 MiB
#13 0.336 
#13 0.336 Total Download Size:    24.47 MiB
#13 0.336 Total Installed Size:  136.27 MiB
#13 0.336 
#13 0.336 :: Proceed with installation? [Y/n] 
#13 0.336 :: Retrieving packages...
#13 2.259  cmake-4.4.3-2-x86_64 downloading...
#13 2.259  qt6-tools-6.11.2-1-x86_64 downloading...
#13 2.259  kpmcore-26.08.1-1-x86_64 downloading...
#13 2.259  litehtml-0.10-1-x86_64 downloading...
#13 2.259  extra-cmake-modules-6.30.0-1-any downloading...
#13 2.259  cppdap-1.58.0-3-x86_64 downloading...
#13 2.259  libuv-1.52.1-2-x86_64 downloading...
#13 2.259  rhash-1.4.6-1-x86_64 downloading...
#13 2.259  jsoncpp-1.9.8-1-x86_64 downloading...
#13 2.259  ninja-1.13.2-3-x86_64 downloading...
#13 2.259  gumbo-parser-0.13.2-1-x86_64 downloading...
#13 2.259 checking keyring...
#13 2.345 checking package integrity...
#13 2.577 loading package files...
#13 2.597 checking for file conflicts...
#13 2.652 :: Processing package changes...
#13 2.652 installing kpmcore...
#13 2.660 Optional dependencies for kpmcore
#13 2.660     bcachefs-tools: BCacheFS support
#13 2.660     dosfstools: FAT32 support [installed]
#13 2.660     e2fsprogs: ext2/3/4 support [installed]
#13 2.660     exfat-utils: exFAT support [installed]
#13 2.660     exfatprogs: exFAT support (alternative to exfat-utils) [installed]
#13 2.660     f2fs-tools: F2FS support
#13 2.660     fatresize: FAT resize support
#13 2.660     jfsutils: JFS support
#13 2.660     nilfs-utils: nilfs support
#13 2.660     ntfsprogs: NTFS support
#13 2.660     udftools: UDF support
#13 2.660     xfsprogs: XFS support
#13 2.660 installing cppdap...
#13 2.663 installing jsoncpp...
#13 2.665 Optional dependencies for jsoncpp
#13 2.665     jsoncpp-doc: documentation
#13 2.665 installing libuv...
#13 2.666 installing rhash...
#13 2.667 installing cmake...
#13 2.882 Optional dependencies for cmake
#13 2.882     make: for unix Makefile generator [installed]
#13 2.882     ninja: for ninja generator [pending]
#13 2.882     qt6-base: cmake-gui [installed]
#13 2.882 installing extra-cmake-modules...
#13 2.888 Optional dependencies for extra-cmake-modules
#13 2.888     python-pyxdg: to generate fastlane metadata for Android apps
#13 2.888     python-requests: to generate fastlane metadata for Android apps
#13 2.888     python-yaml: to generate fastlane metadata for Android apps
#13 2.888 installing ninja...
#13 2.889 installing gumbo-parser...
#13 2.890 installing litehtml...
#13 2.895 installing qt6-tools...
#13 2.938 Optional dependencies for qt6-tools
#13 2.938     clang: for qdoc and lupdate
#13 2.938     qt6-declarative: for qdistancefieldgenerator, qdoc and lupdate [installed]
#13 4.037 :: Running post-transaction hooks...
#13 4.037 (1/5) Updating the MIME type database...
#13 4.242 (2/5) Arming ConditionNeedsUpdate...
#13 4.277 (3/5) Reloading system bus configuration...
#13 4.313   Skipped: Current root is not booted.
#13 4.313 (4/5) Updating icon theme caches...
#13 4.364 (5/5) Updating the desktop file MIME type cache...
#13 4.474 Cloning into 'calamares'...
#13 7.446 ==> Making package: calamares 3.4.2-2 (Wed Sep 23 21:32:08 2026)
#13 7.449 ==> Checking runtime dependencies...
#13 7.468 ==> Checking buildtime dependencies...
#13 7.492 ==> Retrieving sources...
#13 7.505   -> Downloading calamares-3.4.2.tar.gz...
#13 7.736   % Total    % Received % Xferd  Average Speed  Time    Time    Time   Current
#13 7.736                                  Dload  Upload  Total   Spent   Left   Speed
#13 7.736   0      0   0      0   0      0      0      0                              0 79  4.71M  79  3.73M   0      0  3.03M      0   00:01   00:01          3.69M100  4.71M 100  4.71M   0      0  3.71M      0   00:01   00:01          3.69M100  4.71M 100  4.71M   0      0  3.71M      0   00:01   00:01          3.69M100  4.71M 100  4.71M   0      0  3.71M      0   00:01   00:01          3.69M
#13 8.806 ==> Validating source files with sha256sums...
#13 8.807     calamares-3.4.2.tar.gz ... Passed
#13 8.840 ==> Extracting sources...
#13 8.888   -> Extracting calamares-3.4.2.tar.gz with bsdtar
#13 8.982 ==> Starting build()...
#13 8.989 The no-dev option is deprecated.  Use -Wno-author instead.
#13 9.088 -- The C compiler identification is GNU 16.2.1
#13 9.202 -- The CXX compiler identification is GNU 16.2.1
#13 9.208 -- Detecting C compiler ABI info
#13 9.293 -- Detecting C compiler ABI info - done
#13 9.304 -- Check for working C compiler: /usr/sbin/cc - skipped
#13 9.304 -- Detecting C compile features
#13 9.305 -- Detecting C compile features - done
#13 9.326 -- Detecting CXX compiler ABI info
#13 9.427 -- Detecting CXX compiler ABI info - done
#13 9.440 -- Check for working CXX compiler: /usr/sbin/c++ - skipped
#13 9.440 -- Detecting CXX compile features
#13 9.441 -- Detecting CXX compile features - done
#13 9.450 -- Building Calamares with Qt6
#13 9.451 -- Found GNU g++ 16.2.1, enabling colorized error messages.
#13 9.475 -- Performing Test CMAKE_HAVE_LIBC_PTHREAD
#13 9.567 -- Performing Test CMAKE_HAVE_LIBC_PTHREAD - Success
#13 9.567 -- Found Threads: TRUE
#13 9.574 -- Performing Test HAVE_STDATOMIC
#13 9.705 -- Performing Test HAVE_STDATOMIC - Success
#13 9.706 -- Found WrapAtomic: TRUE
#13 9.751 -- Found OpenGL: /usr/lib/libOpenGL.so
#13 9.751 -- Found WrapOpenGL: TRUE
#13 9.754 -- Could NOT find WrapVulkanHeaders (missing: Vulkan_INCLUDE_DIR) 
#13 9.983 -- Could NOT find WrapVulkanHeaders (missing: Vulkan_INCLUDE_DIR) 
#13 9.990 -- Found YAMLCPP: /usr/include (Required is at least version "0.5.1")
#13 9.997 -- Found KDE ECM /usr/share/ECM/modules/;/usr/share/ECM/find-modules/;/usr/share/ECM/kde-modules
#13 10.03 -- Installing in the same prefix as Qt, adopting their path scheme.
#13 10.20 -- Found Python3: /usr/sbin/python3.14 (found version "3.14.7") found components: Interpreter
#13 10.43 -- Found Python: /usr/sbin/python3.14 (found suitable version "3.14.7", minimum required is "3.6") found components: Interpreter Development Development.Module Development.Embed
#13 10.44 No module named 'jsonschema'
#13 10.44 
#13 10.44 Dependencies for this tool are: py-yaml and py-jsonschema.
#13 10.44 
#13 10.44     https://pyyaml.org/
#13 10.44     https://github.com/Julian/jsonschema
#13 10.44 
#13 10.44 Simple installation is `pip install pyyaml jsonschema`
#13 10.44 
#13 10.44 -- Checked for config-validation dependencies: NOT-FOUND
#13 10.45 -- Found Gettext: /usr/sbin/msgmerge (found version "1.0")
#13 10.47 -- Installing gettext translations for python
#13 10.47 --   Installing python.mo from /tmp/calamares/src/calamares-3.4.2/lang/python
#13 10.47 --   Skipping python translations for en_US
#13 10.51 -- Could NOT find WrapVulkanHeaders (missing: Vulkan_INCLUDE_DIR) 
#13 10.57 -- Configured QML module: calamares.slideshow
#13 10.57 
#13 10.57 -- Config bootloader.conf
#13 10.57 -- Non-Config bootloader.schema.yaml
#13 10.57 -- Non-Config main.py
#13 10.57 -- Non-Config module.desc
#13 10.58 -- Found Calamares module: bootloader
#13 10.58    TYPE: jobmodule
#13 10.58    MODULE_DESTINATION: /usr/lib/calamares/modules/bootloader
#13 10.58    CONFIGURATION_FILES: bootloader.conf => [Build directory and share/calamares/modules]
#13 10.58 
#13 10.58 -- Non-Config test.yaml
#13 10.58 -- Found Calamares module: contextualprocess
#13 10.58    TYPE: job
#13 10.58    LINK_LIBRARIES: 
#13 10.58    LINK_PRIVATE_LIBRARIES: 
#13 10.58    PLUGIN_DESTINATION: /usr/lib/calamares/modules/contextualprocess
#13 10.58    CONFIGURATION_FILES: contextualprocess.conf => share/calamares/modules
#13 10.58 
#13 10.58 -- Config displaymanager.conf
#13 10.58 -- Non-Config displaymanager.schema.yaml
#13 10.58 -- Non-Config main.py
#13 10.58 -- Non-Config module.desc
#13 10.58 -- Found Calamares module: displaymanager
#13 10.58    TYPE: jobmodule
#13 10.58    MODULE_DESTINATION: /usr/lib/calamares/modules/displaymanager
#13 10.58    CONFIGURATION_FILES: displaymanager.conf => [Build directory and share/calamares/modules]
#13 10.58 
#13 10.58 -- Skipping module dracut (user request).
#13 10.58 
#13 10.58 -- Skipping module dracutlukscfg (user request).
#13 10.58 
#13 10.58 -- Skipping module dummycpp (user request).
#13 10.58 
#13 10.58 -- Skipping module dummyprocess (user request).
#13 10.58 
#13 10.58 -- Skipping module dummypython (user request).
#13 10.58 
#13 10.59 -- Found Calamares module: finished
#13 10.59    TYPE: viewmodule
#13 10.59    LINK_LIBRARIES: 
#13 10.59    LINK_PRIVATE_LIBRARIES: Qt6::DBus
#13 10.59    PLUGIN_DESTINATION: /usr/lib/calamares/modules/finished
#13 10.59    CONFIGURATION_FILES: finished.conf => share/calamares/modules
#13 10.59 
#13 10.60 -- Found Calamares module: finishedq
#13 10.60    TYPE: viewmodule
#13 10.60    LINK_LIBRARIES: 
#13 10.60    LINK_PRIVATE_LIBRARIES: Qt6::DBus
#13 10.60    PLUGIN_DESTINATION: /usr/lib/calamares/modules/finishedq
#13 10.60    CONFIGURATION_FILES: finishedq.conf => share/calamares/modules
#13 10.60    RESOURCES: finishedq-qt6.qrc
#13 10.60 
#13 10.61 -- KPMcore has already been found
#13 10.61 -- Found Calamares module: fsresizer
#13 10.61    TYPE: job
#13 10.61    LINK_LIBRARIES: 
#13 10.61    LINK_PRIVATE_LIBRARIES: calamares::kpmcore
#13 10.61    PLUGIN_DESTINATION: /usr/lib/calamares/modules/fsresizer
#13 10.61    CONFIGURATION_FILES: fsresizer.conf => share/calamares/modules
#13 10.61 
#13 10.61 -- Config fstab.conf
#13 10.61 -- Non-Config fstab.schema.yaml
#13 10.61 -- Non-Config main.py
#13 10.61 -- Non-Config module.desc
#13 10.61 -- Non-Config test.yaml
#13 10.61 -- Non-Config test2.yaml
#13 10.61 -- Found Calamares module: fstab
#13 10.61    TYPE: jobmodule
#13 10.61    MODULE_DESTINATION: /usr/lib/calamares/modules/fstab
#13 10.61    CONFIGURATION_FILES: fstab.conf => [Build directory and share/calamares/modules]
#13 10.61 
#13 10.61 -- Config grubcfg.conf
#13 10.61 -- Non-Config grubcfg.schema.yaml
#13 10.61 -- Non-Config main.py
#13 10.61 -- Non-Config module.desc
#13 10.61 -- Found Calamares module: grubcfg
#13 10.61    TYPE: jobmodule
#13 10.61    MODULE_DESTINATION: /usr/lib/calamares/modules/grubcfg
#13 10.61    CONFIGURATION_FILES: grubcfg.conf => [Build directory and share/calamares/modules]
#13 10.61 
#13 10.61 -- Found Calamares module: hostinfo
#13 10.61    TYPE: job
#13 10.61    LINK_LIBRARIES: 
#13 10.61    LINK_PRIVATE_LIBRARIES: 
#13 10.61    PLUGIN_DESTINATION: /usr/lib/calamares/modules/hostinfo
#13 10.61 
#13 10.61 -- Non-Config main.py
#13 10.61 -- Non-Config module.desc
#13 10.61 -- Found Calamares module: hwclock
#13 10.61    TYPE: jobmodule
#13 10.61    MODULE_DESTINATION: /usr/lib/calamares/modules/hwclock
#13 10.61 
#13 10.61 -- Found Calamares module: initcpio
#13 10.61    TYPE: job
#13 10.61    LINK_LIBRARIES: 
#13 10.61    LINK_PRIVATE_LIBRARIES: 
#13 10.61    PLUGIN_DESTINATION: /usr/lib/calamares/modules/initcpio
#13 10.61    CONFIGURATION_FILES: initcpio.conf => share/calamares/modules
#13 10.61 
#13 10.61 -- Config initcpiocfg.conf
#13 10.62 -- Non-Config initcpiocfg.schema.yaml
#13 10.62 -- Non-Config main.py
#13 10.62 -- Non-Config module.desc
#13 10.62 -- Non-Config test.yaml
#13 10.62 -- Found Calamares module: initcpiocfg
#13 10.62    TYPE: jobmodule
#13 10.62    MODULE_DESTINATION: /usr/lib/calamares/modules/initcpiocfg
#13 10.62    CONFIGURATION_FILES: initcpiocfg.conf => [Build directory and share/calamares/modules]
#13 10.62 
#13 10.62 -- Skipping module initramfs (user request).
#13 10.62 
#13 10.62 -- Skipping module initramfscfg (user request).
#13 10.62 
#13 10.62 -- Skipping module interactiveterminal (user request).
#13 10.62 
#13 10.62 -- Found Calamares module: keyboard
#13 10.62    TYPE: viewmodule
#13 10.62    LINK_LIBRARIES: Qt6::DBus
#13 10.62    LINK_PRIVATE_LIBRARIES: 
#13 10.62    PLUGIN_DESTINATION: /usr/lib/calamares/modules/keyboard
#13 10.62    CONFIGURATION_FILES: keyboard.conf => share/calamares/modules
#13 10.62    RESOURCES: keyboard.qrc
#13 10.62 
#13 10.62 -- Found Calamares module: keyboardq
#13 10.62    TYPE: viewmodule
#13 10.62    LINK_LIBRARIES: Qt6::DBus
#13 10.62    LINK_PRIVATE_LIBRARIES: 
#13 10.62    PLUGIN_DESTINATION: /usr/lib/calamares/modules/keyboardq
#13 10.62    CONFIGURATION_FILES: keyboardq.conf => share/calamares/modules
#13 10.62    RESOURCES: keyboardq-qt6.qrc
#13 10.62 
#13 10.62 -- Found Calamares module: license
#13 10.62    TYPE: viewmodule
#13 10.62    LINK_LIBRARIES: 
#13 10.62    LINK_PRIVATE_LIBRARIES: 
#13 10.62    PLUGIN_DESTINATION: /usr/lib/calamares/modules/license
#13 10.62    CONFIGURATION_FILES: license.conf => share/calamares/modules
#13 10.62 
#13 10.62 -- Found Calamares module: locale
#13 10.62    TYPE: viewmodule
#13 10.62    LINK_LIBRARIES: 
#13 10.62    LINK_PRIVATE_LIBRARIES: Qt6::Network;yamlcpp::yamlcpp
#13 10.62    PLUGIN_DESTINATION: /usr/lib/calamares/modules/locale
#13 10.62    CONFIGURATION_FILES: locale.conf => share/calamares/modules
#13 10.62    RESOURCES: locale.qrc
#13 10.62 
#13 10.62 -- Non-Config main.py
#13 10.62 -- Non-Config module.desc
#13 10.62 -- Found Calamares module: localecfg
#13 10.62    TYPE: jobmodule
#13 10.62    MODULE_DESTINATION: /usr/lib/calamares/modules/localecfg
#13 10.63 
#13 10.64 -- Could NOT find Qt6Location (missing: Qt6Location_DIR)
#13 10.66 -- Found Calamares module: localeq
#13 10.66    TYPE: viewmodule
#13 10.66    LINK_LIBRARIES: 
#13 10.66    LINK_PRIVATE_LIBRARIES: Qt6::Network
#13 10.66    PLUGIN_DESTINATION: /usr/lib/calamares/modules/localeq
#13 10.66    CONFIGURATION_FILES: localeq.conf => share/calamares/modules
#13 10.66    RESOURCES: localeq-qt6.qrc
#13 10.66 
#13 10.66 -- Found Calamares module: luksbootkeyfile
#13 10.66    TYPE: job
#13 10.66    LINK_LIBRARIES: 
#13 10.66    LINK_PRIVATE_LIBRARIES: 
#13 10.66    PLUGIN_DESTINATION: /usr/lib/calamares/modules/luksbootkeyfile
#13 10.66    CONFIGURATION_FILES: luksbootkeyfile.conf => share/calamares/modules
#13 10.66 
#13 10.66 -- Found Calamares module: luksopenswaphookcfg
#13 10.66    TYPE: job
#13 10.66    LINK_LIBRARIES: 
#13 10.66    LINK_PRIVATE_LIBRARIES: 
#13 10.66    PLUGIN_DESTINATION: /usr/lib/calamares/modules/luksopenswaphookcfg
#13 10.66    CONFIGURATION_FILES: luksopenswaphookcfg.conf => share/calamares/modules
#13 10.66 
#13 10.66 -- Found Calamares module: machineid
#13 10.66    TYPE: job
#13 10.66    LINK_LIBRARIES: 
#13 10.66    LINK_PRIVATE_LIBRARIES: 
#13 10.66    PLUGIN_DESTINATION: /usr/lib/calamares/modules/machineid
#13 10.66    CONFIGURATION_FILES: machineid.conf => share/calamares/modules
#13 10.66 
#13 10.67 -- Non-Config main.py
#13 10.67 -- Non-Config module.desc
#13 10.67 -- Found Calamares module: mkinitfs
#13 10.67    TYPE: jobmodule
#13 10.67    MODULE_DESTINATION: /usr/lib/calamares/modules/mkinitfs
#13 10.67 
#13 10.67 -- Non-Config main.py
#13 10.67 -- Non-Config module.desc
#13 10.67 -- Config mount.conf
#13 10.67 -- Found Calamares module: mount
#13 10.67    TYPE: jobmodule
#13 10.67    MODULE_DESTINATION: /usr/lib/calamares/modules/mount
#13 10.67    CONFIGURATION_FILES: mount.conf => [Build directory and share/calamares/modules]
#13 10.67 -- Non-Config mount.schema.yaml
#13 10.67 
#13 10.67 -- Found Calamares module: netinstall
#13 10.67    TYPE: viewmodule
#13 10.67    LINK_LIBRARIES: 
#13 10.67    LINK_PRIVATE_LIBRARIES: Qt6::Network
#13 10.67    PLUGIN_DESTINATION: /usr/lib/calamares/modules/netinstall
#13 10.67    CONFIGURATION_FILES: netinstall.conf => share/calamares/modules
#13 10.67 
#13 10.67 -- Non-Config main.py
#13 10.67 -- Found Calamares module: networkcfg
#13 10.67    TYPE: jobmodule
#13 10.67    MODULE_DESTINATION: /usr/lib/calamares/modules/networkcfg
#13 10.67 
#13 10.67 -- Non-Config module.desc
#13 10.67 -- Found Calamares module: notesqml
#13 10.67    TYPE: viewmodule
#13 10.67    LINK_LIBRARIES: 
#13 10.67    LINK_PRIVATE_LIBRARIES: 
#13 10.67    PLUGIN_DESTINATION: /usr/lib/calamares/modules/notesqml
#13 10.67    CONFIGURATION_FILES: notesqml.conf => share/calamares/modules
#13 10.67    RESOURCES: notesqml.qrc
#13 10.67 
#13 10.67 -- Found Calamares module: oemid
#13 10.67    TYPE: viewmodule
#13 10.67    LINK_LIBRARIES: 
#13 10.67    LINK_PRIVATE_LIBRARIES: Qt6::Widgets
#13 10.67    PLUGIN_DESTINATION: /usr/lib/calamares/modules/oemid
#13 10.67    CONFIGURATION_FILES: oemid.conf => share/calamares/modules
#13 10.67 
#13 10.67 -- Non-Config main.py
#13 10.67 -- Non-Config module.desc
#13 10.67 -- Config openrcdmcryptcfg.conf
#13 10.67 -- Found Calamares module: openrcdmcryptcfg
#13 10.67    TYPE: jobmodule
#13 10.67    MODULE_DESTINATION: /usr/lib/calamares/modules/openrcdmcryptcfg
#13 10.67    CONFIGURATION_FILES: openrcdmcryptcfg.conf => [Build directory and share/calamares/modules]
#13 10.67 
#13 10.67 -- Skipping module packagechooser (user request).
#13 10.67 
#13 10.67 -- Skipping module packagechooserq (user request).
#13 10.67 
#13 10.67 -- Non-Config main.py
#13 10.67 -- Non-Config module.desc
#13 10.67 -- Config packages.conf
#13 10.67 -- Non-Config packages.schema.yaml
#13 10.67 -- Found Calamares module: packages
#13 10.67    TYPE: jobmodule
#13 10.67    MODULE_DESTINATION: /usr/lib/calamares/modules/packages
#13 10.67    CONFIGURATION_FILES: packages.conf => [Build directory and share/calamares/modules]
#13 10.67 
#13 10.67 -- KPMcore has already been found
#13 10.69 -- Found Calamares module: partition
#13 10.69    TYPE: viewmodule
#13 10.69    LINK_LIBRARIES: 
#13 10.69    LINK_PRIVATE_LIBRARIES: calamares::kpmcore;KF6::CoreAddons
#13 10.69    PLUGIN_DESTINATION: /usr/lib/calamares/modules/partition
#13 10.69    CONFIGURATION_FILES: partition.conf => share/calamares/modules
#13 10.69 
#13 10.70 -- Found KF6Config: /usr/lib/cmake/KF6Config/KF6ConfigConfig.cmake (found version "6.30.0")
#13 10.71 -- Found KF6Package: /usr/lib/cmake/KF6Package/KF6PackageConfig.cmake (found version "6.30.0")
#13 11.42 -- Found Calamares module: plasmalnf
#13 11.42    TYPE: viewmodule
#13 11.42    LINK_LIBRARIES: 
#13 11.42    LINK_PRIVATE_LIBRARIES: KF6::Package;Plasma::Plasma
#13 11.42    PLUGIN_DESTINATION: /usr/lib/calamares/modules/plasmalnf
#13 11.42    CONFIGURATION_FILES: plasmalnf.conf => share/calamares/modules
#13 11.42    RESOURCES: page_plasmalnf.qrc
#13 11.42 
#13 11.42 -- Non-Config main.py
#13 11.42 -- Non-Config module.desc
#13 11.42 -- Config plymouthcfg.conf
#13 11.42 -- Non-Config plymouthcfg.schema.yaml
#13 11.42 -- Found Calamares module: plymouthcfg
#13 11.42    TYPE: jobmodule
#13 11.42    MODULE_DESTINATION: /usr/lib/calamares/modules/plymouthcfg
#13 11.42    CONFIGURATION_FILES: plymouthcfg.conf => [Build directory and share/calamares/modules]
#13 11.42 
#13 11.42 -- Found Calamares module: preservefiles
#13 11.42    TYPE: job
#13 11.42    LINK_LIBRARIES: 
#13 11.42    LINK_PRIVATE_LIBRARIES: 
#13 11.42    PLUGIN_DESTINATION: /usr/lib/calamares/modules/preservefiles
#13 11.42    CONFIGURATION_FILES: preservefiles.conf => share/calamares/modules
#13 11.42 
#13 11.42 -- Non-Config main.py
#13 11.42 -- Non-Config module.desc
#13 11.42 -- Found Calamares module: rawfs
#13 11.42    TYPE: jobmodule
#13 11.42    MODULE_DESTINATION: /usr/lib/calamares/modules/rawfs
#13 11.42    CONFIGURATION_FILES: rawfs.conf => [Build directory and share/calamares/modules]
#13 11.42 
#13 11.42 -- Config rawfs.conf
#13 11.42 -- Found Calamares module: removeuser
#13 11.42    TYPE: job
#13 11.42    LINK_LIBRARIES: 
#13 11.42    LINK_PRIVATE_LIBRARIES: 
#13 11.42    PLUGIN_DESTINATION: /usr/lib/calamares/modules/removeuser
#13 11.42    CONFIGURATION_FILES: removeuser.conf => share/calamares/modules
#13 11.42 
#13 11.43 -- Skipping module services-openrc (user request).
#13 11.43 
#13 11.43 -- Non-Config main.py
#13 11.43 -- Non-Config module.desc
#13 11.43 -- Config services-systemd.conf
#13 11.43 -- Non-Config services-systemd.schema.yaml
#13 11.43 -- Found Calamares module: services-systemd
#13 11.43    TYPE: jobmodule
#13 11.43    MODULE_DESTINATION: /usr/lib/calamares/modules/services-systemd
#13 11.43    CONFIGURATION_FILES: services-systemd.conf => [Build directory and share/calamares/modules]
#13 11.43 
#13 11.43 -- Found Calamares module: shellprocess
#13 11.43    TYPE: job
#13 11.43    LINK_LIBRARIES: 
#13 11.43    LINK_PRIVATE_LIBRARIES: 
#13 11.43    PLUGIN_DESTINATION: /usr/lib/calamares/modules/shellprocess
#13 11.43    CONFIGURATION_FILES: shellprocess.conf => share/calamares/modules
#13 11.43 
#13 11.43 -- Found Calamares module: summary
#13 11.43    TYPE: viewmodule
#13 11.43    LINK_LIBRARIES: 
#13 11.43    LINK_PRIVATE_LIBRARIES: 
#13 11.43    PLUGIN_DESTINATION: /usr/lib/calamares/modules/summary
#13 11.43 
#13 11.43 -- Found Calamares module: summaryq
#13 11.43    TYPE: viewmodule
#13 11.43    LINK_LIBRARIES: 
#13 11.43    LINK_PRIVATE_LIBRARIES: calamaresui
#13 11.43    PLUGIN_DESTINATION: /usr/lib/calamares/modules/summaryq
#13 11.43    RESOURCES: summaryq-qt6.qrc
#13 11.43 
#13 11.43 -- Found Calamares module: tracking
#13 11.43    TYPE: viewmodule
#13 11.43    LINK_LIBRARIES: KF6::CoreAddons
#13 11.43    LINK_PRIVATE_LIBRARIES: 
#13 11.43    PLUGIN_DESTINATION: /usr/lib/calamares/modules/tracking
#13 11.43    CONFIGURATION_FILES: tracking.conf => share/calamares/modules
#13 11.43    RESOURCES: page_trackingstep.qrc
#13 11.43 
#13 11.44 -- Found Calamares module: umount
#13 11.44    TYPE: job
#13 11.44    LINK_LIBRARIES: 
#13 11.44    LINK_PRIVATE_LIBRARIES: 
#13 11.44    PLUGIN_DESTINATION: /usr/lib/calamares/modules/umount
#13 11.44    CONFIGURATION_FILES: umount.conf => share/calamares/modules
#13 11.44 
#13 11.44 -- Non-Config main.py
#13 11.44 -- Non-Config module.desc
#13 11.44 -- Non-Config runtests.sh
#13 11.44 -- Config unpackfs.conf
#13 11.44 -- Non-Config unpackfs.schema.yaml
#13 11.44 -- Found Calamares module: unpackfs
#13 11.44    TYPE: jobmodule
#13 11.44    MODULE_DESTINATION: /usr/lib/calamares/modules/unpackfs
#13 11.44    CONFIGURATION_FILES: unpackfs.conf => [Build directory and share/calamares/modules]
#13 11.44 
#13 11.44 -- Found Calamares module: unpackfsc
#13 11.44    TYPE: job
#13 11.44    LINK_LIBRARIES: 
#13 11.44    LINK_PRIVATE_LIBRARIES: 
#13 11.44    PLUGIN_DESTINATION: /usr/lib/calamares/modules/unpackfsc
#13 11.44    CONFIGURATION_FILES: unpackfsc.conf => share/calamares/modules
#13 11.44 
#13 11.46 -- Found Crypt: /usr/lib/libcrypt.so
#13 11.46 -- Looking for crypt_gensalt
#13 11.54 -- Looking for crypt_gensalt - found
#13 11.55 -- Found PkgConfig: /usr/sbin/pkg-config (found version "3.0.7")
#13 11.64 -- Found LibPWQuality: /usr/include;/usr/include
#13 11.66 -- Found ICU: /usr/include (found version "78.3") found components: uc i18n
#13 11.66 -- Found Calamares module: users
#13 11.66    TYPE: viewmodule
#13 11.66    LINK_LIBRARIES: 
#13 11.66    LINK_PRIVATE_LIBRARIES: users_internal;crypt::crypt;KF6::CoreAddons;Qt6::DBus;crypt::crypt;/usr/lib/libpwquality.so;ICU::uc;ICU::i18n
#13 11.66    PLUGIN_DESTINATION: /usr/lib/calamares/modules/users
#13 11.66    CONFIGURATION_FILES: users.conf => share/calamares/modules
#13 11.66    RESOURCES: users.qrc
#13 11.66 
#13 11.68 -- Found Calamares module: usersq
#13 11.68    TYPE: viewmodule
#13 11.68    LINK_LIBRARIES: 
#13 11.68    LINK_PRIVATE_LIBRARIES: users_internal;/usr/lib/libcrypt.so;/usr/lib/libpwquality.so;ICU::uc;ICU::i18n;Qt6::DBus
#13 11.68    PLUGIN_DESTINATION: /usr/lib/calamares/modules/usersq
#13 11.68    CONFIGURATION_FILES: usersq.conf => share/calamares/modules
#13 11.68    RESOURCES: usersq-qt6.qrc
#13 11.68 
#13 11.70 -- Found LIBPARTED: /usr/lib/libparted.so
#13 11.70 -- Looking for ped_file_system_clobber
#13 11.79 -- Looking for ped_file_system_clobber - not found
#13 11.79 -- Looking for ped_file_system_resize
#13 11.90 -- Looking for ped_file_system_resize - not found
#13 11.90 -- Found Calamares module: welcome
#13 11.90    TYPE: viewmodule
#13 11.90    LINK_LIBRARIES: 
#13 11.90    LINK_PRIVATE_LIBRARIES: /usr/lib/libparted.so;Qt6::DBus;Qt6::Network
#13 11.90    PLUGIN_DESTINATION: /usr/lib/calamares/modules/welcome
#13 11.90    CONFIGURATION_FILES: welcome.conf => share/calamares/modules
#13 11.90    RESOURCES: welcome.qrc
#13 11.90 
#13 11.92 -- Found Calamares module: welcomeq
#13 11.92    TYPE: viewmodule
#13 11.92    LINK_LIBRARIES: 
#13 11.92    LINK_PRIVATE_LIBRARIES: /usr/lib/libparted.so;Qt6::DBus;Qt6::Network
#13 11.92    PLUGIN_DESTINATION: /usr/lib/calamares/modules/welcomeq
#13 11.92    CONFIGURATION_FILES: welcomeq.conf => share/calamares/modules
#13 11.92    RESOURCES: welcomeq-qt6.qrc
#13 11.92 
#13 11.92 -- Found Calamares module: zfs
#13 11.92    TYPE: job
#13 11.92    LINK_LIBRARIES: 
#13 11.92    LINK_PRIVATE_LIBRARIES: 
#13 11.92    PLUGIN_DESTINATION: /usr/lib/calamares/modules/zfs
#13 11.92    CONFIGURATION_FILES: zfs.conf => share/calamares/modules
#13 11.92 
#13 11.92 -- Non-Config main.py
#13 11.92 -- Non-Config module.desc
#13 11.92 -- Non-Config zfshostid.schema.yaml
#13 11.92 -- Found Calamares module: zfshostid
#13 11.92    TYPE: jobmodule
#13 11.92    MODULE_DESTINATION: /usr/lib/calamares/modules/zfshostid
#13 11.92 
#13 11.92 -- Found Calamares branding component: default
#13 11.92    TYPE: branding component
#13 11.92    BRANDING_COMPONENT_DESTINATION: share/calamares/branding/default
#13 11.92    BRANDING_TRANSLATIONS: 5 language(s)
#13 11.92 
#13 11.93 -- Found KF6CoreAddons: /usr/lib/cmake/KF6CoreAddons/KF6CoreAddonsConfig.cmake (found version "6.30.0")
#13 11.93 -- Skipped modules:
#13 11.93 --   Skipped dracut (user request).
#13 11.93 --   Skipped dracutlukscfg (user request).
#13 11.93 --   Skipped dummycpp (user request).
#13 11.93 --   Skipped dummyprocess (user request).
#13 11.93 --   Skipped dummypython (user request).
#13 11.93 --   Skipped initramfs (user request).
#13 11.93 --   Skipped initramfscfg (user request).
#13 11.93 --   Skipped interactiveterminal (user request).
#13 11.93 --   Skipped packagechooser (user request).
#13 11.93 --   Skipped packagechooserq (user request).
#13 11.93 --   Skipped services-openrc (user request).
#13 11.93 
#13 11.93 -- The following features are enabled
#13 11.93  * python, Enable Python-modules
#13 11.93  * python-pybind11, Python-modules through pybind11
#13 11.93  * Python (required version >= 3.6), Python job modules, <https://python.org>
#13 11.93    Python3 interpreter for certain tests.
#13 11.93  * Pybind11, Python using bundled pybind11
#13 11.93  * Qml, QML UI support
#13 11.93  * Polkit, Install Polkit files
#13 11.93  * KCrash, Crash dumps via KCrash
#13 11.93 
#13 11.93 -- The following features have been disabled:
#13 11.93  * yaml-schema, Validate YAML (config files) with schema. Missing dependencies for configvalidator.py.
#13 11.93  * python-boost, Python-modules through Boost::Python
#13 11.93  * ExampleDistro, Create example-distro target.
#13 11.93 
#13 11.94 -- Configuring done (3.0s)
#13 12.23 -- Generating done (0.3s)
#13 12.23 -- Build files have been written to: /tmp/calamares/src/build
#13 12.30 [1/540] Generating calamares_bn.qm
#13 12.30 Updating '/tmp/calamares/src/build/lang/calamares_bn.qm'...
#13 12.30     Generated 187 translation(s) (187 finished and 0 unfinished)
#13 12.30     Ignored 695 untranslated source text(s)
#13 12.30 [2/540] Generating calamares_ast.qm
#13 12.30 Updating '/tmp/calamares/src/build/lang/calamares_ast.qm'...
#13 12.30 Removed plural forms as the target language has less forms.
#13 12.30 If this sounds wrong, possibly the target language is not set or recognized.
#13 12.30     Generated 427 translation(s) (427 finished and 0 unfinished)
#13 12.30     Ignored 455 untranslated source text(s)
#13 12.30 [3/540] Generating calamares_ca@valencia.qm
#13 12.30 Updating '/tmp/calamares/src/build/lang/calamares_ca@valencia.qm'...
#13 12.30 Removed plural forms as the target language has less forms.
#13 12.30 If this sounds wrong, possibly the target language is not set or recognized.
#13 12.30     Generated 543 translation(s) (543 finished and 0 unfinished)
#13 12.30     Ignored 339 untranslated source text(s)
#13 12.30 [4/540] Generating calamares_as.qm
#13 12.30 Updating '/tmp/calamares/src/build/lang/calamares_as.qm'...
#13 12.30     Generated 519 translation(s) (519 finished and 0 unfinished)
#13 12.30     Ignored 363 untranslated source text(s)
#13 12.30 [5/540] Generating calamares_az.qm
#13 12.30 Updating '/tmp/calamares/src/build/lang/calamares_az.qm'...
#13 12.30     Generated 882 translation(s) (882 finished and 0 unfinished)
#13 12.31 [6/540] Generating calamares_da.qm
#13 12.31 Updating '/tmp/calamares/src/build/lang/calamares_da.qm'...
#13 12.31     Generated 556 translation(s) (556 finished and 0 unfinished)
#13 12.31     Ignored 326 untranslated source text(s)
#13 12.31 [7/540] Generating calamares_bg.qm
#13 12.31 Updating '/tmp/calamares/src/build/lang/calamares_bg.qm'...
#13 12.31     Generated 862 translation(s) (862 finished and 0 unfinished)
#13 12.31     Ignored 20 untranslated source text(s)
#13 12.31 [8/540] Generating calamares_cs_CZ.qm
#13 12.31 Updating '/tmp/calamares/src/build/lang/calamares_cs_CZ.qm'...
#13 12.31 Removed plural forms as the target language has less forms.
#13 12.31 If this sounds wrong, possibly the target language is not set or recognized.
#13 12.31     Generated 882 translation(s) (882 finished and 0 unfinished)
#13 12.32 [9/540] Generating calamares_az_AZ.qm
#13 12.32 Updating '/tmp/calamares/src/build/lang/calamares_az_AZ.qm'...
#13 12.32     Generated 675 translation(s) (675 finished and 0 unfinished)
#13 12.32     Ignored 207 untranslated source text(s)
#13 12.32 [10/540] Generating calamares_de.qm
#13 12.32 Updating '/tmp/calamares/src/build/lang/calamares_de.qm'...
#13 12.32     Generated 882 translation(s) (882 finished and 0 unfinished)
#13 12.32 [11/540] Generating calamares_ar.qm
#13 12.32 Updating '/tmp/calamares/src/build/lang/calamares_ar.qm'...
#13 12.32     Generated 882 translation(s) (882 finished and 0 unfinished)
#13 12.32 [12/540] Generating calamares_be.qm
#13 12.32 Updating '/tmp/calamares/src/build/lang/calamares_be.qm'...
#13 12.32 Removed plural forms as the target language has less forms.
#13 12.32 If this sounds wrong, possibly the target language is not set or recognized.
#13 12.32     Generated 647 translation(s) (647 finished and 0 unfinished)
#13 12.32     Ignored 235 untranslated source text(s)
#13 12.33 [13/540] Generating calamares_ca.qm
#13 12.33 Updating '/tmp/calamares/src/build/lang/calamares_ca.qm'...
#13 12.33     Generated 882 translation(s) (882 finished and 0 unfinished)
#13 12.33 [14/540] Generating calamares_en.qm
#13 12.33 Updating '/tmp/calamares/src/build/lang/calamares_en.qm'...
#13 12.33     Generated 2 translation(s) (0 finished and 2 unfinished)
#13 12.33     Ignored 880 untranslated source text(s)
#13 12.33 [15/540] Generating calamares_en_GB.qm
#13 12.33 Updating '/tmp/calamares/src/build/lang/calamares_en_GB.qm'...
#13 12.33     Generated 332 translation(s) (332 finished and 0 unfinished)
#13 12.33     Ignored 550 untranslated source text(s)
#13 12.33 [16/540] Generating calamares_eo.qm
#13 12.33 Updating '/tmp/calamares/src/build/lang/calamares_eo.qm'...
#13 12.33     Generated 96 translation(s) (96 finished and 0 unfinished)
#13 12.33     Ignored 786 untranslated source text(s)
#13 12.34 [17/540] Generating calamares_es_MX.qm
#13 12.34 Updating '/tmp/calamares/src/build/lang/calamares_es_MX.qm'...
#13 12.34 Removed plural forms as the target language has less forms.
#13 12.34 If this sounds wrong, possibly the target language is not set or recognized.
#13 12.34     Generated 393 translation(s) (393 finished and 0 unfinished)
#13 12.34     Ignored 489 untranslated source text(s)
#13 12.34 [18/540] Generating calamares_el.qm
#13 12.34 Updating '/tmp/calamares/src/build/lang/calamares_el.qm'...
#13 12.34     Generated 219 translation(s) (219 finished and 0 unfinished)
#13 12.34     Ignored 663 untranslated source text(s)
#13 12.34 [19/540] Generating calamares_es.qm
#13 12.34 Updating '/tmp/calamares/src/build/lang/calamares_es.qm'...
#13 12.34 Removed plural forms as the target language has less forms.
#13 12.34 If this sounds wrong, possibly the target language is not set or recognized.
#13 12.34     Generated 882 translation(s) (882 finished and 0 unfinished)
#13 12.34 [20/540] Generating calamares_es_AR.qm
#13 12.34 Updating '/tmp/calamares/src/build/lang/calamares_es_AR.qm'...
#13 12.34 Removed plural forms as the target language has less forms.
#13 12.34 If this sounds wrong, possibly the target language is not set or recognized.
#13 12.34     Generated 882 translation(s) (882 finished and 0 unfinished)
#13 12.35 [21/540] Generating calamares_et.qm
#13 12.35 Updating '/tmp/calamares/src/build/lang/calamares_et.qm'...
#13 12.35     Generated 434 translation(s) (434 finished and 0 unfinished)
#13 12.35     Ignored 448 untranslated source text(s)
#13 12.35 [22/540] Generating calamares_fa.qm
#13 12.35 Updating '/tmp/calamares/src/build/lang/calamares_fa.qm'...
#13 12.35 Removed plural forms as the target language has less forms.
#13 12.35 If this sounds wrong, possibly the target language is not set or recognized.
#13 12.35     Generated 623 translation(s) (623 finished and 0 unfinished)
#13 12.35     Ignored 259 untranslated source text(s)
#13 12.35 [23/540] Generating calamares_gl.qm
#13 12.35 Updating '/tmp/calamares/src/build/lang/calamares_gl.qm'...
#13 12.35     Generated 354 translation(s) (354 finished and 0 unfinished)
#13 12.35     Ignored 528 untranslated source text(s)
#13 12.36 [24/540] Generating calamares_fi_FI.qm
#13 12.36 Updating '/tmp/calamares/src/build/lang/calamares_fi_FI.qm'...
#13 12.36     Generated 882 translation(s) (882 finished and 0 unfinished)
#13 12.37 [25/540] Generating calamares_eu.qm
#13 12.37 Updating '/tmp/calamares/src/build/lang/calamares_eu.qm'...
#13 12.37     Generated 267 translation(s) (267 finished and 0 unfinished)
#13 12.37     Ignored 615 untranslated source text(s)
#13 12.37 [26/540] Generating calamares_he.qm
#13 12.37 Updating '/tmp/calamares/src/build/lang/calamares_he.qm'...
#13 12.37 Removed plural forms as the target language has less forms.
#13 12.37 If this sounds wrong, possibly the target language is not set or recognized.
#13 12.37     Generated 882 translation(s) (882 finished and 0 unfinished)
#13 12.38 [27/540] Generating calamares_fr.qm
#13 12.38 Updating '/tmp/calamares/src/build/lang/calamares_fr.qm'...
#13 12.38 Removed plural forms as the target language has less forms.
#13 12.38 If this sounds wrong, possibly the target language is not set or recognized.
#13 12.38     Generated 882 translation(s) (882 finished and 0 unfinished)
#13 12.38 [28/540] Generating calamares_hi.qm
#13 12.38 Updating '/tmp/calamares/src/build/lang/calamares_hi.qm'...
#13 12.38     Generated 640 translation(s) (640 finished and 0 unfinished)
#13 12.38     Ignored 242 untranslated source text(s)
#13 12.39 [29/540] Generating calamares_ka.qm
#13 12.39 Updating '/tmp/calamares/src/build/lang/calamares_ka.qm'...
#13 12.39     Generated 799 translation(s) (799 finished and 0 unfinished)
#13 12.39     Ignored 83 untranslated source text(s)
#13 12.39 [30/540] Generating calamares_ia.qm
#13 12.39 Updating '/tmp/calamares/src/build/lang/calamares_ia.qm'...
#13 12.39     Generated 418 translation(s) (418 finished and 0 unfinished)
#13 12.39     Ignored 464 untranslated source text(s)
#13 12.40 [31/540] Generating calamares_fur.qm
#13 12.40 Updating '/tmp/calamares/src/build/lang/calamares_fur.qm'...
#13 12.40     Generated 860 translation(s) (860 finished and 0 unfinished)
#13 12.40     Ignored 22 untranslated source text(s)
#13 12.40 [32/540] Generating calamares_hr.qm
#13 12.40 Updating '/tmp/calamares/src/build/lang/calamares_hr.qm'...
#13 12.40     Generated 863 translation(s) (863 finished and 0 unfinished)
#13 12.40     Ignored 19 untranslated source text(s)
#13 12.40 [33/540] Generating calamares_it_IT.qm
#13 12.40 Updating '/tmp/calamares/src/build/lang/calamares_it_IT.qm'...
#13 12.40 Removed plural forms as the target language has less forms.
#13 12.40 If this sounds wrong, possibly the target language is not set or recognized.
#13 12.40     Generated 799 translation(s) (799 finished and 0 unfinished)
#13 12.40     Ignored 83 untranslated source text(s)
#13 12.40 [34/540] Generating calamares_hu.qm
#13 12.40 Updating '/tmp/calamares/src/build/lang/calamares_hu.qm'...
#13 12.40 Removed plural forms as the target language has less forms.
#13 12.40 If this sounds wrong, possibly the target language is not set or recognized.
#13 12.40     Generated 882 translation(s) (882 finished and 0 unfinished)
#13 12.41 [35/540] Generating calamares_ja.qm
#13 12.41 Updating '/tmp/calamares/src/build/lang/calamares_ja.qm'...
#13 12.41     Generated 882 translation(s) (882 finished and 0 unfinished)
#13 12.42 [36/540] Generating calamares_kk.qm
#13 12.42 Updating '/tmp/calamares/src/build/lang/calamares_kk.qm'...
#13 12.42     Generated 882 translation(s) (882 finished and 0 unfinished)
#13 12.42 [37/540] Generating calamares_id.qm
#13 12.42 Updating '/tmp/calamares/src/build/lang/calamares_id.qm'...
#13 12.42     Generated 882 translation(s) (882 finished and 0 unfinished)
#13 12.43 [38/540] Generating calamares_is.qm
#13 12.43 Updating '/tmp/calamares/src/build/lang/calamares_is.qm'...
#13 12.43     Generated 880 translation(s) (880 finished and 0 unfinished)
#13 12.43     Ignored 2 untranslated source text(s)
#13 12.43 [39/540] Generating calamares_ko.qm
#13 12.43 Updating '/tmp/calamares/src/build/lang/calamares_ko.qm'...
#13 12.43     Generated 882 translation(s) (882 finished and 0 unfinished)
#13 12.43 [40/540] Generating calamares_lg.qm
#13 12.43 Updating '/tmp/calamares/src/build/lang/calamares_lg.qm'...
#13 12.43     Generated 882 translation(s) (882 finished and 0 unfinished)
#13 12.43 [41/540] Generating calamares_lt.qm
#13 12.43 Updating '/tmp/calamares/src/build/lang/calamares_lt.qm'...
#13 12.43 Removed plural forms as the target language has less forms.
#13 12.43 If this sounds wrong, possibly the target language is not set or recognized.
#13 12.43     Generated 863 translation(s) (863 finished and 0 unfinished)
#13 12.43     Ignored 19 untranslated source text(s)
#13 12.43 [42/540] Generating calamares_ml.qm
#13 12.43 Updating '/tmp/calamares/src/build/lang/calamares_ml.qm'...
#13 12.43     Generated 479 translation(s) (479 finished and 0 unfinished)
#13 12.43     Ignored 403 untranslated source text(s)
#13 12.43 [43/540] Generating calamares_mr.qm
#13 12.43 Updating '/tmp/calamares/src/build/lang/calamares_mr.qm'...
#13 12.43     Generated 62 translation(s) (62 finished and 0 unfinished)
#13 12.43     Ignored 820 untranslated source text(s)
#13 12.45 [44/540] Generating calamares_pl.qm
#13 12.45 Updating '/tmp/calamares/src/build/lang/calamares_pl.qm'...
#13 12.45 Removed plural forms as the target language has less forms.
#13 12.45 If this sounds wrong, possibly the target language is not set or recognized.
#13 12.45     Generated 882 translation(s) (882 finished and 0 unfinished)
#13 12.45 [45/540] Generating calamares_nl.qm
#13 12.45 Updating '/tmp/calamares/src/build/lang/calamares_nl.qm'...
#13 12.45     Generated 578 translation(s) (578 finished and 0 unfinished)
#13 12.45     Ignored 304 untranslated source text(s)
#13 12.45 [46/540] Generating calamares_oc.qm
#13 12.45 Updating '/tmp/calamares/src/build/lang/calamares_oc.qm'...
#13 12.45     Generated 350 translation(s) (350 finished and 0 unfinished)
#13 12.45     Ignored 532 untranslated source text(s)
#13 12.47 [47/540] Generating calamares_nb.qm
#13 12.47 Updating '/tmp/calamares/src/build/lang/calamares_nb.qm'...
#13 12.47     Generated 882 translation(s) (882 finished and 0 unfinished)
#13 12.47 [48/540] Generating calamares_pt_BR.qm
#13 12.47 Updating '/tmp/calamares/src/build/lang/calamares_pt_BR.qm'...
#13 12.47 Removed plural forms as the target language has less forms.
#13 12.47 If this sounds wrong, possibly the target language is not set or recognized.
#13 12.47     Generated 882 translation(s) (882 finished and 0 unfinished)
#13 12.47 [49/540] Generating calamares_pt_PT.qm
#13 12.47 Updating '/tmp/calamares/src/build/lang/calamares_pt_PT.qm'...
#13 12.47 Removed plural forms as the target language has less forms.
#13 12.47 If this sounds wrong, possibly the target language is not set or recognized.
#13 12.47     Generated 717 translation(s) (717 finished and 0 unfinished)
#13 12.47     Ignored 165 untranslated source text(s)
#13 12.47 [50/540] Generating calamares_ro.qm
#13 12.47 Updating '/tmp/calamares/src/build/lang/calamares_ro.qm'...
#13 12.47     Generated 460 translation(s) (460 finished and 0 unfinished)
#13 12.47     Ignored 422 untranslated source text(s)
#13 12.48 [51/540] Generating calamares_ru.qm
#13 12.48 Updating '/tmp/calamares/src/build/lang/calamares_ru.qm'...
#13 12.48 Removed plural forms as the target language has less forms.
#13 12.48 If this sounds wrong, possibly the target language is not set or recognized.
#13 12.48     Generated 882 translation(s) (882 finished and 0 unfinished)
#13 12.48 [52/540] Generating calamares_si.qm
#13 12.48 Updating '/tmp/calamares/src/build/lang/calamares_si.qm'...
#13 12.48     Generated 634 translation(s) (634 finished and 0 unfinished)
#13 12.48     Ignored 248 untranslated source text(s)
#13 12.48 [53/540] Generating calamares_sk.qm
#13 12.48 Updating '/tmp/calamares/src/build/lang/calamares_sk.qm'...
#13 12.48 Removed plural forms as the target language has less forms.
#13 12.48 If this sounds wrong, possibly the target language is not set or recognized.
#13 12.48     Generated 666 translation(s) (666 finished and 0 unfinished)
#13 12.48     Ignored 216 untranslated source text(s)
#13 12.48 [54/540] Generating calamares_sl.qm
#13 12.48 Updating '/tmp/calamares/src/build/lang/calamares_sl.qm'...
#13 12.48     Generated 102 translation(s) (102 finished and 0 unfinished)
#13 12.48     Ignored 780 untranslated source text(s)
#13 12.48 [55/540] Generating calamares_sr.qm
#13 12.48 Updating '/tmp/calamares/src/build/lang/calamares_sr.qm'...
#13 12.48     Generated 112 translation(s) (112 finished and 0 unfinished)
#13 12.48     Ignored 770 untranslated source text(s)
#13 12.48 [56/540] Generating calamares_sr@latin.qm
#13 12.48 Updating '/tmp/calamares/src/build/lang/calamares_sr@latin.qm'...
#13 12.48 Removed plural forms as the target language has less forms.
#13 12.48 If this sounds wrong, possibly the target language is not set or recognized.
#13 12.48     Generated 101 translation(s) (101 finished and 0 unfinished)
#13 12.48     Ignored 781 untranslated source text(s)
#13 12.49 [57/540] Generating calamares_sq.qm
#13 12.49 Updating '/tmp/calamares/src/build/lang/calamares_sq.qm'...
#13 12.49     Generated 880 translation(s) (880 finished and 0 unfinished)
#13 12.49     Ignored 2 untranslated source text(s)
#13 12.50 [58/540] Generating calamares_sv.qm
#13 12.50 Updating '/tmp/calamares/src/build/lang/calamares_sv.qm'...
#13 12.50     Generated 882 translation(s) (882 finished and 0 unfinished)
#13 12.51 [59/540] Generating tz_en.qm
#13 12.51 Updating '/tmp/calamares/src/build/lang/tz_en.qm'...
#13 12.51     Generated 2 translation(s) (2 finished and 0 unfinished)
#13 12.51     Ignored 433 untranslated source text(s)
#13 12.51 [60/540] Generating calamares_th.qm
#13 12.51 Updating '/tmp/calamares/src/build/lang/calamares_th.qm'...
#13 12.51     Generated 262 translation(s) (262 finished and 0 unfinished)
#13 12.51     Ignored 620 untranslated source text(s)
#13 12.51 [61/540] Generating kb_en.qm
#13 12.51 Updating '/tmp/calamares/src/build/lang/kb_en.qm'...
#13 12.51     Generated 0 translation(s) (0 finished and 0 unfinished)
#13 12.51     Ignored 768 untranslated source text(s)
#13 12.52 [62/540] Generating tz_nl.qm
#13 12.52 Updating '/tmp/calamares/src/build/lang/tz_nl.qm'...
#13 12.52     Generated 9 translation(s) (9 finished and 0 unfinished)
#13 12.52     Ignored 426 untranslated source text(s)
#13 12.53 [63/540] Generating calamares_tg.qm
#13 12.53 Updating '/tmp/calamares/src/build/lang/calamares_tg.qm'...
#13 12.53     Generated 882 translation(s) (882 finished and 0 unfinished)
#13 12.53 [64/540] Generating calamares_uk.qm
#13 12.53 Updating '/tmp/calamares/src/build/lang/calamares_uk.qm'...
#13 12.53 Removed plural forms as the target language has less forms.
#13 12.53 If this sounds wrong, possibly the target language is not set or recognized.
#13 12.53     Generated 882 translation(s) (882 finished and 0 unfinished)
#13 12.53 [65/540] Generating calamares_vi.qm
#13 12.53 Updating '/tmp/calamares/src/build/lang/calamares_vi.qm'...
#13 12.53     Generated 558 translation(s) (558 finished and 0 unfinished)
#13 12.53     Ignored 324 untranslated source text(s)
#13 12.54 [66/540] Generating kb_tg.qm
#13 12.54 Updating '/tmp/calamares/src/build/lang/kb_tg.qm'...
#13 12.54     Generated 304 translation(s) (304 finished and 0 unfinished)
#13 12.54     Ignored 464 untranslated source text(s)
#13 12.54 [67/540] Generating calamares_tr_TR.qm
#13 12.54 Updating '/tmp/calamares/src/build/lang/calamares_tr_TR.qm'...
#13 12.54 Removed plural forms as the target language has less forms.
#13 12.54 If this sounds wrong, possibly the target language is not set or recognized.
#13 12.54     Generated 882 translation(s) (882 finished and 0 unfinished)
#13 12.54 [68/540] Generating calamares_uz.qm
#13 12.54 Updating '/tmp/calamares/src/build/lang/calamares_uz.qm'...
#13 12.54     Generated 816 translation(s) (816 finished and 0 unfinished)
#13 12.54     Ignored 66 untranslated source text(s)
#13 12.54 [69/540] Generating calamares_zh_TW.qm
#13 12.54 Updating '/tmp/calamares/src/build/lang/calamares_zh_TW.qm'...
#13 12.54     Generated 882 translation(s) (882 finished and 0 unfinished)
#13 12.54 [70/540] Generating tz_ru.qm
#13 12.54 Updating '/tmp/calamares/src/build/lang/tz_ru.qm'...
#13 12.54     Generated 435 translation(s) (435 finished and 0 unfinished)
#13 12.54 [71/540] Generating tz_sv.qm
#13 12.55 Updating '/tmp/calamares/src/build/lang/tz_sv.qm'...
#13 12.55     Generated 12 translation(s) (12 finished and 0 unfinished)
#13 12.55 [72/540] Generating tz_tg.qm
#13 12.55 Updating '/tmp/calamares/src/build/lang/tz_tg.qm'...
#13 12.55     Generated 435 translation(s) (435 finished and 0 unfinished)
#13 12.55 [73/540] Generating tz_uk.qm
#13 12.55 Updating '/tmp/calamares/src/build/lang/tz_uk.qm'...
#13 12.55     Generated 2 translation(s) (2 finished and 0 unfinished)
#13 12.55     Ignored 433 untranslated source text(s)
#13 12.55 [74/540] Generating calamares_zh_CN.qm
#13 12.55 Updating '/tmp/calamares/src/build/lang/calamares_zh_CN.qm'...
#13 12.55     Generated 882 translation(s) (882 finished and 0 unfinished)
#13 12.56 [75/540] Generating ar/LC_MESSAGES/calamares-python.mo
#13 12.56 [76/540] Generating calamares-default_en.qm
#13 12.56 Updating '/tmp/calamares/src/build/src/branding/calamares-default_en.qm'...
#13 12.56     Generated 0 translation(s) (0 finished and 0 unfinished)
#13 12.56     Ignored 2 untranslated source text(s)
#13 12.56 [77/540] Generating calamares-default_ar.qm
#13 12.56 Updating '/tmp/calamares/src/build/src/branding/calamares-default_ar.qm'...
#13 12.56     Generated 2 translation(s) (2 finished and 0 unfinished)
#13 12.57 [78/540] Generating calamares-default_fr.qm
#13 12.57 Updating '/tmp/calamares/src/build/src/branding/calamares-default_fr.qm'...
#13 12.57     Generated 2 translation(s) (2 finished and 0 unfinished)
#13 12.57 [79/540] Generating calamares-default_nl.qm
#13 12.57 Updating '/tmp/calamares/src/build/src/branding/calamares-default_nl.qm'...
#13 12.57     Generated 2 translation(s) (2 finished and 0 unfinished)
#13 12.57 [80/540] Generating ast/LC_MESSAGES/calamares-python.mo
#13 12.57 [81/540] Generating calamares-default_eo.qm
#13 12.57 Updating '/tmp/calamares/src/build/src/branding/calamares-default_eo.qm'...
#13 12.57     Generated 2 translation(s) (2 finished and 0 unfinished)
#13 12.57 [82/540] Generating as/LC_MESSAGES/calamares-python.mo
#13 12.57 [83/540] Generating az/LC_MESSAGES/calamares-python.mo
#13 12.58 [84/540] Generating be/LC_MESSAGES/calamares-python.mo
#13 12.58 [85/540] Generating tz_vi.qm
#13 12.58 Updating '/tmp/calamares/src/build/lang/tz_vi.qm'...
#13 12.58     Generated 435 translation(s) (14 finished and 421 unfinished)
#13 12.59 [86/540] Generating az_AZ/LC_MESSAGES/calamares-python.mo
#13 12.59 [87/540] Generating bg/LC_MESSAGES/calamares-python.mo
#13 12.59 [88/540] Generating ca/LC_MESSAGES/calamares-python.mo
#13 12.59 [89/540] Generating bn/LC_MESSAGES/calamares-python.mo
#13 12.60 [90/540] Generating da/LC_MESSAGES/calamares-python.mo
#13 12.60 [91/540] Generating el/LC_MESSAGES/calamares-python.mo
#13 12.60 [92/540] Generating ca@valencia/LC_MESSAGES/calamares-python.mo
#13 12.60 [93/540] Generating cs_CZ/LC_MESSAGES/calamares-python.mo
#13 12.60 [94/540] Generating de/LC_MESSAGES/calamares-python.mo
#13 12.60 [95/540] Generating en_GB/LC_MESSAGES/calamares-python.mo
#13 12.61 [96/540] Generating es/LC_MESSAGES/calamares-python.mo
#13 12.61 [97/540] Generating es_AR/LC_MESSAGES/calamares-python.mo
#13 12.62 [98/540] Generating fa/LC_MESSAGES/calamares-python.mo
#13 12.62 [99/540] Generating eo/LC_MESSAGES/calamares-python.mo
#13 12.62 [100/540] Generating es_MX/LC_MESSAGES/calamares-python.mo
#13 12.63 [101/540] Generating et/LC_MESSAGES/calamares-python.mo
#13 12.63 [102/540] Generating eu/LC_MESSAGES/calamares-python.mo
#13 12.63 [103/540] Generating fi_FI/LC_MESSAGES/calamares-python.mo
#13 12.63 [104/540] Generating fur/LC_MESSAGES/calamares-python.mo
#13 12.64 [105/540] Generating fr/LC_MESSAGES/calamares-python.mo
#13 12.64 [106/540] Generating gl/LC_MESSAGES/calamares-python.mo
#13 12.64 [107/540] Generating hi/LC_MESSAGES/calamares-python.mo
#13 12.64 [108/540] Generating hr/LC_MESSAGES/calamares-python.mo
#13 12.65 [109/540] Generating he/LC_MESSAGES/calamares-python.mo
#13 12.65 [110/540] Generating id/LC_MESSAGES/calamares-python.mo
#13 12.66 [111/540] Generating ia/LC_MESSAGES/calamares-python.mo
#13 12.66 [112/540] Generating is/LC_MESSAGES/calamares-python.mo
#13 12.66 [113/540] Generating hu/LC_MESSAGES/calamares-python.mo
#13 12.67 [114/540] Generating ja/LC_MESSAGES/calamares-python.mo
#13 12.67 [115/540] Generating ka/LC_MESSAGES/calamares-python.mo
#13 12.67 [116/540] Generating it_IT/LC_MESSAGES/calamares-python.mo
#13 12.67 [117/540] Generating kk/LC_MESSAGES/calamares-python.mo
#13 12.67 [118/540] Generating ko/LC_MESSAGES/calamares-python.mo
#13 12.69 [119/540] Generating lg/LC_MESSAGES/calamares-python.mo
#13 12.69 [120/540] Generating pt_BR/LC_MESSAGES/calamares-python.mo
#13 12.69 [121/540] Generating lt/LC_MESSAGES/calamares-python.mo
#13 12.70 [122/540] Generating nb/LC_MESSAGES/calamares-python.mo
#13 12.71 [123/540] Generating nl/LC_MESSAGES/calamares-python.mo
#13 12.71 [124/540] Generating pl/LC_MESSAGES/calamares-python.mo
#13 12.71 [125/540] Generating mr/LC_MESSAGES/calamares-python.mo
#13 12.71 [126/540] Generating oc/LC_MESSAGES/calamares-python.mo
#13 12.71 [127/540] Generating pt_PT/LC_MESSAGES/calamares-python.mo
#13 12.71 [128/540] Generating ml/LC_MESSAGES/calamares-python.mo
#13 12.71 [129/540] Generating ru/LC_MESSAGES/calamares-python.mo
#13 12.71 [130/540] Generating ro/LC_MESSAGES/calamares-python.mo
#13 12.72 [131/540] Generating si/LC_MESSAGES/calamares-python.mo
#13 12.72 [132/540] Generating sk/LC_MESSAGES/calamares-python.mo
#13 12.72 [133/540] Generating sl/LC_MESSAGES/calamares-python.mo
#13 12.73 [134/540] Generating sq/LC_MESSAGES/calamares-python.mo
#13 12.73 [135/540] Generating sr/LC_MESSAGES/calamares-python.mo
#13 12.74 [136/540] Generating tg/LC_MESSAGES/calamares-python.mo
#13 12.74 [137/540] Generating sr@latin/LC_MESSAGES/calamares-python.mo
#13 12.74 [138/540] Generating sv/LC_MESSAGES/calamares-python.mo
#13 12.74 [139/540] Generating th/LC_MESSAGES/calamares-python.mo
#13 12.74 [140/540] Generating tr_TR/LC_MESSAGES/calamares-python.mo
#13 12.75 [141/540] Generating uz/LC_MESSAGES/calamares-python.mo
#13 12.75 [142/540] Generating uk/LC_MESSAGES/calamares-python.mo
#13 12.76 [143/540] Generating zh_TW/LC_MESSAGES/calamares-python.mo
#13 12.76 [144/540] Generating vi/LC_MESSAGES/calamares-python.mo
#13 12.76 [145/540] Generating zh_CN/LC_MESSAGES/calamares-python.mo
#13 12.79 [146/540] cd /tmp/calamares/src/build/src/branding && /usr/sbin/cmake -E make_directory /tmp/calamares/src/build/src/branding/default/lang/ && /usr/sbin/cmake -E copy /tmp/calamares/src/build/src/branding/calamares-default_ar.qm /tmp/calamares/src/build/src/branding/calamares-default_en.qm /tmp/calamares/src/build/src/branding/calamares-default_eo.qm /tmp/calamares/src/build/src/branding/calamares-default_fr.qm /tmp/calamares/src/build/src/branding/calamares-default_nl.qm /tmp/calamares/src/build/src/branding/default/lang/
#13 12.92 [147/540] Automatic MOC for target kdsingleapplication
#13 13.22 [148/540] Automatic MOC for target calamares
#13 15.17 [149/540] Building CXX object 3rdparty/kdsingleapplication/CMakeFiles/kdsingleapplication.dir/kdsingleapplication.cpp.o
#13 15.20 [150/540] Building CXX object 3rdparty/kdsingleapplication/CMakeFiles/kdsingleapplication.dir/kdsingleapplication_autogen/mocs_compilation.cpp.o
#13 15.26 [151/540] Building CXX object src/libcalamares/CMakeFiles/calamares.dir/Job.cpp.o
#13 15.38 [152/540] Building CXX object src/libcalamares/CMakeFiles/calamares.dir/JobExample.cpp.o
#13 15.41 [153/540] Building CXX object lang/CMakeFiles/txload.dir/txload.cpp.o
#13 15.86 [154/540] Building CXX object src/libcalamares/CMakeFiles/calamares.dir/CppJob.cpp.o
#13 15.92 [155/540] Building CXX object src/libcalamares/CMakeFiles/calamares.dir/CalamaresAbout.cpp.o
#13 16.35 [156/540] Building CXX object src/libcalamares/CMakeFiles/calamares.dir/ProcessJob.cpp.o
#13 16.60 [157/540] Building CXX object 3rdparty/kdsingleapplication/CMakeFiles/kdsingleapplication.dir/kdsingleapplication_localsocket.cpp.o
#13 17.12 [158/540] Generating qrc_calamares-i18n.cxx
#13 17.28 [159/540] Building CXX object src/libcalamares/CMakeFiles/calamares.dir/JobQueue.cpp.o
#13 17.44 [160/540] Building CXX object src/libcalamares/CMakeFiles/calamares.dir/Settings.cpp.o
#13 17.54 [161/540] Building CXX object src/libcalamares/CMakeFiles/calamares.dir/GlobalStorage.cpp.o
#13 17.76 [162/540] Building CXX object src/libcalamares/CMakeFiles/calamares.dir/geoip/GeoIPFixed.cpp.o
#13 17.81 [163/540] Building CXX object src/libcalamares/CMakeFiles/calamares.dir/geoip/Interface.cpp.o
#13 18.02 [164/540] Building CXX object src/libcalamares/CMakeFiles/calamares.dir/locale/Global.cpp.o
#13 18.15 [165/540] Building CXX object src/libcalamares/CMakeFiles/calamares.dir/locale/TranslatableString.cpp.o
#13 18.44 [166/540] Building CXX object src/libcalamares/CMakeFiles/calamares.dir/calamares_autogen/mocs_compilation.cpp.o
#13 18.51 [167/540] Building CXX object src/libcalamares/CMakeFiles/calamares.dir/geoip/Handler.cpp.o
#13 18.67 [168/540] Building CXX object src/libcalamares/CMakeFiles/calamares.dir/locale/Lookup.cpp.o
#13 18.73 [169/540] Building CXX object src/libcalamares/CMakeFiles/calamares.dir/geoip/GeoIPJSON.cpp.o
#13 19.55 [170/540] Building CXX object src/libcalamares/CMakeFiles/calamares.dir/locale/TranslatableConfiguration.cpp.o
#13 19.95 [171/540] Building CXX object src/libcalamares/CMakeFiles/calamares.dir/locale/TimeZone.cpp.o
#13 19.95 /tmp/calamares/src/calamares-3.4.2/src/libcalamares/locale/TimeZone.cpp: In member function ‘void Calamares::Locale::RegionalZonesModel::setRegion(const QString&)’:
#13 19.95 /tmp/calamares/src/calamares-3.4.2/src/libcalamares/locale/TimeZone.cpp:474:25: warning: ‘void QSortFilterProxyModel::invalidateFilter()’ is deprecated: Use begin/endFilterChange() instead [-Wdeprecated-declarations]
#13 19.95   474 |         invalidateFilter();
#13 19.95       |         ~~~~~~~~~~~~~~~~^~
#13 19.95 In file included from /usr/include/qt6/QtCore/QSortFilterProxyModel:1,
#13 19.95                  from /tmp/calamares/src/calamares-3.4.2/src/libcalamares/locale/TimeZone.h:31,
#13 19.95                  from /tmp/calamares/src/calamares-3.4.2/src/libcalamares/locale/TimeZone.cpp:11:
#13 19.95 /usr/include/qt6/QtCore/qsortfilterproxymodel.h:128:10: note: declared here
#13 19.95   128 |     void invalidateFilter();
#13 19.95       |          ^~~~~~~~~~~~~~~~
#13 19.98 [172/540] Building CXX object src/libcalamares/CMakeFiles/calamares.dir/locale/Translation.cpp.o
#13 20.17 [173/540] Building CXX object src/libcalamares/CMakeFiles/calamares.dir/modulesystem/InstanceKey.cpp.o
#13 20.35 [174/540] Building CXX object src/libcalamares/CMakeFiles/calamares.dir/locale/TranslationsModel.cpp.o
#13 20.42 [175/540] Building CXX object src/libcalamares/CMakeFiles/calamares.dir/modulesystem/Config.cpp.o
#13 20.48 [176/540] Building CXX object src/libcalamares/CMakeFiles/calamares.dir/modulesystem/Descriptor.cpp.o
#13 20.71 [177/540] Building CXX object src/libcalamares/CMakeFiles/calamares.dir/modulesystem/Preset.cpp.o
#13 21.61 [178/540] Building CXX object src/libcalamares/CMakeFiles/calamares.dir/partition/Global.cpp.o
#13 21.70 [179/540] Building CXX object src/libcalamares/CMakeFiles/calamares.dir/modulesystem/RequirementsModel.cpp.o
#13 21.71 [180/540] Building CXX object src/libcalamares/CMakeFiles/calamares.dir/network/Manager.cpp.o
#13 21.99 [181/540] Building CXX object src/libcalamares/CMakeFiles/calamares.dir/modulesystem/Module.cpp.o
#13 22.03 [182/540] Building CXX object src/libcalamares/CMakeFiles/calamares.dir/packages/Globals.cpp.o
#13 22.24 [183/540] Building CXX object src/libcalamares/CMakeFiles/calamares.dir/partition/Mount.cpp.o
#13 22.96 [184/540] Building CXX object src/libcalamares/CMakeFiles/calamares.dir/partition/PartitionSize.cpp.o
#13 23.03 [185/540] Building CXX object src/libcalamares/CMakeFiles/calamares.dir/utils/UMask.cpp.o
#13 23.11 [186/540] Building CXX object src/libcalamares/CMakeFiles/calamares.dir/partition/Sync.cpp.o
#13 23.26 [187/540] Building CXX object src/libcalamares/CMakeFiles/calamares.dir/utils/Permissions.cpp.o
#13 23.31 [188/540] Building CXX object src/libcalamares/CMakeFiles/calamares.dir/utils/Entropy.cpp.o
#13 23.48 [189/540] Building CXX object src/libcalamares/CMakeFiles/calamares.dir/utils/Dirs.cpp.o
#13 23.78 [190/540] Building CXX object src/libcalamares/CMakeFiles/calamares.dir/utils/PluginFactory.cpp.o
#13 23.91 [191/540] Building CXX object src/libcalamares/CMakeFiles/calamares.dir/modulesystem/RequirementsChecker.cpp.o
#13 24.16 [192/540] Building CXX object src/libcalamares/CMakeFiles/calamares.dir/utils/Logger.cpp.o
#13 24.16 /tmp/calamares/src/calamares-3.4.2/src/libcalamares/utils/Logger.cpp: In function ‘void Logger::setupLogfile()’:
#13 24.16 /tmp/calamares/src/calamares-3.4.2/src/libcalamares/utils/Logger.cpp:169:19: warning: ignoring return value of ‘virtual bool QFile::open(QIODeviceBase::OpenMode)’, declared with attribute ‘nodiscard’ [-Wunused-result]
#13 24.16   169 |             f.open( QIODevice::ReadOnly | QIODevice::Text );
#13 24.16       |             ~~~~~~^~~~~~~~~~~~~~~~~~~~~~~~~~~~~~~~~~~~~~~~~
#13 24.16 In file included from /usr/include/qt6/QtCore/qdir.h:11,
#13 24.16                  from /usr/include/qt6/QtCore/QDir:1,
#13 24.16                  from /tmp/calamares/src/calamares-3.4.2/src/libcalamares/utils/Dirs.h:22,
#13 24.16                  from /tmp/calamares/src/calamares-3.4.2/src/libcalamares/utils/Logger.cpp:19:
#13 24.16 /usr/include/qt6/QtCore/qfile.h:264:32: note: declared here
#13 24.16   264 |     QFILE_MAYBE_NODISCARD bool open(OpenMode flags) override;
#13 24.16       |                                ^~~~
#13 24.16 /tmp/calamares/src/calamares-3.4.2/src/libcalamares/utils/Logger.cpp:178:19: warning: ignoring return value of ‘virtual bool QFile::open(QIODeviceBase::OpenMode)’, declared with attribute ‘nodiscard’ [-Wunused-result]
#13 24.16   178 |             f.open( QIODevice::WriteOnly | QIODevice::Text );
#13 24.16       |             ~~~~~~^~~~~~~~~~~~~~~~~~~~~~~~~~~~~~~~~~~~~~~~~~
#13 24.16 /usr/include/qt6/QtCore/qfile.h:264:32: note: declared here
#13 24.16   264 |     QFILE_MAYBE_NODISCARD bool open(OpenMode flags) override;
#13 24.16       |                                ^~~~
#13 24.53 [193/540] Building CXX object src/libcalamares/CMakeFiles/calamares.dir/utils/CommandList.cpp.o
#13 25.30 [194/540] Building CXX object src/libcalamares/CMakeFiles/calamares.dir/utils/String.cpp.o
#13 25.52 [195/540] Building CXX object src/libcalamares/CMakeFiles/calamares.dir/utils/Retranslator.cpp.o
#13 25.88 [196/540] Building CXX object src/libcalamares/CMakeFiles/calamares.dir/utils/Variant.cpp.o
#13 25.91 [197/540] Building CXX object src/libcalamares/CMakeFiles/calamares.dir/utils/StringExpander.cpp.o
#13 26.19 [198/540] Building CXX object src/libcalamares/CMakeFiles/calamares.dir/utils/Runner.cpp.o
#13 26.29 [199/540] Building CXX object src/libcalamares/CMakeFiles/calamares.dir/utils/System.cpp.o
#13 26.43 [200/540] Linking CXX static library libkdsingleapplication.a
#13 26.59 [201/540] Building CXX object lang/CMakeFiles/calamares-i18n.dir/qrc_calamares-i18n.cxx.o
#13 27.32 [202/540] Linking CXX executable lang/txload
#13 27.63 [203/540] Building CXX object src/libcalamares/CMakeFiles/calamares.dir/partition/FileSystem.cpp.o
#13 27.77 [204/540] Building CXX object src/libcalamares/CMakeFiles/calamares.dir/geoip/GeoIPXML.cpp.o
#13 28.02 [205/540] Building CXX object src/libcalamares/CMakeFiles/calamares.dir/partition/PartitionIterator.cpp.o
#13 28.24 [206/540] Building CXX object src/libcalamares/CMakeFiles/calamares.dir/utils/Yaml.cpp.o
#13 28.46 [207/540] Building CXX object src/libcalamares/CMakeFiles/calamares.dir/partition/KPMManager.cpp.o
#13 28.74 [208/540] Building CXX object src/libcalamares/CMakeFiles/calamares.dir/partition/PartitionQuery.cpp.o
#13 28.95 [209/540] Building CXX object src/libcalamares/CMakeFiles/test_automount.dir/partition/calautomount.cpp.o
#13 29.25 [210/540] Building CXX object src/libcalamares/CMakeFiles/calamares.dir/python/Variant.cpp.o
#13 29.25 In file included from /tmp/calamares/src/calamares-3.4.2/3rdparty/pybind11/include/pybind11/detail/../cast.h:15,
#13 29.25                  from /tmp/calamares/src/calamares-3.4.2/3rdparty/pybind11/include/pybind11/detail/../attr.h:14,
#13 29.25                  from /tmp/calamares/src/calamares-3.4.2/3rdparty/pybind11/include/pybind11/detail/class.h:12,
#13 29.25                  from /tmp/calamares/src/calamares-3.4.2/3rdparty/pybind11/include/pybind11/pybind11.h:13,
#13 29.25                  from /tmp/calamares/src/calamares-3.4.2/src/libcalamares/pybind11/PythonTypes.h:30,
#13 29.25                  from /tmp/calamares/src/calamares-3.4.2/src/libcalamares/python/Variant.h:22,
#13 29.25                  from /tmp/calamares/src/calamares-3.4.2/src/libcalamares/python/Variant.cpp:11:
#13 29.25 /tmp/calamares/src/calamares-3.4.2/3rdparty/pybind11/include/pybind11/detail/../detail/type_caster_base.h: In function ‘PyThreadState* pybind11::detail::get_thread_state_unchecked()’:
#13 29.25 /tmp/calamares/src/calamares-3.4.2/3rdparty/pybind11/include/pybind11/detail/../detail/type_caster_base.h:490:39: warning: ‘PyThreadState* _PyThreadState_UncheckedGet()’ is deprecated [-Wdeprecated-declarations]
#13 29.25   490 |     return _PyThreadState_UncheckedGet();
#13 29.25       |            ~~~~~~~~~~~~~~~~~~~~~~~~~~~^~
#13 29.25 In file included from /usr/include/python3.14/pystate.h:125,
#13 29.25                  from /usr/include/python3.14/Python.h:119,
#13 29.25                  from /tmp/calamares/src/calamares-3.4.2/3rdparty/pybind11/include/pybind11/detail/../detail/common.h:266,
#13 29.25                  from /tmp/calamares/src/calamares-3.4.2/3rdparty/pybind11/include/pybind11/detail/../attr.h:13:
#13 29.25 /usr/include/python3.14/cpython/pystate.h:223:1: note: declared here
#13 29.25   223 | _PyThreadState_UncheckedGet(void)
#13 29.25       | ^~~~~~~~~~~~~~~~~~~~~~~~~~~
#13 29.25 In file included from /tmp/calamares/src/calamares-3.4.2/3rdparty/pybind11/include/pybind11/embed.h:13,
#13 29.25                  from /tmp/calamares/src/calamares-3.4.2/src/libcalamares/pybind11/PythonTypes.h:32:
#13 29.25 /tmp/calamares/src/calamares-3.4.2/3rdparty/pybind11/include/pybind11/eval.h: In function ‘pybind11::object pybind11::eval_file(str, object, object)’:
#13 29.25 /tmp/calamares/src/calamares-3.4.2/3rdparty/pybind11/include/pybind11/eval.h:136:28: warning: ‘FILE* _Py_fopen_obj(PyObject*, const char*)’ is deprecated [-Wdeprecated-declarations]
#13 29.25   136 |     FILE *f = _Py_fopen_obj(fname.ptr(), "r");
#13 29.25       |               ~~~~~~~~~~~~~^~~~~~~~~~~~~~~~~~
#13 29.25 In file included from /usr/include/python3.14/fileutils.h:55,
#13 29.25                  from /usr/include/python3.14/Python.h:146:
#13 29.25 /usr/include/python3.14/cpython/fileutils.h:11:1: note: declared here
#13 29.25    11 | _Py_fopen_obj(PyObject *path, const char *mode)
#13 29.25       | ^~~~~~~~~~~~~
#13 29.56 [211/540] Building CXX object src/libcalamares/CMakeFiles/calamares.dir/partition/AutoMount.cpp.o
#13 29.64 [212/540] Building CXX object src/libcalamares/CMakeFiles/calamares.dir/python/Api.cpp.o
#13 29.64 In file included from /tmp/calamares/src/calamares-3.4.2/3rdparty/pybind11/include/pybind11/detail/../cast.h:15,
#13 29.64                  from /tmp/calamares/src/calamares-3.4.2/3rdparty/pybind11/include/pybind11/detail/../attr.h:14,
#13 29.64                  from /tmp/calamares/src/calamares-3.4.2/3rdparty/pybind11/include/pybind11/detail/class.h:12,
#13 29.64                  from /tmp/calamares/src/calamares-3.4.2/3rdparty/pybind11/include/pybind11/pybind11.h:13,
#13 29.64                  from /tmp/calamares/src/calamares-3.4.2/src/libcalamares/pybind11/PythonTypes.h:30,
#13 29.64                  from /tmp/calamares/src/calamares-3.4.2/src/libcalamares/python/Api.h:20,
#13 29.64                  from /tmp/calamares/src/calamares-3.4.2/src/libcalamares/python/Api.cpp:10:
#13 29.64 /tmp/calamares/src/calamares-3.4.2/3rdparty/pybind11/include/pybind11/detail/../detail/type_caster_base.h: In function ‘PyThreadState* pybind11::detail::get_thread_state_unchecked()’:
#13 29.64 /tmp/calamares/src/calamares-3.4.2/3rdparty/pybind11/include/pybind11/detail/../detail/type_caster_base.h:490:39: warning: ‘PyThreadState* _PyThreadState_UncheckedGet()’ is deprecated [-Wdeprecated-declarations]
#13 29.64   490 |     return _PyThreadState_UncheckedGet();
#13 29.64       |            ~~~~~~~~~~~~~~~~~~~~~~~~~~~^~
#13 29.64 In file included from /usr/include/python3.14/pystate.h:125,
#13 29.64                  from /usr/include/python3.14/Python.h:119,
#13 29.64                  from /tmp/calamares/src/calamares-3.4.2/3rdparty/pybind11/include/pybind11/detail/../detail/common.h:266,
#13 29.64                  from /tmp/calamares/src/calamares-3.4.2/3rdparty/pybind11/include/pybind11/detail/../attr.h:13:
#13 29.64 /usr/include/python3.14/cpython/pystate.h:223:1: note: declared here
#13 29.64   223 | _PyThreadState_UncheckedGet(void)
#13 29.64       | ^~~~~~~~~~~~~~~~~~~~~~~~~~~
#13 29.64 In file included from /tmp/calamares/src/calamares-3.4.2/3rdparty/pybind11/include/pybind11/embed.h:13,
#13 29.64                  from /tmp/calamares/src/calamares-3.4.2/src/libcalamares/pybind11/PythonTypes.h:32:
#13 29.64 /tmp/calamares/src/calamares-3.4.2/3rdparty/pybind11/include/pybind11/eval.h: In function ‘pybind11::object pybind11::eval_file(str, object, object)’:
#13 29.64 /tmp/calamares/src/calamares-3.4.2/3rdparty/pybind11/include/pybind11/eval.h:136:28: warning: ‘FILE* _Py_fopen_obj(PyObject*, const char*)’ is deprecated [-Wdeprecated-declarations]
#13 29.64   136 |     FILE *f = _Py_fopen_obj(fname.ptr(), "r");
#13 29.64       |               ~~~~~~~~~~~~~^~~~~~~~~~~~~~~~~~
#13 29.64 In file included from /usr/include/python3.14/fileutils.h:55,
#13 29.64                  from /usr/include/python3.14/Python.h:146:
#13 29.64 /usr/include/python3.14/cpython/fileutils.h:11:1: note: declared here
#13 29.64    11 | _Py_fopen_obj(PyObject *path, const char *mode)
#13 29.64       | ^~~~~~~~~~~~~
#13 30.22 [213/540] Building CXX object src/libcalamares/CMakeFiles/calamares.dir/pybind11/PythonJob.cpp.o
#13 30.22 In file included from /tmp/calamares/src/calamares-3.4.2/3rdparty/pybind11/include/pybind11/detail/../cast.h:15,
#13 30.22                  from /tmp/calamares/src/calamares-3.4.2/3rdparty/pybind11/include/pybind11/detail/../attr.h:14,
#13 30.22                  from /tmp/calamares/src/calamares-3.4.2/3rdparty/pybind11/include/pybind11/detail/class.h:12,
#13 30.22                  from /tmp/calamares/src/calamares-3.4.2/3rdparty/pybind11/include/pybind11/pybind11.h:13,
#13 30.22                  from /tmp/calamares/src/calamares-3.4.2/src/libcalamares/pybind11/PythonTypes.h:30,
#13 30.22                  from /tmp/calamares/src/calamares-3.4.2/src/libcalamares/pybind11/Api.h:20,
#13 30.22                  from /tmp/calamares/src/calamares-3.4.2/src/libcalamares/pybind11/PythonJob.cpp:14:
#13 30.22 /tmp/calamares/src/calamares-3.4.2/3rdparty/pybind11/include/pybind11/detail/../detail/type_caster_base.h: In function ‘PyThreadState* pybind11::detail::get_thread_state_unchecked()’:
#13 30.22 /tmp/calamares/src/calamares-3.4.2/3rdparty/pybind11/include/pybind11/detail/../detail/type_caster_base.h:490:39: warning: ‘PyThreadState* _PyThreadState_UncheckedGet()’ is deprecated [-Wdeprecated-declarations]
#13 30.22   490 |     return _PyThreadState_UncheckedGet();
#13 30.22       |            ~~~~~~~~~~~~~~~~~~~~~~~~~~~^~
#13 30.22 In file included from /usr/include/python3.14/pystate.h:125,
#13 30.22                  from /usr/include/python3.14/Python.h:119,
#13 30.22                  from /tmp/calamares/src/calamares-3.4.2/3rdparty/pybind11/include/pybind11/detail/../detail/common.h:266,
#13 30.22                  from /tmp/calamares/src/calamares-3.4.2/3rdparty/pybind11/include/pybind11/detail/../attr.h:13:
#13 30.22 /usr/include/python3.14/cpython/pystate.h:223:1: note: declared here
#13 30.22   223 | _PyThreadState_UncheckedGet(void)
#13 30.22       | ^~~~~~~~~~~~~~~~~~~~~~~~~~~
#13 30.22 In file included from /tmp/calamares/src/calamares-3.4.2/3rdparty/pybind11/include/pybind11/embed.h:13,
#13 30.22                  from /tmp/calamares/src/calamares-3.4.2/src/libcalamares/pybind11/PythonTypes.h:32:
#13 30.22 /tmp/calamares/src/calamares-3.4.2/3rdparty/pybind11/include/pybind11/eval.h: In function ‘pybind11::object pybind11::eval_file(str, object, object)’:
#13 30.22 /tmp/calamares/src/calamares-3.4.2/3rdparty/pybind11/include/pybind11/eval.h:136:28: warning: ‘FILE* _Py_fopen_obj(PyObject*, const char*)’ is deprecated [-Wdeprecated-declarations]
#13 30.22   136 |     FILE *f = _Py_fopen_obj(fname.ptr(), "r");
#13 30.22       |               ~~~~~~~~~~~~~^~~~~~~~~~~~~~~~~~
#13 30.22 In file included from /usr/include/python3.14/fileutils.h:55,
#13 30.22                  from /usr/include/python3.14/Python.h:146:
#13 30.22 /usr/include/python3.14/cpython/fileutils.h:11:1: note: declared here
#13 30.22    11 | _Py_fopen_obj(PyObject *path, const char *mode)
#13 30.22       | ^~~~~~~~~~~~~
#13 30.39 [214/540] Building CXX object src/libcalamares/CMakeFiles/calamares.dir/pybind11/Api.cpp.o
#13 30.39 In file included from /tmp/calamares/src/calamares-3.4.2/3rdparty/pybind11/include/pybind11/detail/../cast.h:15,
#13 30.39                  from /tmp/calamares/src/calamares-3.4.2/3rdparty/pybind11/include/pybind11/detail/../attr.h:14,
#13 30.39                  from /tmp/calamares/src/calamares-3.4.2/3rdparty/pybind11/include/pybind11/detail/class.h:12,
#13 30.39                  from /tmp/calamares/src/calamares-3.4.2/3rdparty/pybind11/include/pybind11/pybind11.h:13,
#13 30.39                  from /tmp/calamares/src/calamares-3.4.2/src/libcalamares/pybind11/PythonTypes.h:30,
#13 30.39                  from /tmp/calamares/src/calamares-3.4.2/src/libcalamares/pybind11/Api.h:20,
#13 30.39                  from /tmp/calamares/src/calamares-3.4.2/src/libcalamares/pybind11/Api.cpp:10:
#13 30.39 /tmp/calamares/src/calamares-3.4.2/3rdparty/pybind11/include/pybind11/detail/../detail/type_caster_base.h: In function ‘PyThreadState* pybind11::detail::get_thread_state_unchecked()’:
#13 30.39 /tmp/calamares/src/calamares-3.4.2/3rdparty/pybind11/include/pybind11/detail/../detail/type_caster_base.h:490:39: warning: ‘PyThreadState* _PyThreadState_UncheckedGet()’ is deprecated [-Wdeprecated-declarations]
#13 30.39   490 |     return _PyThreadState_UncheckedGet();
#13 30.39       |            ~~~~~~~~~~~~~~~~~~~~~~~~~~~^~
#13 30.39 In file included from /usr/include/python3.14/pystate.h:125,
#13 30.39                  from /usr/include/python3.14/Python.h:119,
#13 30.39                  from /tmp/calamares/src/calamares-3.4.2/3rdparty/pybind11/include/pybind11/detail/../detail/common.h:266,
#13 30.39                  from /tmp/calamares/src/calamares-3.4.2/3rdparty/pybind11/include/pybind11/detail/../attr.h:13:
#13 30.39 /usr/include/python3.14/cpython/pystate.h:223:1: note: declared here
#13 30.39   223 | _PyThreadState_UncheckedGet(void)
#13 30.39       | ^~~~~~~~~~~~~~~~~~~~~~~~~~~
#13 30.39 In file included from /tmp/calamares/src/calamares-3.4.2/3rdparty/pybind11/include/pybind11/embed.h:13,
#13 30.39                  from /tmp/calamares/src/calamares-3.4.2/src/libcalamares/pybind11/PythonTypes.h:32:
#13 30.39 /tmp/calamares/src/calamares-3.4.2/3rdparty/pybind11/include/pybind11/eval.h: In function ‘pybind11::object pybind11::eval_file(str, object, object)’:
#13 30.39 /tmp/calamares/src/calamares-3.4.2/3rdparty/pybind11/include/pybind11/eval.h:136:28: warning: ‘FILE* _Py_fopen_obj(PyObject*, const char*)’ is deprecated [-Wdeprecated-declarations]
#13 30.39   136 |     FILE *f = _Py_fopen_obj(fname.ptr(), "r");
#13 30.39       |               ~~~~~~~~~~~~~^~~~~~~~~~~~~~~~~~
#13 30.39 In file included from /usr/include/python3.14/fileutils.h:55,
#13 30.39                  from /usr/include/python3.14/Python.h:146:
#13 30.39 /usr/include/python3.14/cpython/fileutils.h:11:1: note: declared here
#13 30.39    11 | _Py_fopen_obj(PyObject *path, const char *mode)
#13 30.39       | ^~~~~~~~~~~~~
#13 34.49 [215/540] Linking CXX shared library libcalamares.so.3.4.2
#13 34.50 [216/540] Creating library symlink libcalamares.so.3.4 libcalamares.so
#13 34.59 [217/540] Automatic MOC for target test_geoip
#13 34.89 [218/540] Automatic MOC for target calamares_job_initcpio
#13 34.97 [219/540] Automatic MOC for target calamares_job_hostinfo
#13 34.99 [220/540] Automatic MOC for target calamares_job_luksopenswaphookcfg
#13 35.02 [221/540] Automatic MOC for target calamares_job_contextualprocess
#13 35.05 [222/540] Building CXX object src/libcalamares/CMakeFiles/test_geoip.dir/test_geoip_autogen/mocs_compilation.cpp.o
#13 35.21 [223/540] Automatic MOC for target calamares_job_fsresizer
#13 35.23 [224/540] Automatic MOC for target calamares_job_machineid
#13 35.29 [225/540] Automatic MOC for target calamares_job_removeuser
#13 35.29 [226/540] Automatic MOC for target calamares_job_umount
#13 35.33 [227/540] Automatic MOC for target calamares_job_luksbootkeyfile
#13 35.33 [228/540] Automatic MOC for target calamares_job_shellprocess
#13 35.38 [229/540] Automatic MOC for target users_internal
#13 35.41 [230/540] Automatic MOC for target calamares_job_unpackfsc
#13 35.45 [231/540] Automatic MOC for target calamares_job_preservefiles
#13 35.56 [232/540] Automatic MOC for target calamares_job_zfs
#13 36.20 [233/540] Automatic MOC and UIC for target calamaresui
#13 36.40 [234/540] Automatic RCC for libcalamaresui.qrc
#13 37.96 [235/540] Building CXX object src/libcalamares/CMakeFiles/test_geoip.dir/geoip/GeoIPFixed.cpp.o
#13 38.70 [236/540] Building CXX object src/modules/contextualprocess/CMakeFiles/calamares_job_contextualprocess.dir/ContextualProcessJob.cpp.o
#13 38.77 [237/540] Building CXX object src/libcalamares/CMakeFiles/test_geoip.dir/geoip/test_geoip.cpp.o
#13 38.95 [238/540] Building CXX object src/modules/contextualprocess/CMakeFiles/calamares_job_contextualprocess.dir/calamares_job_contextualprocess_autogen/mocs_compilation.cpp.o
#13 38.97 [239/540] Building CXX object src/modules/users/CMakeFiles/users_internal.dir/users_internal_autogen/mocs_compilation.cpp.o
#13 39.01 [240/540] Building CXX object src/modules/fsresizer/CMakeFiles/calamares_job_fsresizer.dir/calamares_job_fsresizer_autogen/mocs_compilation.cpp.o
#13 39.02 [241/540] Building CXX object src/modules/users/CMakeFiles/users_internal.dir/ActiveDirectoryJob.cpp.o
#13 39.06 [242/540] Building CXX object src/modules/users/CMakeFiles/users_internal.dir/MiscJobs.cpp.o
#13 39.25 [243/540] Building CXX object src/modules/users/CMakeFiles/users_internal.dir/CreateUserJob.cpp.o
#13 39.32 [244/540] Building CXX object src/modules/hostinfo/CMakeFiles/calamares_job_hostinfo.dir/HostInfoJob.cpp.o
#13 39.39 [245/540] Building CXX object src/modules/hostinfo/CMakeFiles/calamares_job_hostinfo.dir/calamares_job_hostinfo_autogen/mocs_compilation.cpp.o
#13 39.74 [246/540] Building CXX object src/libcalamares/CMakeFiles/test_geoip.dir/geoip/GeoIPJSON.cpp.o
#13 40.27 [247/540] Building CXX object src/modules/fsresizer/CMakeFiles/calamares_job_fsresizer.dir/ResizeFSJob.cpp.o
#13 42.44 [248/540] Building CXX object src/libcalamaresui/CMakeFiles/calamaresui.dir/utils/Gui.cpp.o
#13 42.53 [249/540] Building CXX object src/libcalamaresui/CMakeFiles/calamaresui.dir/utils/ImageRegistry.cpp.o
#13 42.65 [250/540] Building CXX object src/libcalamaresui/CMakeFiles/calamaresui.dir/calamaresui_autogen/mocs_compilation.cpp.o
#13 42.74 [251/540] Building CXX object src/libcalamaresui/CMakeFiles/calamaresui.dir/modulesystem/CppJobModule.cpp.o
#13 42.88 [252/540] Building CXX object src/libcalamaresui/CMakeFiles/calamaresui.dir/viewpages/ViewStep.cpp.o
#13 42.97 [253/540] Building CXX object src/libcalamaresui/CMakeFiles/calamaresui.dir/modulesystem/ProcessJobModule.cpp.o
#13 43.14 [254/540] Building CXX object src/libcalamaresui/CMakeFiles/calamaresui.dir/viewpages/BlankViewStep.cpp.o
#13 43.20 [255/540] Building CXX object src/libcalamaresui/CMakeFiles/calamaresui.dir/modulesystem/ViewModule.cpp.o
#13 43.21 [256/540] Building CXX object src/libcalamaresui/CMakeFiles/calamaresui.dir/utils/Paste.cpp.o
#13 43.58 [257/540] Building CXX object src/libcalamaresui/CMakeFiles/calamaresui.dir/modulesystem/ModuleFactory.cpp.o
#13 43.91 [258/540] Building CXX object src/libcalamaresui/CMakeFiles/calamaresui.dir/viewpages/ExecutionViewStep.cpp.o
#13 43.98 [259/540] Building CXX object src/libcalamaresui/CMakeFiles/calamaresui.dir/widgets/ClickableLabel.cpp.o
#13 45.47 [260/540] Building CXX object src/libcalamaresui/CMakeFiles/calamaresui.dir/viewpages/Slideshow.cpp.o
#13 45.51 [261/540] Building CXX object src/libcalamaresui/CMakeFiles/calamaresui.dir/calamaresui_autogen/EWIEGA46WW/qrc_libcalamaresui.cpp.o
#13 45.60 [262/540] Building CXX object src/libcalamaresui/CMakeFiles/calamaresui.dir/widgets/FixedAspectRatioLabel.cpp.o
#13 46.60 [263/540] Building CXX object src/libcalamaresui/CMakeFiles/calamaresui.dir/modulesystem/PythonJobModule.cpp.o
#13 46.62 [264/540] Building CXX object src/libcalamaresui/CMakeFiles/calamaresui.dir/widgets/TranslationFix.cpp.o
#13 46.63 [265/540] Building CXX object src/libcalamaresui/CMakeFiles/calamaresui.dir/modulesystem/ModuleManager.cpp.o
#13 46.68 [266/540] Building CXX object src/libcalamaresui/CMakeFiles/calamaresui.dir/widgets/ErrorDialog.cpp.o
#13 46.98 [267/540] Building CXX object src/libcalamaresui/CMakeFiles/calamaresui.dir/widgets/PrettyRadioButton.cpp.o
#13 47.17 [268/540] Building CXX object src/libcalamaresui/CMakeFiles/calamaresui.dir/widgets/waitingspinnerwidget.cpp.o
#13 47.28 [269/540] Building CXX object src/libcalamaresui/CMakeFiles/calamaresui.dir/widgets/WaitingWidget.cpp.o
#13 47.42 [270/540] Building CXX object src/libcalamaresui/CMakeFiles/calamaresui.dir/widgets/LogWidget.cpp.o
#13 48.13 [271/540] Building CXX object src/libcalamaresui/CMakeFiles/calamaresui.dir/ViewManager.cpp.o
#13 48.70 [272/540] Building CXX object src/libcalamaresui/CMakeFiles/calamaresui.dir/utils/Qml.cpp.o
#13 49.57 [273/540] Building CXX object src/modules/users/CMakeFiles/users_internal.dir/SetHostNameJob.cpp.o
#13 49.75 [274/540] Building CXX object src/modules/initcpio/CMakeFiles/calamares_job_initcpio.dir/calamares_job_initcpio_autogen/mocs_compilation.cpp.o
#13 50.04 [275/540] Building CXX object src/modules/users/CMakeFiles/users_internal.dir/SetPasswordJob.cpp.o
#13 50.06 [276/540] Building CXX object src/libcalamaresui/CMakeFiles/calamaresui.dir/Branding.cpp.o
#13 50.06 /tmp/calamares/src/calamares-3.4.2/src/libcalamaresui/Branding.cpp: In function ‘QString Calamares::_stylesheet(const QDir&)’:
#13 50.06 /tmp/calamares/src/calamares-3.4.2/src/libcalamaresui/Branding.cpp:411:28: warning: ignoring return value of ‘virtual bool QFile::open(QIODeviceBase::OpenMode)’, declared with attribute ‘nodiscard’ [-Wunused-result]
#13 50.06   411 |         stylesheetFile.open( QFile::ReadOnly );
#13 50.06       |         ~~~~~~~~~~~~~~~~~~~^~~~~~~~~~~~~~~~~~~
#13 50.06 In file included from /usr/include/qt6/QtCore/qdir.h:11,
#13 50.06                  from /usr/include/qt6/QtCore/QDir:1,
#13 50.06                  from /tmp/calamares/src/calamares-3.4.2/src/libcalamaresui/Branding.cpp:24:
#13 50.06 /usr/include/qt6/QtCore/qfile.h:264:32: note: declared here
#13 50.06   264 |     QFILE_MAYBE_NODISCARD bool open(OpenMode flags) override;
#13 50.06       |                                ^~~~
#13 50.10 [277/540] Building CXX object src/libcalamaresui/CMakeFiles/calamaresui.dir/viewpages/QmlViewStep.cpp.o
#13 50.33 [278/540] Building CXX object src/modules/initcpio/CMakeFiles/calamares_job_initcpio.dir/InitcpioJob.cpp.o
#13 50.35 [279/540] Building CXX object src/modules/luksopenswaphookcfg/CMakeFiles/calamares_job_luksopenswaphookcfg.dir/calamares_job_luksopenswaphookcfg_autogen/mocs_compilation.cpp.o
#13 50.40 [280/540] Building CXX object src/modules/users/CMakeFiles/users_internal.dir/CheckPWQuality.cpp.o
#13 50.95 [281/540] Building CXX object src/modules/machineid/CMakeFiles/calamares_job_machineid.dir/calamares_job_machineid_autogen/mocs_compilation.cpp.o
#13 51.17 [282/540] Building CXX object src/modules/luksbootkeyfile/CMakeFiles/calamares_job_luksbootkeyfile.dir/calamares_job_luksbootkeyfile_autogen/mocs_compilation.cpp.o
#13 51.46 [283/540] Building CXX object src/modules/luksopenswaphookcfg/CMakeFiles/calamares_job_luksopenswaphookcfg.dir/LOSHJob.cpp.o
#13 51.49 [284/540] Building CXX object src/modules/luksbootkeyfile/CMakeFiles/calamares_job_luksbootkeyfile.dir/LuksBootKeyFileJob.cpp.o
#13 51.77 [285/540] Building CXX object src/modules/users/CMakeFiles/users_internal.dir/Config.cpp.o
#13 52.81 [286/540] Building CXX object src/modules/machineid/CMakeFiles/calamares_job_machineid.dir/MachineIdJob.cpp.o
#13 54.09 [287/540] Building CXX object src/modules/removeuser/CMakeFiles/calamares_job_removeuser.dir/calamares_job_removeuser_autogen/mocs_compilation.cpp.o
#13 54.26 [288/540] Building CXX object src/modules/preservefiles/CMakeFiles/calamares_job_preservefiles.dir/Item.cpp.o
#13 54.32 [289/540] Building CXX object src/modules/preservefiles/CMakeFiles/calamares_job_preservefiles.dir/PreserveFiles.cpp.o
#13 54.73 [290/540] Building CXX object src/modules/preservefiles/CMakeFiles/calamares_job_preservefiles.dir/calamares_job_preservefiles_autogen/mocs_compilation.cpp.o
#13 54.79 [291/540] Building CXX object src/modules/machineid/CMakeFiles/calamares_job_machineid.dir/Workers.cpp.o
#13 55.14 [292/540] Building CXX object src/modules/shellprocess/CMakeFiles/calamares_job_shellprocess.dir/calamares_job_shellprocess_autogen/mocs_compilation.cpp.o
#13 55.57 [293/540] Building CXX object src/modules/removeuser/CMakeFiles/calamares_job_removeuser.dir/RemoveUserJob.cpp.o
#13 55.91 [294/540] Building CXX object src/modules/unpackfsc/CMakeFiles/calamares_job_unpackfsc.dir/UnpackFSCJob.cpp.o
#13 55.92 [295/540] Building CXX object src/modules/unpackfsc/CMakeFiles/calamares_job_unpackfsc.dir/calamares_job_unpackfsc_autogen/mocs_compilation.cpp.o
#13 56.21 [296/540] Building CXX object src/modules/umount/CMakeFiles/calamares_job_umount.dir/calamares_job_umount_autogen/mocs_compilation.cpp.o
#13 56.23 [297/540] Building CXX object src/modules/shellprocess/CMakeFiles/calamares_job_shellprocess.dir/ShellProcessJob.cpp.o
#13 56.62 [298/540] Building CXX object src/modules/unpackfsc/CMakeFiles/calamares_job_unpackfsc.dir/Runners.cpp.o
#13 56.75 [299/540] Linking CXX executable test_automount
#13 56.90 [300/540] Linking CXX executable test_geoip
#13 57.09 [301/540] Linking CXX shared library src/modules/hostinfo/libcalamares_job_hostinfo.so
#13 57.35 [302/540] Linking CXX shared library libcalamaresui.so.3.4.2
#13 57.36 [303/540] Creating library symlink libcalamaresui.so.3.4 libcalamaresui.so
#13 57.93 [304/540] Building CXX object src/modules/unpackfsc/CMakeFiles/calamares_job_unpackfsc.dir/ErofsRunner.cpp.o
#13 57.93 [305/540] Linking CXX shared library src/modules/contextualprocess/libcalamares_job_contextualprocess.so
#13 57.93 [306/540] Linking CXX shared library src/modules/initcpio/libcalamares_job_initcpio.so
#13 57.94 [307/540] Automatic MOC and UIC for target calamares_bin
#13 58.21 [308/540] Building CXX object src/modules/umount/CMakeFiles/calamares_job_umount.dir/UmountJob.cpp.o
#13 58.22 [309/540] Building CXX object src/modules/unpackfsc/CMakeFiles/calamares_job_unpackfsc.dir/TarballRunner.cpp.o
#13 58.32 [310/540] Building CXX object src/modules/unpackfsc/CMakeFiles/calamares_job_unpackfsc.dir/FSArchiverRunner.cpp.o
#13 58.63 [311/540] Building CXX object src/modules/zfs/CMakeFiles/calamares_job_zfs.dir/calamares_job_zfs_autogen/mocs_compilation.cpp.o
#13 58.63 [312/540] Linking CXX shared library src/modules/fsresizer/libcalamares_job_fsresizer.so
#13 58.79 [313/540] Automatic MOC for target calamares_viewmodule_finishedq
#13 58.90 [314/540] Automatic MOC for target calamares_viewmodule_keyboardq
#13 58.92 [315/540] Automatic MOC and UIC for target calamares_viewmodule_keyboard
#13 59.05 [316/540] Linking CXX shared library src/modules/luksopenswaphookcfg/libcalamares_job_luksopenswaphookcfg.so
#13 59.14 [317/540] Automatic MOC for target calamares_viewmodule_locale
#13 59.17 [318/540] Automatic MOC and UIC for target calamares_viewmodule_plasmalnf
#13 59.20 [319/540] Automatic RCC for calamares.qrc
#13 59.27 [320/540] Automatic RCC for finishedq-qt6.qrc
#13 59.28 [321/540] Automatic MOC for target calamares_viewmodule_notesqml
#13 59.33 [322/540] Automatic RCC for keyboard.qrc
#13 59.35 [323/540] Automatic RCC for keyboardq-qt6.qrc
#13 59.47 [324/540] Automatic MOC and UIC for target calamares_viewmodule_users
#13 59.48 [325/540] Automatic MOC and UIC for target calamares_viewmodule_tracking
#13 59.48 [326/540] Automatic MOC for target calamares_viewmodule_localeq
#13 59.54 [327/540] Automatic RCC for notesqml.qrc
#13 59.58 [328/540] Automatic MOC for target calamares_viewmodule_summaryq
#13 59.65 [329/540] Automatic MOC for target calamares_viewmodule_usersq
#13 59.70 [330/540] Automatic RCC for page_plasmalnf.qrc
#13 59.71 [331/540] Linking CXX shared library src/modules/machineid/libcalamares_job_machineid.so
#13 59.80 [332/540] Automatic RCC for summaryq-qt6.qrc
#13 59.81 [333/540] Automatic RCC for locale.qrc
#13 59.85 [334/540] Automatic MOC and UIC for target calamares_viewmodule_welcome
#13 59.88 [335/540] Automatic RCC for users.qrc
#13 59.92 [336/540] Automatic RCC for usersq-qt6.qrc
#13 59.92 [337/540] Automatic RCC for localeq-qt6.qrc
#13 59.93 [338/540] Automatic RCC for welcome.qrc
#13 59.94 [339/540] Automatic MOC for target calamares_viewmodule_welcomeq
#13 59.96 [340/540] Automatic RCC for page_trackingstep.qrc
#13 60.01 [341/540] Automatic RCC for welcomeq-qt6.qrc
#13 60.12 [342/540] Automatic MOC and UIC for target calamares_viewmodule_finished
#13 60.16 [343/540] Linking CXX shared library src/modules/luksbootkeyfile/libcalamares_job_luksbootkeyfile.so
#13 60.39 [344/540] Automatic MOC and UIC for target calamares_viewmodule_license
#13 60.48 [345/540] Building CXX object src/modules/zfs/CMakeFiles/calamares_job_zfs.dir/ZfsJob.cpp.o
#13 60.53 [346/540] Building CXX object src/calamares/CMakeFiles/calamares_bin.dir/calamares_bin_autogen/EWIEGA46WW/qrc_calamares.cpp.o
#13 60.59 [347/540] Building CXX object src/modules/unpackfsc/CMakeFiles/calamares_job_unpackfsc.dir/UnsquashRunner.cpp.o
#13 60.61 [348/540] Automatic MOC and UIC for target calamares_viewmodule_netinstall
#13 60.68 [349/540] Automatic MOC for target calamares_viewmodule_summary
#13 60.69 [350/540] Automatic MOC and UIC for target calamares_viewmodule_oemid
#13 62.18 [351/540] Automatic MOC and UIC for target calamares_viewmodule_partition
#13 64.35 [352/540] Building CXX object src/modules/finished/CMakeFiles/calamares_viewmodule_finished.dir/FinishedViewStep.cpp.o
#13 64.56 [353/540] Building CXX object src/calamares/CMakeFiles/calamares_bin.dir/VariantModel.cpp.o
#13 64.59 [354/540] Building CXX object src/modules/finishedq/CMakeFiles/calamares_viewmodule_finishedq.dir/calamares_viewmodule_finishedq_autogen/EWIEGA46WW/qrc_finishedq-qt6.cpp.o
#13 64.83 [355/540] Building CXX object src/modules/finished/CMakeFiles/calamares_viewmodule_finished.dir/FinishedPage.cpp.o
#13 64.93 [356/540] Building CXX object src/modules/finished/CMakeFiles/calamares_viewmodule_finished.dir/calamares_viewmodule_finished_autogen/mocs_compilation.cpp.o
#13 65.09 [357/540] Building CXX object src/modules/finishedq/CMakeFiles/calamares_viewmodule_finishedq.dir/calamares_viewmodule_finishedq_autogen/mocs_compilation.cpp.o
#13 65.15 [358/540] Building CXX object src/calamares/CMakeFiles/calamares_bin.dir/progresstree/ProgressTreeDelegate.cpp.o
#13 65.31 [359/540] Building CXX object src/modules/finished/CMakeFiles/calamares_viewmodule_finished.dir/Config.cpp.o
#13 65.40 [360/540] Building CXX object src/calamares/CMakeFiles/calamares_bin.dir/main.cpp.o
#13 65.54 [361/540] Building CXX object src/calamares/CMakeFiles/calamares_bin.dir/calamares_bin_autogen/mocs_compilation.cpp.o
#13 65.79 [362/540] Building CXX object src/calamares/CMakeFiles/calamares_bin.dir/progresstree/ProgressTreeView.cpp.o
#13 65.82 [363/540] Building CXX object src/modules/keyboard/CMakeFiles/calamares_viewmodule_keyboard.dir/calamares_viewmodule_keyboard_autogen/EWIEGA46WW/qrc_keyboard.cpp.o
#13 65.85 [364/540] Building CXX object src/calamares/CMakeFiles/calamares_bin.dir/DebugWindow.cpp.o
#13 66.09 [365/540] Building CXX object src/modules/finishedq/CMakeFiles/calamares_viewmodule_finishedq.dir/FinishedQmlViewStep.cpp.o
#13 67.11 [366/540] Building CXX object src/calamares/CMakeFiles/calamares_bin.dir/CalamaresApplication.cpp.o
#13 67.78 [367/540] Building CXX object src/calamares/CMakeFiles/calamares_bin.dir/CalamaresWindow.cpp.o
#13 68.46 [368/540] Building CXX object src/modules/keyboard/CMakeFiles/calamares_viewmodule_keyboard.dir/KeyboardViewStep.cpp.o
#13 69.11 [369/540] Building CXX object src/modules/finishedq/CMakeFiles/calamares_viewmodule_finishedq.dir/__/finished/Config.cpp.o
#13 69.14 [370/540] Building CXX object src/modules/keyboardq/CMakeFiles/calamares_viewmodule_keyboardq.dir/calamares_viewmodule_keyboardq_autogen/EWIEGA46WW/qrc_keyboardq-qt6.cpp.o
#13 69.52 [371/540] Building CXX object src/modules/keyboard/CMakeFiles/calamares_viewmodule_keyboard.dir/Config.cpp.o
#13 69.66 [372/540] Building CXX object src/modules/keyboard/CMakeFiles/calamares_viewmodule_keyboard.dir/SetKeyboardLayoutJob.cpp.o
#13 69.67 /tmp/calamares/src/calamares-3.4.2/src/modules/keyboard/SetKeyboardLayoutJob.cpp: In member function ‘bool SetKeyboardLayoutJob::writeVConsoleData(const QString&, const QString&) const’:
#13 69.67 /tmp/calamares/src/calamares-3.4.2/src/modules/keyboard/SetKeyboardLayoutJob.cpp:214:18: warning: ignoring return value of ‘virtual bool QFile::open(QIODeviceBase::OpenMode)’, declared with attribute ‘nodiscard’ [-Wunused-result]
#13 69.67   214 |         file.open( QIODevice::ReadOnly | QIODevice::Text );
#13 69.67       |         ~~~~~~~~~^~~~~~~~~~~~~~~~~~~~~~~~~~~~~~~~~~~~~~~~~
#13 69.67 In file included from /usr/include/qt6/QtCore/qdir.h:11,
#13 69.67                  from /usr/include/qt6/QtCore/QDir:1,
#13 69.67                  from /tmp/calamares/src/calamares-3.4.2/src/modules/keyboard/SetKeyboardLayoutJob.cpp:26:
#13 69.67 /usr/include/qt6/QtCore/qfile.h:264:32: note: declared here
#13 69.67   264 |     QFILE_MAYBE_NODISCARD bool open(OpenMode flags) override;
#13 69.67       |                                ^~~~
#13 69.77 [373/540] Building CXX object src/modules/keyboard/CMakeFiles/calamares_viewmodule_keyboard.dir/KeyboardPage.cpp.o
#13 69.78 [374/540] Building CXX object src/modules/keyboard/CMakeFiles/calamares_viewmodule_keyboard.dir/keyboardwidget/keyboardglobal.cpp.o
#13 69.78 /tmp/calamares/src/calamares-3.4.2/src/modules/keyboard/keyboardwidget/keyboardglobal.cpp: In function ‘KeyboardGlobal::ModelsMap parseKeyboardModels(const char*)’:
#13 69.78 /tmp/calamares/src/calamares-3.4.2/src/modules/keyboard/keyboardwidget/keyboardglobal.cpp:62:12: warning: ignoring return value of ‘virtual bool QFile::open(QIODeviceBase::OpenMode)’, declared with attribute ‘nodiscard’ [-Wunused-result]
#13 69.78    62 |     fh.open( QIODevice::ReadOnly );
#13 69.78       |     ~~~~~~~^~~~~~~~~~~~~~~~~~~~~~~
#13 69.78 In file included from /usr/include/qt6/QtCore/QFile:1,
#13 69.78                  from /tmp/calamares/src/calamares-3.4.2/src/modules/keyboard/keyboardwidget/keyboardglobal.cpp:23:
#13 69.78 /usr/include/qt6/QtCore/qfile.h:264:32: note: declared here
#13 69.78   264 |     QFILE_MAYBE_NODISCARD bool open(OpenMode flags) override;
#13 69.78       |                                ^~~~
#13 69.78 /tmp/calamares/src/calamares-3.4.2/src/modules/keyboard/keyboardwidget/keyboardglobal.cpp: In function ‘KeyboardGlobal::LayoutsMap parseKeyboardLayouts(const char*)’:
#13 69.78 /tmp/calamares/src/calamares-3.4.2/src/modules/keyboard/keyboardwidget/keyboardglobal.cpp:113:12: warning: ignoring return value of ‘virtual bool QFile::open(QIODeviceBase::OpenMode)’, declared with attribute ‘nodiscard’ [-Wunused-result]
#13 69.78   113 |     fh.open( QIODevice::ReadOnly );
#13 69.78       |     ~~~~~~~^~~~~~~~~~~~~~~~~~~~~~~
#13 69.78 /usr/include/qt6/QtCore/qfile.h:264:32: note: declared here
#13 69.78   264 |     QFILE_MAYBE_NODISCARD bool open(OpenMode flags) override;
#13 69.78       |                                ^~~~
#13 69.78 /tmp/calamares/src/calamares-3.4.2/src/modules/keyboard/keyboardwidget/keyboardglobal.cpp: In function ‘KeyboardGlobal::GroupsMap parseKeyboardGroupsSwitchers(const char*)’:
#13 69.78 /tmp/calamares/src/calamares-3.4.2/src/modules/keyboard/keyboardwidget/keyboardglobal.cpp:208:12: warning: ignoring return value of ‘virtual bool QFile::open(QIODeviceBase::OpenMode)’, declared with attribute ‘nodiscard’ [-Wunused-result]
#13 69.78   208 |     fh.open( QIODevice::ReadOnly );
#13 69.78       |     ~~~~~~~^~~~~~~~~~~~~~~~~~~~~~~
#13 69.78 /usr/include/qt6/QtCore/qfile.h:264:32: note: declared here
#13 69.78   264 |     QFILE_MAYBE_NODISCARD bool open(OpenMode flags) override;
#13 69.78       |                                ^~~~
#13 69.82 [375/540] Building CXX object src/modules/keyboard/CMakeFiles/calamares_viewmodule_keyboard.dir/KeyboardLayoutModel.cpp.o
#13 69.84 [376/540] Building CXX object src/modules/keyboardq/CMakeFiles/calamares_viewmodule_keyboardq.dir/KeyboardQmlViewStep.cpp.o
#13 70.16 [377/540] Building CXX object src/modules/keyboard/CMakeFiles/calamares_viewmodule_keyboard.dir/calamares_viewmodule_keyboard_autogen/mocs_compilation.cpp.o
#13 70.48 [378/540] Building CXX object src/modules/keyboard/CMakeFiles/calamares_viewmodule_keyboard.dir/keyboardwidget/keyboardpreview.cpp.o
#13 71.00 [379/540] Building CXX object src/modules/keyboardq/CMakeFiles/calamares_viewmodule_keyboardq.dir/calamares_viewmodule_keyboardq_autogen/mocs_compilation.cpp.o
#13 72.11 [380/540] Building CXX object src/modules/keyboardq/CMakeFiles/calamares_viewmodule_keyboardq.dir/__/keyboard/Config.cpp.o
#13 72.24 [381/540] Building CXX object src/modules/keyboardq/CMakeFiles/calamares_viewmodule_keyboardq.dir/__/keyboard/KeyboardLayoutModel.cpp.o
#13 72.31 [382/540] Building CXX object src/modules/keyboardq/CMakeFiles/calamares_viewmodule_keyboardq.dir/__/keyboard/SetKeyboardLayoutJob.cpp.o
#13 72.31 /tmp/calamares/src/calamares-3.4.2/src/modules/keyboard/SetKeyboardLayoutJob.cpp: In member function ‘bool SetKeyboardLayoutJob::writeVConsoleData(const QString&, const QString&) const’:
#13 72.31 /tmp/calamares/src/calamares-3.4.2/src/modules/keyboard/SetKeyboardLayoutJob.cpp:214:18: warning: ignoring return value of ‘virtual bool QFile::open(QIODeviceBase::OpenMode)’, declared with attribute ‘nodiscard’ [-Wunused-result]
#13 72.31   214 |         file.open( QIODevice::ReadOnly | QIODevice::Text );
#13 72.31       |         ~~~~~~~~~^~~~~~~~~~~~~~~~~~~~~~~~~~~~~~~~~~~~~~~~~
#13 72.31 In file included from /usr/include/qt6/QtCore/qdir.h:11,
#13 72.31                  from /usr/include/qt6/QtCore/QDir:1,
#13 72.31                  from /tmp/calamares/src/calamares-3.4.2/src/modules/keyboard/SetKeyboardLayoutJob.cpp:26:
#13 72.31 /usr/include/qt6/QtCore/qfile.h:264:32: note: declared here
#13 72.31   264 |     QFILE_MAYBE_NODISCARD bool open(OpenMode flags) override;
#13 72.31       |                                ^~~~
#13 73.06 [383/540] Building CXX object src/modules/keyboardq/CMakeFiles/calamares_viewmodule_keyboardq.dir/__/keyboard/keyboardwidget/keyboardglobal.cpp.o
#13 73.06 /tmp/calamares/src/calamares-3.4.2/src/modules/keyboard/keyboardwidget/keyboardglobal.cpp: In function ‘KeyboardGlobal::ModelsMap parseKeyboardModels(const char*)’:
#13 73.06 /tmp/calamares/src/calamares-3.4.2/src/modules/keyboard/keyboardwidget/keyboardglobal.cpp:62:12: warning: ignoring return value of ‘virtual bool QFile::open(QIODeviceBase::OpenMode)’, declared with attribute ‘nodiscard’ [-Wunused-result]
#13 73.06    62 |     fh.open( QIODevice::ReadOnly );
#13 73.06       |     ~~~~~~~^~~~~~~~~~~~~~~~~~~~~~~
#13 73.06 In file included from /usr/include/qt6/QtCore/QFile:1,
#13 73.06                  from /tmp/calamares/src/calamares-3.4.2/src/modules/keyboard/keyboardwidget/keyboardglobal.cpp:23:
#13 73.06 /usr/include/qt6/QtCore/qfile.h:264:32: note: declared here
#13 73.06   264 |     QFILE_MAYBE_NODISCARD bool open(OpenMode flags) override;
#13 73.06       |                                ^~~~
#13 73.06 /tmp/calamares/src/calamares-3.4.2/src/modules/keyboard/keyboardwidget/keyboardglobal.cpp: In function ‘KeyboardGlobal::LayoutsMap parseKeyboardLayouts(const char*)’:
#13 73.06 /tmp/calamares/src/calamares-3.4.2/src/modules/keyboard/keyboardwidget/keyboardglobal.cpp:113:12: warning: ignoring return value of ‘virtual bool QFile::open(QIODeviceBase::OpenMode)’, declared with attribute ‘nodiscard’ [-Wunused-result]
#13 73.06   113 |     fh.open( QIODevice::ReadOnly );
#13 73.06       |     ~~~~~~~^~~~~~~~~~~~~~~~~~~~~~~
#13 73.06 /usr/include/qt6/QtCore/qfile.h:264:32: note: declared here
#13 73.06   264 |     QFILE_MAYBE_NODISCARD bool open(OpenMode flags) override;
#13 73.06       |                                ^~~~
#13 73.06 /tmp/calamares/src/calamares-3.4.2/src/modules/keyboard/keyboardwidget/keyboardglobal.cpp: In function ‘KeyboardGlobal::GroupsMap parseKeyboardGroupsSwitchers(const char*)’:
#13 73.06 /tmp/calamares/src/calamares-3.4.2/src/modules/keyboard/keyboardwidget/keyboardglobal.cpp:208:12: warning: ignoring return value of ‘virtual bool QFile::open(QIODeviceBase::OpenMode)’, declared with attribute ‘nodiscard’ [-Wunused-result]
#13 73.06   208 |     fh.open( QIODevice::ReadOnly );
#13 73.06       |     ~~~~~~~^~~~~~~~~~~~~~~~~~~~~~~
#13 73.06 /usr/include/qt6/QtCore/qfile.h:264:32: note: declared here
#13 73.06   264 |     QFILE_MAYBE_NODISCARD bool open(OpenMode flags) override;
#13 73.06       |                                ^~~~
#13 73.07 [384/540] Building CXX object src/modules/license/CMakeFiles/calamares_viewmodule_license.dir/calamares_viewmodule_license_autogen/mocs_compilation.cpp.o
#13 73.33 [385/540] Building CXX object src/modules/locale/CMakeFiles/calamares_viewmodule_locale.dir/calamares_viewmodule_locale_autogen/EWIEGA46WW/qrc_locale.cpp.o
#13 73.58 [386/540] Building CXX object src/modules/license/CMakeFiles/calamares_viewmodule_license.dir/LicenseViewStep.cpp.o
#13 73.74 [387/540] Building CXX object src/modules/locale/CMakeFiles/calamares_viewmodule_locale.dir/LocaleConfiguration.cpp.o
#13 73.89 [388/540] Building CXX object src/modules/license/CMakeFiles/calamares_viewmodule_license.dir/LicenseWidget.cpp.o
#13 74.51 [389/540] Building CXX object src/modules/locale/CMakeFiles/calamares_viewmodule_locale.dir/LocaleNames.cpp.o
#13 74.79 [390/540] Building CXX object src/modules/locale/CMakeFiles/calamares_viewmodule_locale.dir/LCLocaleDialog.cpp.o
#13 74.87 [391/540] Building CXX object src/modules/license/CMakeFiles/calamares_viewmodule_license.dir/LicensePage.cpp.o
#13 74.90 [392/540] Building CXX object src/modules/localeq/CMakeFiles/calamares_viewmodule_localeq.dir/calamares_viewmodule_localeq_autogen/EWIEGA46WW/qrc_localeq-qt6.cpp.o
#13 75.07 [393/540] Building CXX object src/modules/locale/CMakeFiles/calamares_viewmodule_locale.dir/calamares_viewmodule_locale_autogen/mocs_compilation.cpp.o
#13 75.58 [394/540] Building CXX object src/modules/locale/CMakeFiles/calamares_viewmodule_locale.dir/Config.cpp.o
#13 76.18 [395/540] Building CXX object src/modules/locale/CMakeFiles/calamares_viewmodule_locale.dir/LocalePage.cpp.o
#13 76.20 [396/540] Building CXX object src/modules/locale/CMakeFiles/calamares_viewmodule_locale.dir/SetTimezoneJob.cpp.o
#13 76.71 [397/540] Building CXX object src/modules/locale/CMakeFiles/calamares_viewmodule_locale.dir/LocaleViewStep.cpp.o
#13 76.93 [398/540] Building CXX object src/modules/locale/CMakeFiles/calamares_viewmodule_locale.dir/timezonewidget/timezonewidget.cpp.o
#13 77.15 [399/540] Building CXX object src/modules/locale/CMakeFiles/calamares_viewmodule_locale.dir/timezonewidget/TimeZoneImage.cpp.o
#13 77.23 [400/540] Building CXX object src/modules/localeq/CMakeFiles/calamares_viewmodule_localeq.dir/__/locale/LocaleNames.cpp.o
#13 77.45 [401/540] Building CXX object src/modules/localeq/CMakeFiles/calamares_viewmodule_localeq.dir/LocaleQmlViewStep.cpp.o
#13 77.81 [402/540] Building CXX object src/modules/localeq/CMakeFiles/calamares_viewmodule_localeq.dir/__/locale/LocaleConfiguration.cpp.o
#13 77.85 [403/540] Building CXX object src/modules/notesqml/CMakeFiles/calamares_viewmodule_notesqml.dir/calamares_viewmodule_notesqml_autogen/EWIEGA46WW/qrc_notesqml.cpp.o
#13 78.62 [404/540] Building CXX object src/modules/localeq/CMakeFiles/calamares_viewmodule_localeq.dir/__/locale/SetTimezoneJob.cpp.o
#13 78.69 [405/540] Building CXX object src/modules/localeq/CMakeFiles/calamares_viewmodule_localeq.dir/__/locale/Config.cpp.o
#13 78.79 [406/540] Building CXX object src/modules/localeq/CMakeFiles/calamares_viewmodule_localeq.dir/calamares_viewmodule_localeq_autogen/mocs_compilation.cpp.o
#13 79.44 [407/540] Building CXX object src/modules/netinstall/CMakeFiles/calamares_viewmodule_netinstall.dir/Config.cpp.o
#13 79.72 [408/540] Building CXX object src/modules/netinstall/CMakeFiles/calamares_viewmodule_netinstall.dir/calamares_viewmodule_netinstall_autogen/mocs_compilation.cpp.o
#13 79.98 [409/540] Building CXX object src/modules/netinstall/CMakeFiles/calamares_viewmodule_netinstall.dir/groupstreeview.cpp.o
#13 80.89 [410/540] Building CXX object src/modules/netinstall/CMakeFiles/calamares_viewmodule_netinstall.dir/NetInstallViewStep.cpp.o
#13 81.10 [411/540] Building CXX object src/modules/oemid/CMakeFiles/calamares_viewmodule_oemid.dir/calamares_viewmodule_oemid_autogen/mocs_compilation.cpp.o
#13 81.59 [412/540] Building CXX object src/modules/netinstall/CMakeFiles/calamares_viewmodule_netinstall.dir/PackageTreeItem.cpp.o
#13 81.72 [413/540] Building CXX object src/modules/notesqml/CMakeFiles/calamares_viewmodule_notesqml.dir/NotesQmlViewStep.cpp.o
#13 81.81 [414/540] Building CXX object src/modules/netinstall/CMakeFiles/calamares_viewmodule_netinstall.dir/NetInstallPage.cpp.o
#13 81.88 [415/540] Building CXX object src/modules/notesqml/CMakeFiles/calamares_viewmodule_notesqml.dir/calamares_viewmodule_notesqml_autogen/mocs_compilation.cpp.o
#13 82.31 [416/540] Building CXX object src/modules/netinstall/CMakeFiles/calamares_viewmodule_netinstall.dir/LoaderQueue.cpp.o
#13 82.57 [417/540] Building CXX object src/modules/netinstall/CMakeFiles/calamares_viewmodule_netinstall.dir/PackageModel.cpp.o
#13 82.61 [418/540] Building CXX object src/modules/oemid/CMakeFiles/calamares_viewmodule_oemid.dir/OEMViewStep.cpp.o
#13 82.78 [419/540] Building CXX object src/modules/oemid/CMakeFiles/calamares_viewmodule_oemid.dir/IDJob.cpp.o
#13 83.56 [420/540] Building CXX object src/modules/partition/CMakeFiles/calamares_viewmodule_partition.dir/Config.cpp.o
#13 84.01 [421/540] Building CXX object src/modules/partition/CMakeFiles/calamares_viewmodule_partition.dir/core/OsproberEntry.cpp.o
#13 84.23 [422/540] Building CXX object src/modules/partition/CMakeFiles/calamares_viewmodule_partition.dir/core/BootLoaderModel.cpp.o
#13 84.78 [423/540] Building CXX object src/modules/partition/CMakeFiles/calamares_viewmodule_partition.dir/core/ColorUtils.cpp.o
#13 84.92 [424/540] Building CXX object src/modules/partition/CMakeFiles/calamares_viewmodule_partition.dir/core/DeviceList.cpp.o
#13 85.04 [425/540] Building CXX object src/modules/partition/CMakeFiles/calamares_viewmodule_partition.dir/core/KPMHelpers.cpp.o
#13 85.67 [426/540] Building CXX object src/modules/partition/CMakeFiles/calamares_viewmodule_partition.dir/core/PartitionInfo.cpp.o
#13 85.87 [427/540] Building CXX object src/modules/partition/CMakeFiles/calamares_viewmodule_partition.dir/calamares_viewmodule_partition_autogen/mocs_compilation.cpp.o
#13 85.88 [428/540] Building CXX object src/modules/partition/CMakeFiles/calamares_viewmodule_partition.dir/core/DirFSRestrictLayout.cpp.o
#13 86.55 [429/540] Building CXX object src/modules/partition/CMakeFiles/calamares_viewmodule_partition.dir/core/DeviceModel.cpp.o
#13 86.67 [430/540] Building CXX object src/modules/partition/CMakeFiles/calamares_viewmodule_partition.dir/core/PartitionActions.cpp.o
#13 87.29 [431/540] Building CXX object src/modules/partition/CMakeFiles/calamares_viewmodule_partition.dir/core/PartitionLayout.cpp.o
#13 87.67 [432/540] Building CXX object src/modules/partition/CMakeFiles/calamares_viewmodule_partition.dir/core/PartitionModel.cpp.o
#13 88.77 [433/540] Building CXX object src/modules/partition/CMakeFiles/calamares_viewmodule_partition.dir/gui/BootInfoWidget.cpp.o
#13 89.29 [434/540] Building CXX object src/modules/partition/CMakeFiles/calamares_viewmodule_partition.dir/core/PartUtils.cpp.o
#13 89.40 [435/540] Building CXX object src/modules/partition/CMakeFiles/calamares_viewmodule_partition.dir/PartitionViewStep.cpp.o
#13 89.59 [436/540] Building CXX object src/modules/partition/CMakeFiles/calamares_viewmodule_partition.dir/gui/CreateVolumeGroupDialog.cpp.o
#13 90.32 [437/540] Building CXX object src/modules/partition/CMakeFiles/calamares_viewmodule_partition.dir/gui/DeviceInfoWidget.cpp.o
#13 90.33 [438/540] Building CXX object src/modules/partition/CMakeFiles/calamares_viewmodule_partition.dir/gui/EncryptWidget.cpp.o
#13 91.08 [439/540] Building CXX object src/modules/partition/CMakeFiles/calamares_viewmodule_partition.dir/gui/ListPhysicalVolumeWidgetItem.cpp.o
#13 91.57 [440/540] Building CXX object src/modules/partition/CMakeFiles/calamares_viewmodule_partition.dir/gui/CreatePartitionDialog.cpp.o
#13 92.16 [441/540] Building CXX object src/modules/partition/CMakeFiles/calamares_viewmodule_partition.dir/gui/EditExistingPartitionDialog.cpp.o
#13 92.23 [442/540] Building CXX object src/modules/partition/CMakeFiles/calamares_viewmodule_partition.dir/gui/PartitionDialogHelpers.cpp.o
#13 92.83 [443/540] Building CXX object src/modules/partition/CMakeFiles/calamares_viewmodule_partition.dir/gui/PartitionBarsView.cpp.o
#13 93.19 [444/540] Building CXX object src/modules/partition/CMakeFiles/calamares_viewmodule_partition.dir/gui/ResizeVolumeGroupDialog.cpp.o
#13 93.61 [445/540] Building CXX object src/modules/partition/CMakeFiles/calamares_viewmodule_partition.dir/core/PartitionCoreModule.cpp.o
#13 93.87 [446/540] Building CXX object src/modules/partition/CMakeFiles/calamares_viewmodule_partition.dir/gui/PartitionSizeController.cpp.o
#13 94.63 [447/540] Building CXX object src/modules/partition/CMakeFiles/calamares_viewmodule_partition.dir/gui/PartitionLabelsView.cpp.o
#13 94.79 [448/540] Building CXX object src/modules/partition/CMakeFiles/calamares_viewmodule_partition.dir/gui/VolumeGroupBaseDialog.cpp.o
#13 94.83 [449/540] Building CXX object src/modules/partition/CMakeFiles/calamares_viewmodule_partition.dir/jobs/AutoMountManagementJob.cpp.o
#13 95.11 [450/540] Building CXX object src/modules/partition/CMakeFiles/calamares_viewmodule_partition.dir/gui/PartitionSplitterWidget.cpp.o
#13 95.72 [451/540] Building CXX object src/modules/partition/CMakeFiles/calamares_viewmodule_partition.dir/jobs/ChangeFilesystemLabelJob.cpp.o
#13 95.74 [452/540] Building CXX object src/modules/partition/CMakeFiles/calamares_viewmodule_partition.dir/gui/ChoicePage.cpp.o
#13 95.84 [453/540] Building CXX object src/modules/partition/CMakeFiles/calamares_viewmodule_partition.dir/jobs/ClearTempMountsJob.cpp.o
#13 96.45 [454/540] Building CXX object src/modules/partition/CMakeFiles/calamares_viewmodule_partition.dir/gui/PartitionPage.cpp.o
#13 96.48 [455/540] Building CXX object src/modules/partition/CMakeFiles/calamares_viewmodule_partition.dir/jobs/CreatePartitionJob.cpp.o
#13 96.50 [456/540] Building CXX object src/modules/partition/CMakeFiles/calamares_viewmodule_partition.dir/jobs/CreatePartitionTableJob.cpp.o
#13 96.78 [457/540] Building CXX object src/modules/partition/CMakeFiles/calamares_viewmodule_partition.dir/jobs/ClearMountsJob.cpp.o
#13 96.91 [458/540] Building CXX object src/modules/partition/CMakeFiles/calamares_viewmodule_partition.dir/jobs/CreateVolumeGroupJob.cpp.o
#13 97.41 [459/540] Building CXX object src/modules/partition/CMakeFiles/calamares_viewmodule_partition.dir/jobs/DeactivateVolumeGroupJob.cpp.o
#13 98.02 [460/540] Building CXX object src/modules/partition/CMakeFiles/calamares_viewmodule_partition.dir/jobs/PartitionJob.cpp.o
#13 98.08 [461/540] Building CXX object src/modules/partition/CMakeFiles/calamares_viewmodule_partition.dir/jobs/DeletePartitionJob.cpp.o
#13 98.11 [462/540] Building CXX object src/modules/plasmalnf/CMakeFiles/calamares_viewmodule_plasmalnf.dir/calamares_viewmodule_plasmalnf_autogen/EWIEGA46WW/qrc_page_plasmalnf.cpp.o
#13 98.31 [463/540] Building CXX object src/modules/partition/CMakeFiles/calamares_viewmodule_partition.dir/gui/ScanningDialog.cpp.o
#13 98.58 [464/540] Building CXX object src/modules/partition/CMakeFiles/calamares_viewmodule_partition.dir/jobs/FormatPartitionJob.cpp.o
#13 98.74 [465/540] Building CXX object src/modules/partition/CMakeFiles/calamares_viewmodule_partition.dir/jobs/RemoveVolumeGroupJob.cpp.o
#13 99.24 [466/540] Building CXX object src/modules/partition/CMakeFiles/calamares_viewmodule_partition.dir/jobs/ResizePartitionJob.cpp.o
#13 99.33 [467/540] Building CXX object src/modules/partition/CMakeFiles/calamares_viewmodule_partition.dir/jobs/ResizeVolumeGroupJob.cpp.o
#13 99.54 [468/540] Building CXX object src/modules/partition/CMakeFiles/calamares_viewmodule_partition.dir/jobs/FillGlobalStorageJob.cpp.o
#13 99.56 [469/540] Building CXX object src/modules/partition/CMakeFiles/calamares_viewmodule_partition.dir/jobs/SetPartitionFlagsJob.cpp.o
#13 100.2 [470/540] Building CXX object src/modules/plasmalnf/CMakeFiles/calamares_viewmodule_plasmalnf.dir/PlasmaLnfViewStep.cpp.o
#13 100.9 [471/540] Building CXX object src/modules/plasmalnf/CMakeFiles/calamares_viewmodule_plasmalnf.dir/Config.cpp.o
#13 101.0 [472/540] Building CXX object src/modules/summaryq/CMakeFiles/calamares_viewmodule_summaryq.dir/calamares_viewmodule_summaryq_autogen/EWIEGA46WW/qrc_summaryq-qt6.cpp.o
#13 101.0 [473/540] Building CXX object src/modules/plasmalnf/CMakeFiles/calamares_viewmodule_plasmalnf.dir/calamares_viewmodule_plasmalnf_autogen/mocs_compilation.cpp.o
#13 101.2 [474/540] Building CXX object src/modules/plasmalnf/CMakeFiles/calamares_viewmodule_plasmalnf.dir/PlasmaLnfJob.cpp.o
#13 102.4 [475/540] Building CXX object src/modules/plasmalnf/CMakeFiles/calamares_viewmodule_plasmalnf.dir/PlasmaLnfPage.cpp.o
#13 102.6 [476/540] Building CXX object src/modules/summary/CMakeFiles/calamares_viewmodule_summary.dir/Config.cpp.o
#13 103.0 [477/540] Building CXX object src/modules/summary/CMakeFiles/calamares_viewmodule_summary.dir/SummaryModel.cpp.o
#13 103.1 [478/540] Building CXX object src/modules/tracking/CMakeFiles/calamares_viewmodule_tracking.dir/calamares_viewmodule_tracking_autogen/EWIEGA46WW/qrc_page_trackingstep.cpp.o
#13 103.1 [479/540] Building CXX object src/modules/summary/CMakeFiles/calamares_viewmodule_summary.dir/calamares_viewmodule_summary_autogen/mocs_compilation.cpp.o
#13 103.2 [480/540] Building CXX object src/modules/summaryq/CMakeFiles/calamares_viewmodule_summaryq.dir/SummaryQmlViewStep.cpp.o
#13 103.2 [481/540] Building CXX object src/modules/summary/CMakeFiles/calamares_viewmodule_summary.dir/SummaryPage.cpp.o
#13 103.2 [482/540] Building CXX object src/modules/summary/CMakeFiles/calamares_viewmodule_summary.dir/SummaryViewStep.cpp.o
#13 103.2 [483/540] Building CXX object src/modules/users/CMakeFiles/calamares_viewmodule_users.dir/calamares_viewmodule_users_autogen/EWIEGA46WW/qrc_users.cpp.o
#13 103.5 [484/540] Building CXX object src/modules/plasmalnf/CMakeFiles/calamares_viewmodule_plasmalnf.dir/ThemeInfo.cpp.o
#13 103.6 [485/540] Building CXX object src/modules/usersq/CMakeFiles/calamares_viewmodule_usersq.dir/calamares_viewmodule_usersq_autogen/EWIEGA46WW/qrc_usersq-qt6.cpp.o
#13 104.3 [486/540] Building CXX object src/modules/summaryq/CMakeFiles/calamares_viewmodule_summaryq.dir/calamares_viewmodule_summaryq_autogen/mocs_compilation.cpp.o
#13 104.3 [487/540] Building CXX object src/modules/summaryq/CMakeFiles/calamares_viewmodule_summaryq.dir/__/summary/Config.cpp.o
#13 104.7 [488/540] Building CXX object src/modules/summaryq/CMakeFiles/calamares_viewmodule_summaryq.dir/__/summary/SummaryModel.cpp.o
#13 104.8 [489/540] Building CXX object src/modules/tracking/CMakeFiles/calamares_viewmodule_tracking.dir/Config.cpp.o
#13 105.0 [490/540] Building CXX object src/modules/tracking/CMakeFiles/calamares_viewmodule_tracking.dir/TrackingJobs.cpp.o
#13 105.1 [491/540] Building C object src/modules/welcome/CMakeFiles/calamares_viewmodule_welcome.dir/checker/partman_devices.c.o
#13 105.4 [492/540] Building CXX object src/modules/tracking/CMakeFiles/calamares_viewmodule_tracking.dir/calamares_viewmodule_tracking_autogen/mocs_compilation.cpp.o
#13 105.8 [493/540] Building CXX object src/modules/tracking/CMakeFiles/calamares_viewmodule_tracking.dir/TrackingViewStep.cpp.o
#13 106.6 [494/540] Building CXX object src/modules/usersq/CMakeFiles/calamares_viewmodule_usersq.dir/calamares_viewmodule_usersq_autogen/mocs_compilation.cpp.o
#13 106.7 [495/540] Building CXX object src/modules/welcome/CMakeFiles/calamares_viewmodule_welcome.dir/calamares_viewmodule_welcome_autogen/EWIEGA46WW/qrc_welcome.cpp.o
#13 107.0 [496/540] Building CXX object src/modules/users/CMakeFiles/calamares_viewmodule_users.dir/UsersViewStep.cpp.o
#13 107.5 [497/540] Building CXX object src/modules/tracking/CMakeFiles/calamares_viewmodule_tracking.dir/TrackingPage.cpp.o
#13 107.5 [498/540] Building CXX object src/modules/usersq/CMakeFiles/calamares_viewmodule_usersq.dir/UsersQmlViewStep.cpp.o
#13 107.5 [499/540] Building CXX object src/modules/users/CMakeFiles/calamares_viewmodule_users.dir/calamares_viewmodule_users_autogen/mocs_compilation.cpp.o
#13 107.6 [500/540] Building C object src/modules/welcomeq/CMakeFiles/calamares_viewmodule_welcomeq.dir/__/welcome/checker/partman_devices.c.o
#13 107.6 [501/540] Building CXX object src/modules/welcomeq/CMakeFiles/calamares_viewmodule_welcomeq.dir/calamares_viewmodule_welcomeq_autogen/EWIEGA46WW/qrc_welcomeq-qt6.cpp.o
#13 108.2 [502/540] Building CXX object src/modules/welcome/CMakeFiles/calamares_viewmodule_welcome.dir/checker/ResultDelegate.cpp.o
#13 108.9 [503/540] Building CXX object src/modules/users/CMakeFiles/calamares_viewmodule_users.dir/UsersPage.cpp.o
#13 109.1 [504/540] Building CXX object src/modules/welcome/CMakeFiles/calamares_viewmodule_welcome.dir/checker/CheckerContainer.cpp.o
#13 109.6 [505/540] Building CXX object src/modules/welcome/CMakeFiles/calamares_viewmodule_welcome.dir/calamares_viewmodule_welcome_autogen/mocs_compilation.cpp.o
#13 109.7 [506/540] Building CXX object src/modules/welcome/CMakeFiles/calamares_viewmodule_welcome.dir/checker/ResultsListWidget.cpp.o
#13 109.7 [507/540] Building CXX object src/modules/welcome/CMakeFiles/calamares_viewmodule_welcome.dir/checker/GeneralRequirements.cpp.o
#13 110.1 [508/540] Building CXX object src/modules/welcome/CMakeFiles/calamares_viewmodule_welcome.dir/WelcomeViewStep.cpp.o
#13 110.7 [509/540] Building CXX object src/modules/welcome/CMakeFiles/calamares_viewmodule_welcome.dir/Config.cpp.o
#13 111.1 [510/540] Linking CXX shared library src/modules/finished/libcalamares_viewmodule_finished.so
#13 111.2 [511/540] Building CXX object src/modules/welcome/CMakeFiles/calamares_viewmodule_welcome.dir/WelcomePage.cpp.o
#13 111.6 [512/540] Linking CXX shared library src/modules/finishedq/libcalamares_viewmodule_finishedq.so
#13 112.6 [513/540] Linking CXX shared library src/modules/notesqml/libcalamares_viewmodule_notesqml.so
#13 112.8 [514/540] Building CXX object src/modules/welcomeq/CMakeFiles/calamares_viewmodule_welcomeq.dir/calamares_viewmodule_welcomeq_autogen/mocs_compilation.cpp.o
#13 113.9 [515/540] Linking CXX shared library src/modules/oemid/libcalamares_viewmodule_oemid.so
#13 114.4 [516/540] Linking CXX shared library src/modules/license/libcalamares_viewmodule_license.so
#13 114.7 [517/540] Building CXX object src/modules/welcomeq/CMakeFiles/calamares_viewmodule_welcomeq.dir/WelcomeQmlViewStep.cpp.o
#13 115.4 [518/540] Linking CXX shared library src/modules/removeuser/libcalamares_job_removeuser.so
#13 115.7 [519/540] Linking CXX shared library src/modules/localeq/libcalamares_viewmodule_localeq.so
#13 115.9 [520/540] Linking CXX shared library src/modules/shellprocess/libcalamares_job_shellprocess.so
#13 116.0 [521/540] Linking CXX shared library src/modules/preservefiles/libcalamares_job_preservefiles.so
#13 116.5 [522/540] Building CXX object src/modules/welcomeq/CMakeFiles/calamares_viewmodule_welcomeq.dir/__/welcome/Config.cpp.o
#13 116.8 [523/540] Linking CXX executable calamares
#13 117.7 [524/540] Linking CXX shared library src/modules/locale/libcalamares_viewmodule_locale.so
#13 118.9 [525/540] Building CXX object src/modules/welcomeq/CMakeFiles/calamares_viewmodule_welcomeq.dir/__/welcome/checker/GeneralRequirements.cpp.o
#13 119.0 [526/540] Linking CXX shared library src/modules/umount/libcalamares_job_umount.so
#13 120.4 [527/540] Linking CXX shared library src/modules/summaryq/libcalamares_viewmodule_summaryq.so
#13 121.2 [528/540] Linking CXX shared library src/modules/keyboard/libcalamares_viewmodule_keyboard.so
#13 121.6 [529/540] Linking CXX shared library src/modules/summary/libcalamares_viewmodule_summary.so
#13 121.7 [530/540] Linking CXX shared library src/modules/tracking/libcalamares_viewmodule_tracking.so
#13 121.7 [531/540] Linking CXX shared library src/modules/keyboardq/libcalamares_viewmodule_keyboardq.so
#13 122.1 [532/540] Linking CXX shared library src/modules/netinstall/libcalamares_viewmodule_netinstall.so
#13 122.4 [533/540] Linking CXX shared library src/modules/unpackfsc/libcalamares_job_unpackfsc.so
#13 122.4 [534/540] Linking CXX shared library src/modules/plasmalnf/libcalamares_viewmodule_plasmalnf.so
#13 122.4 [535/540] Linking CXX shared library src/modules/usersq/libcalamares_viewmodule_usersq.so
#13 123.2 [536/540] Linking CXX shared library src/modules/partition/libcalamares_viewmodule_partition.so
#13 123.3 [537/540] Linking CXX shared library src/modules/users/libcalamares_viewmodule_users.so
#13 123.7 [538/540] Linking CXX shared library src/modules/welcome/libcalamares_viewmodule_welcome.so
#13 123.8 [539/540] Linking CXX shared library src/modules/welcomeq/libcalamares_viewmodule_welcomeq.so
#13 123.9 [540/540] Linking CXX shared library src/modules/zfs/libcalamares_job_zfs.so
#13 123.9 ==> Entering fakeroot environment...
#13 126.3 ==> Starting package()...
#13 126.3 -- Install configuration: "Release"
#13 126.4 -- Installing: /tmp/calamares/pkg/calamares/usr/share/locale/ar/LC_MESSAGES/calamares-python.mo
#13 126.4 -- Installing: /tmp/calamares/pkg/calamares/usr/share/locale/as/LC_MESSAGES/calamares-python.mo
#13 126.4 -- Installing: /tmp/calamares/pkg/calamares/usr/share/locale/ast/LC_MESSAGES/calamares-python.mo
#13 126.4 -- Installing: /tmp/calamares/pkg/calamares/usr/share/locale/az/LC_MESSAGES/calamares-python.mo
#13 126.4 -- Installing: /tmp/calamares/pkg/calamares/usr/share/locale/az_AZ/LC_MESSAGES/calamares-python.mo
#13 126.4 -- Installing: /tmp/calamares/pkg/calamares/usr/share/locale/be/LC_MESSAGES/calamares-python.mo
#13 126.4 -- Installing: /tmp/calamares/pkg/calamares/usr/share/locale/bg/LC_MESSAGES/calamares-python.mo
#13 126.4 -- Installing: /tmp/calamares/pkg/calamares/usr/share/locale/bn/LC_MESSAGES/calamares-python.mo
#13 126.4 -- Installing: /tmp/calamares/pkg/calamares/usr/share/locale/ca/LC_MESSAGES/calamares-python.mo
#13 126.4 -- Installing: /tmp/calamares/pkg/calamares/usr/share/locale/ca@valencia/LC_MESSAGES/calamares-python.mo
#13 126.4 -- Installing: /tmp/calamares/pkg/calamares/usr/share/locale/cs_CZ/LC_MESSAGES/calamares-python.mo
#13 126.4 -- Installing: /tmp/calamares/pkg/calamares/usr/share/locale/da/LC_MESSAGES/calamares-python.mo
#13 126.4 -- Installing: /tmp/calamares/pkg/calamares/usr/share/locale/de/LC_MESSAGES/calamares-python.mo
#13 126.4 -- Installing: /tmp/calamares/pkg/calamares/usr/share/locale/el/LC_MESSAGES/calamares-python.mo
#13 126.4 -- Installing: /tmp/calamares/pkg/calamares/usr/share/locale/en_GB/LC_MESSAGES/calamares-python.mo
#13 126.4 -- Installing: /tmp/calamares/pkg/calamares/usr/share/locale/eo/LC_MESSAGES/calamares-python.mo
#13 126.4 -- Installing: /tmp/calamares/pkg/calamares/usr/share/locale/es/LC_MESSAGES/calamares-python.mo
#13 126.4 -- Installing: /tmp/calamares/pkg/calamares/usr/share/locale/es_AR/LC_MESSAGES/calamares-python.mo
#13 126.4 -- Installing: /tmp/calamares/pkg/calamares/usr/share/locale/es_MX/LC_MESSAGES/calamares-python.mo
#13 126.4 -- Installing: /tmp/calamares/pkg/calamares/usr/share/locale/et/LC_MESSAGES/calamares-python.mo
#13 126.4 -- Installing: /tmp/calamares/pkg/calamares/usr/share/locale/eu/LC_MESSAGES/calamares-python.mo
#13 126.4 -- Installing: /tmp/calamares/pkg/calamares/usr/share/locale/fa/LC_MESSAGES/calamares-python.mo
#13 126.4 -- Installing: /tmp/calamares/pkg/calamares/usr/share/locale/fi_FI/LC_MESSAGES/calamares-python.mo
#13 126.4 -- Installing: /tmp/calamares/pkg/calamares/usr/share/locale/fr/LC_MESSAGES/calamares-python.mo
#13 126.4 -- Installing: /tmp/calamares/pkg/calamares/usr/share/locale/fur/LC_MESSAGES/calamares-python.mo
#13 126.4 -- Installing: /tmp/calamares/pkg/calamares/usr/share/locale/gl/LC_MESSAGES/calamares-python.mo
#13 126.4 -- Installing: /tmp/calamares/pkg/calamares/usr/share/locale/he/LC_MESSAGES/calamares-python.mo
#13 126.4 -- Installing: /tmp/calamares/pkg/calamares/usr/share/locale/hi/LC_MESSAGES/calamares-python.mo
#13 126.4 -- Installing: /tmp/calamares/pkg/calamares/usr/share/locale/hr/LC_MESSAGES/calamares-python.mo
#13 126.4 -- Installing: /tmp/calamares/pkg/calamares/usr/share/locale/hu/LC_MESSAGES/calamares-python.mo
#13 126.4 -- Installing: /tmp/calamares/pkg/calamares/usr/share/locale/ia/LC_MESSAGES/calamares-python.mo
#13 126.4 -- Installing: /tmp/calamares/pkg/calamares/usr/share/locale/id/LC_MESSAGES/calamares-python.mo
#13 126.4 -- Installing: /tmp/calamares/pkg/calamares/usr/share/locale/is/LC_MESSAGES/calamares-python.mo
#13 126.4 -- Installing: /tmp/calamares/pkg/calamares/usr/share/locale/it_IT/LC_MESSAGES/calamares-python.mo
#13 126.4 -- Installing: /tmp/calamares/pkg/calamares/usr/share/locale/ja/LC_MESSAGES/calamares-python.mo
#13 126.4 -- Installing: /tmp/calamares/pkg/calamares/usr/share/locale/ka/LC_MESSAGES/calamares-python.mo
#13 126.4 -- Installing: /tmp/calamares/pkg/calamares/usr/share/locale/kk/LC_MESSAGES/calamares-python.mo
#13 126.4 -- Installing: /tmp/calamares/pkg/calamares/usr/share/locale/ko/LC_MESSAGES/calamares-python.mo
#13 126.4 -- Installing: /tmp/calamares/pkg/calamares/usr/share/locale/lg/LC_MESSAGES/calamares-python.mo
#13 126.4 -- Installing: /tmp/calamares/pkg/calamares/usr/share/locale/lt/LC_MESSAGES/calamares-python.mo
#13 126.4 -- Installing: /tmp/calamares/pkg/calamares/usr/share/locale/ml/LC_MESSAGES/calamares-python.mo
#13 126.4 -- Installing: /tmp/calamares/pkg/calamares/usr/share/locale/mr/LC_MESSAGES/calamares-python.mo
#13 126.4 -- Installing: /tmp/calamares/pkg/calamares/usr/share/locale/nb/LC_MESSAGES/calamares-python.mo
#13 126.4 -- Installing: /tmp/calamares/pkg/calamares/usr/share/locale/nl/LC_MESSAGES/calamares-python.mo
#13 126.4 -- Installing: /tmp/calamares/pkg/calamares/usr/share/locale/oc/LC_MESSAGES/calamares-python.mo
#13 126.4 -- Installing: /tmp/calamares/pkg/calamares/usr/share/locale/pl/LC_MESSAGES/calamares-python.mo
#13 126.4 -- Installing: /tmp/calamares/pkg/calamares/usr/share/locale/pt_BR/LC_MESSAGES/calamares-python.mo
#13 126.4 -- Installing: /tmp/calamares/pkg/calamares/usr/share/locale/pt_PT/LC_MESSAGES/calamares-python.mo
#13 126.4 -- Installing: /tmp/calamares/pkg/calamares/usr/share/locale/ro/LC_MESSAGES/calamares-python.mo
#13 126.4 -- Installing: /tmp/calamares/pkg/calamares/usr/share/locale/ru/LC_MESSAGES/calamares-python.mo
#13 126.4 -- Installing: /tmp/calamares/pkg/calamares/usr/share/locale/si/LC_MESSAGES/calamares-python.mo
#13 126.4 -- Installing: /tmp/calamares/pkg/calamares/usr/share/locale/sk/LC_MESSAGES/calamares-python.mo
#13 126.4 -- Installing: /tmp/calamares/pkg/calamares/usr/share/locale/sl/LC_MESSAGES/calamares-python.mo
#13 126.4 -- Installing: /tmp/calamares/pkg/calamares/usr/share/locale/sq/LC_MESSAGES/calamares-python.mo
#13 126.4 -- Installing: /tmp/calamares/pkg/calamares/usr/share/locale/sr/LC_MESSAGES/calamares-python.mo
#13 126.4 -- Installing: /tmp/calamares/pkg/calamares/usr/share/locale/sr@latin/LC_MESSAGES/calamares-python.mo
#13 126.4 -- Installing: /tmp/calamares/pkg/calamares/usr/share/locale/sv/LC_MESSAGES/calamares-python.mo
#13 126.4 -- Installing: /tmp/calamares/pkg/calamares/usr/share/locale/tg/LC_MESSAGES/calamares-python.mo
#13 126.4 -- Installing: /tmp/calamares/pkg/calamares/usr/share/locale/th/LC_MESSAGES/calamares-python.mo
#13 126.4 -- Installing: /tmp/calamares/pkg/calamares/usr/share/locale/tr_TR/LC_MESSAGES/calamares-python.mo
#13 126.4 -- Installing: /tmp/calamares/pkg/calamares/usr/share/locale/uk/LC_MESSAGES/calamares-python.mo
#13 126.4 -- Installing: /tmp/calamares/pkg/calamares/usr/share/locale/uz/LC_MESSAGES/calamares-python.mo
#13 126.4 -- Installing: /tmp/calamares/pkg/calamares/usr/share/locale/vi/LC_MESSAGES/calamares-python.mo
#13 126.4 -- Installing: /tmp/calamares/pkg/calamares/usr/share/locale/zh_CN/LC_MESSAGES/calamares-python.mo
#13 126.4 -- Installing: /tmp/calamares/pkg/calamares/usr/share/locale/zh_TW/LC_MESSAGES/calamares-python.mo
#13 126.4 -- Installing: /tmp/calamares/pkg/calamares/usr/lib/libcalamares.so.3.4.2
#13 126.4 -- Installing: /tmp/calamares/pkg/calamares/usr/lib/libcalamares.so.3.4
#13 126.4 -- Installing: /tmp/calamares/pkg/calamares/usr/lib/libcalamares.so
#13 126.4 -- Installing: /tmp/calamares/pkg/calamares/usr/include/libcalamares/CalamaresConfig.h
#13 126.4 -- Installing: /tmp/calamares/pkg/calamares/usr/include/libcalamares/CalamaresVersion.h
#13 126.4 -- Installing: /tmp/calamares/pkg/calamares/usr/include/libcalamares/CalamaresAbout.h
#13 126.4 -- Installing: /tmp/calamares/pkg/calamares/usr/include/libcalamares/CppJob.h
#13 126.4 -- Installing: /tmp/calamares/pkg/calamares/usr/include/libcalamares/DllMacro.h
#13 126.4 -- Installing: /tmp/calamares/pkg/calamares/usr/include/libcalamares/GlobalStorage.h
#13 126.4 -- Installing: /tmp/calamares/pkg/calamares/usr/include/libcalamares/Job.h
#13 126.4 -- Installing: /tmp/calamares/pkg/calamares/usr/include/libcalamares/JobExample.h
#13 126.4 -- Installing: /tmp/calamares/pkg/calamares/usr/include/libcalamares/JobQueue.h
#13 126.4 -- Installing: /tmp/calamares/pkg/calamares/usr/include/libcalamares/ProcessJob.h
#13 126.4 -- Installing: /tmp/calamares/pkg/calamares/usr/include/libcalamares/Settings.h
#13 126.4 -- Installing: /tmp/calamares/pkg/calamares/usr/include/libcalamares/geoip/GeoIPFixed.h
#13 126.4 -- Installing: /tmp/calamares/pkg/calamares/usr/include/libcalamares/geoip/GeoIPJSON.h
#13 126.4 -- Installing: /tmp/calamares/pkg/calamares/usr/include/libcalamares/geoip/GeoIPTests.h
#13 126.4 -- Installing: /tmp/calamares/pkg/calamares/usr/include/libcalamares/geoip/GeoIPXML.h
#13 126.4 -- Installing: /tmp/calamares/pkg/calamares/usr/include/libcalamares/geoip/Handler.h
#13 126.4 -- Installing: /tmp/calamares/pkg/calamares/usr/include/libcalamares/geoip/Interface.h
#13 126.4 -- Installing: /tmp/calamares/pkg/calamares/usr/include/libcalamares/locale/Global.h
#13 126.4 -- Installing: /tmp/calamares/pkg/calamares/usr/include/libcalamares/locale/Lookup.h
#13 126.4 -- Installing: /tmp/calamares/pkg/calamares/usr/include/libcalamares/locale/TimeZone.h
#13 126.4 -- Installing: /tmp/calamares/pkg/calamares/usr/include/libcalamares/locale/TranslatableConfiguration.h
#13 126.4 -- Installing: /tmp/calamares/pkg/calamares/usr/include/libcalamares/locale/TranslatableString.h
#13 126.4 -- Installing: /tmp/calamares/pkg/calamares/usr/include/libcalamares/locale/Translation.h
#13 126.4 -- Installing: /tmp/calamares/pkg/calamares/usr/include/libcalamares/locale/TranslationsModel.h
#13 126.4 -- Installing: /tmp/calamares/pkg/calamares/usr/include/libcalamares/modulesystem/Actions.h
#13 126.4 -- Installing: /tmp/calamares/pkg/calamares/usr/include/libcalamares/modulesystem/Config.h
#13 126.4 -- Installing: /tmp/calamares/pkg/calamares/usr/include/libcalamares/modulesystem/Descriptor.h
#13 126.4 -- Installing: /tmp/calamares/pkg/calamares/usr/include/libcalamares/modulesystem/InstanceKey.h
#13 126.4 -- Installing: /tmp/calamares/pkg/calamares/usr/include/libcalamares/modulesystem/Module.h
#13 126.4 -- Installing: /tmp/calamares/pkg/calamares/usr/include/libcalamares/modulesystem/Preset.h
#13 126.4 -- Installing: /tmp/calamares/pkg/calamares/usr/include/libcalamares/modulesystem/Requirement.h
#13 126.4 -- Installing: /tmp/calamares/pkg/calamares/usr/include/libcalamares/modulesystem/RequirementsChecker.h
#13 126.4 -- Installing: /tmp/calamares/pkg/calamares/usr/include/libcalamares/modulesystem/RequirementsModel.h
#13 126.4 -- Installing: /tmp/calamares/pkg/calamares/usr/include/libcalamares/network/Manager.h
#13 126.4 -- Installing: /tmp/calamares/pkg/calamares/usr/include/libcalamares/network/Tests.h
#13 126.4 -- Installing: /tmp/calamares/pkg/calamares/usr/include/libcalamares/partition/AutoMount.h
#13 126.4 -- Installing: /tmp/calamares/pkg/calamares/usr/include/libcalamares/partition/FileSystem.h
#13 126.4 -- Installing: /tmp/calamares/pkg/calamares/usr/include/libcalamares/partition/Global.h
#13 126.4 -- Installing: /tmp/calamares/pkg/calamares/usr/include/libcalamares/partition/KPMHelper.h
#13 126.4 -- Installing: /tmp/calamares/pkg/calamares/usr/include/libcalamares/partition/KPMManager.h
#13 126.4 -- Installing: /tmp/calamares/pkg/calamares/usr/include/libcalamares/partition/Mount.h
#13 126.4 -- Installing: /tmp/calamares/pkg/calamares/usr/include/libcalamares/partition/PartitionIterator.h
#13 126.4 -- Installing: /tmp/calamares/pkg/calamares/usr/include/libcalamares/partition/PartitionQuery.h
#13 126.4 -- Installing: /tmp/calamares/pkg/calamares/usr/include/libcalamares/partition/PartitionSize.h
#13 126.4 -- Installing: /tmp/calamares/pkg/calamares/usr/include/libcalamares/partition/Sync.h
#13 126.4 -- Installing: /tmp/calamares/pkg/calamares/usr/include/libcalamares/utils/CommandList.h
#13 126.4 -- Installing: /tmp/calamares/pkg/calamares/usr/include/libcalamares/utils/Dirs.h
#13 126.4 -- Installing: /tmp/calamares/pkg/calamares/usr/include/libcalamares/utils/Entropy.h
#13 126.4 -- Installing: /tmp/calamares/pkg/calamares/usr/include/libcalamares/utils/Logger.h
#13 126.4 -- Installing: /tmp/calamares/pkg/calamares/usr/include/libcalamares/utils/NamedEnum.h
#13 126.4 -- Installing: /tmp/calamares/pkg/calamares/usr/include/libcalamares/utils/NamedSuffix.h
#13 126.4 -- Installing: /tmp/calamares/pkg/calamares/usr/include/libcalamares/utils/Permissions.h
#13 126.4 -- Installing: /tmp/calamares/pkg/calamares/usr/include/libcalamares/utils/PluginFactory.h
#13 126.4 -- Installing: /tmp/calamares/pkg/calamares/usr/include/libcalamares/utils/RAII.h
#13 126.4 -- Installing: /tmp/calamares/pkg/calamares/usr/include/libcalamares/utils/Retranslator.h
#13 126.4 -- Installing: /tmp/calamares/pkg/calamares/usr/include/libcalamares/utils/Runner.h
#13 126.4 -- Installing: /tmp/calamares/pkg/calamares/usr/include/libcalamares/utils/String.h
#13 126.4 -- Installing: /tmp/calamares/pkg/calamares/usr/include/libcalamares/utils/StringExpander.h
#13 126.4 -- Installing: /tmp/calamares/pkg/calamares/usr/include/libcalamares/utils/System.h
#13 126.4 -- Installing: /tmp/calamares/pkg/calamares/usr/include/libcalamares/utils/Traits.h
#13 126.4 -- Installing: /tmp/calamares/pkg/calamares/usr/include/libcalamares/utils/UMask.h
#13 126.4 -- Installing: /tmp/calamares/pkg/calamares/usr/include/libcalamares/utils/Units.h
#13 126.4 -- Installing: /tmp/calamares/pkg/calamares/usr/include/libcalamares/utils/Variant.h
#13 126.4 -- Installing: /tmp/calamares/pkg/calamares/usr/include/libcalamares/utils/Yaml.h
#13 126.4 -- Installing: /tmp/calamares/pkg/calamares/usr/include/libcalamares/utils/moc-warnings.h
#13 126.4 -- Installing: /tmp/calamares/pkg/calamares/usr/include/libcalamares/compat/CheckBox.h
#13 126.4 -- Installing: /tmp/calamares/pkg/calamares/usr/include/libcalamares/compat/Mutex.h
#13 126.4 -- Installing: /tmp/calamares/pkg/calamares/usr/include/libcalamares/compat/Size.h
#13 126.4 -- Installing: /tmp/calamares/pkg/calamares/usr/include/libcalamares/compat/Variant.h
#13 126.4 -- Installing: /tmp/calamares/pkg/calamares/usr/include/libcalamares/compat/Xml.h
#13 126.4 -- Installing: /tmp/calamares/pkg/calamares/usr/include/libcalamares/packages/Globals.h
#13 126.4 -- Installing: /tmp/calamares/pkg/calamares/usr/lib/libcalamaresui.so.3.4.2
#13 126.4 -- Installing: /tmp/calamares/pkg/calamares/usr/lib/libcalamaresui.so.3.4
#13 126.4 -- Set non-toolchain portion of runtime path of "/tmp/calamares/pkg/calamares/usr/lib/libcalamaresui.so.3.4.2" to ""
#13 126.4 -- Installing: /tmp/calamares/pkg/calamares/usr/lib/libcalamaresui.so
#13 126.4 -- Installing: /tmp/calamares/pkg/calamares/usr/include/libcalamares/Branding.h
#13 126.4 -- Installing: /tmp/calamares/pkg/calamares/usr/include/libcalamares/ViewManager.h
#13 126.4 -- Installing: /tmp/calamares/pkg/calamares/usr/include/libcalamares/modulesystem/CppJobModule.h
#13 126.4 -- Installing: /tmp/calamares/pkg/calamares/usr/include/libcalamares/modulesystem/ModuleFactory.h
#13 126.4 -- Installing: /tmp/calamares/pkg/calamares/usr/include/libcalamares/modulesystem/ModuleManager.h
#13 126.4 -- Installing: /tmp/calamares/pkg/calamares/usr/include/libcalamares/modulesystem/ProcessJobModule.h
#13 126.4 -- Installing: /tmp/calamares/pkg/calamares/usr/include/libcalamares/modulesystem/PythonJobModule.h
#13 126.4 -- Installing: /tmp/calamares/pkg/calamares/usr/include/libcalamares/modulesystem/ViewModule.h
#13 126.4 -- Installing: /tmp/calamares/pkg/calamares/usr/include/libcalamares/utils/Gui.h
#13 126.4 -- Installing: /tmp/calamares/pkg/calamares/usr/include/libcalamares/utils/ImageRegistry.h
#13 126.4 -- Installing: /tmp/calamares/pkg/calamares/usr/include/libcalamares/utils/Paste.h
#13 126.4 -- Installing: /tmp/calamares/pkg/calamares/usr/include/libcalamares/utils/Qml.h
#13 126.4 -- Installing: /tmp/calamares/pkg/calamares/usr/include/libcalamares/utils/QtCompat.h
#13 126.4 -- Installing: /tmp/calamares/pkg/calamares/usr/include/libcalamares/viewpages/BlankViewStep.h
#13 126.4 -- Installing: /tmp/calamares/pkg/calamares/usr/include/libcalamares/viewpages/ExecutionViewStep.h
#13 126.4 -- Installing: /tmp/calamares/pkg/calamares/usr/include/libcalamares/viewpages/QmlViewStep.h
#13 126.4 -- Installing: /tmp/calamares/pkg/calamares/usr/include/libcalamares/viewpages/Slideshow.h
#13 126.4 -- Installing: /tmp/calamares/pkg/calamares/usr/include/libcalamares/viewpages/ViewStep.h
#13 126.4 -- Installing: /tmp/calamares/pkg/calamares/usr/include/libcalamares/widgets/ClickableLabel.h
#13 126.4 -- Installing: /tmp/calamares/pkg/calamares/usr/include/libcalamares/widgets/ErrorDialog.h
#13 126.4 -- Installing: /tmp/calamares/pkg/calamares/usr/include/libcalamares/widgets/FixedAspectRatioLabel.h
#13 126.4 -- Installing: /tmp/calamares/pkg/calamares/usr/include/libcalamares/widgets/LogWidget.h
#13 126.4 -- Installing: /tmp/calamares/pkg/calamares/usr/include/libcalamares/widgets/PrettyRadioButton.h
#13 126.4 -- Installing: /tmp/calamares/pkg/calamares/usr/include/libcalamares/widgets/TranslationFix.h
#13 126.4 -- Installing: /tmp/calamares/pkg/calamares/usr/include/libcalamares/widgets/WaitingWidget.h
#13 126.4 -- Installing: /tmp/calamares/pkg/calamares/usr/include/libcalamares/widgets/waitingspinnerwidget.h
#13 126.4 -- Installing: /tmp/calamares/pkg/calamares/usr/share/calamares/qml/calamares/slideshow/BackButton.qml
#13 126.4 -- Installing: /tmp/calamares/pkg/calamares/usr/share/calamares/qml/calamares/slideshow/ForwardButton.qml
#13 126.4 -- Installing: /tmp/calamares/pkg/calamares/usr/share/calamares/qml/calamares/slideshow/NavButton.qml
#13 126.4 -- Installing: /tmp/calamares/pkg/calamares/usr/share/calamares/qml/calamares/slideshow/Presentation.qml
#13 126.4 -- Installing: /tmp/calamares/pkg/calamares/usr/share/calamares/qml/calamares/slideshow/Slide.qml
#13 126.4 -- Installing: /tmp/calamares/pkg/calamares/usr/share/calamares/qml/calamares/slideshow/SlideCounter.qml
#13 126.4 -- Installing: /tmp/calamares/pkg/calamares/usr/share/calamares/qml/calamares/slideshow/qmldir
#13 126.4 -- Installing: /tmp/calamares/pkg/calamares/usr/share/calamares/qml/calamares/slideshow/qmldir.license
#13 126.4 -- Installing: /tmp/calamares/pkg/calamares/usr/bin/calamares
#13 126.4 -- Set non-toolchain portion of runtime path of "/tmp/calamares/pkg/calamares/usr/bin/calamares" to ""
#13 126.4 -- Installing: /tmp/calamares/pkg/calamares/usr/share/icons/hicolor/scalable/apps/calamares.svg
#13 126.4 -- Installing: /tmp/calamares/pkg/calamares/usr/lib/calamares/modules/bootloader/bootloader.schema.yaml
#13 126.4 -- Installing: /tmp/calamares/pkg/calamares/usr/lib/calamares/modules/bootloader/main.py
#13 126.4 -- Installing: /tmp/calamares/pkg/calamares/usr/lib/calamares/modules/bootloader/module.desc
#13 126.4 -- Installing: /tmp/calamares/pkg/calamares/usr/lib/calamares/modules/bootloader/test.yaml
#13 126.4 -- Installing: /tmp/calamares/pkg/calamares/usr/share/calamares/modules/bootloader.conf
#13 126.4 -- Installing: /tmp/calamares/pkg/calamares/usr/lib/calamares/modules/contextualprocess/libcalamares_job_contextualprocess.so
#13 126.4 -- Set non-toolchain portion of runtime path of "/tmp/calamares/pkg/calamares/usr/lib/calamares/modules/contextualprocess/libcalamares_job_contextualprocess.so" to ""
#13 126.4 -- Installing: /tmp/calamares/pkg/calamares/usr/lib/calamares/modules/contextualprocess/module.desc
#13 126.4 -- Installing: /tmp/calamares/pkg/calamares/usr/share/calamares/modules/contextualprocess.conf
#13 126.4 -- Installing: /tmp/calamares/pkg/calamares/usr/lib/calamares/modules/displaymanager/displaymanager.schema.yaml
#13 126.4 -- Installing: /tmp/calamares/pkg/calamares/usr/lib/calamares/modules/displaymanager/main.py
#13 126.4 -- Installing: /tmp/calamares/pkg/calamares/usr/lib/calamares/modules/displaymanager/module.desc
#13 126.4 -- Installing: /tmp/calamares/pkg/calamares/usr/share/calamares/modules/displaymanager.conf
#13 126.4 -- Installing: /tmp/calamares/pkg/calamares/usr/lib/calamares/modules/finished/libcalamares_viewmodule_finished.so
#13 126.4 -- Set non-toolchain portion of runtime path of "/tmp/calamares/pkg/calamares/usr/lib/calamares/modules/finished/libcalamares_viewmodule_finished.so" to ""
#13 126.4 -- Installing: /tmp/calamares/pkg/calamares/usr/lib/calamares/modules/finished/module.desc
#13 126.4 -- Installing: /tmp/calamares/pkg/calamares/usr/share/calamares/modules/finished.conf
#13 126.4 -- Installing: /tmp/calamares/pkg/calamares/usr/lib/calamares/modules/finishedq/libcalamares_viewmodule_finishedq.so
#13 126.5 -- Set non-toolchain portion of runtime path of "/tmp/calamares/pkg/calamares/usr/lib/calamares/modules/finishedq/libcalamares_viewmodule_finishedq.so" to ""
#13 126.5 -- Installing: /tmp/calamares/pkg/calamares/usr/lib/calamares/modules/finishedq/module.desc
#13 126.5 -- Installing: /tmp/calamares/pkg/calamares/usr/share/calamares/modules/finishedq.conf
#13 126.5 -- Installing: /tmp/calamares/pkg/calamares/usr/lib/calamares/modules/fsresizer/libcalamares_job_fsresizer.so
#13 126.5 -- Set non-toolchain portion of runtime path of "/tmp/calamares/pkg/calamares/usr/lib/calamares/modules/fsresizer/libcalamares_job_fsresizer.so" to ""
#13 126.5 -- Installing: /tmp/calamares/pkg/calamares/usr/lib/calamares/modules/fsresizer/module.desc
#13 126.5 -- Installing: /tmp/calamares/pkg/calamares/usr/share/calamares/modules/fsresizer.conf
#13 126.5 -- Installing: /tmp/calamares/pkg/calamares/usr/lib/calamares/modules/fstab/fstab.schema.yaml
#13 126.5 -- Installing: /tmp/calamares/pkg/calamares/usr/lib/calamares/modules/fstab/main.py
#13 126.5 -- Installing: /tmp/calamares/pkg/calamares/usr/lib/calamares/modules/fstab/module.desc
#13 126.5 -- Installing: /tmp/calamares/pkg/calamares/usr/lib/calamares/modules/fstab/test.yaml
#13 126.5 -- Installing: /tmp/calamares/pkg/calamares/usr/lib/calamares/modules/fstab/test2.yaml
#13 126.5 -- Installing: /tmp/calamares/pkg/calamares/usr/share/calamares/modules/fstab.conf
#13 126.5 -- Installing: /tmp/calamares/pkg/calamares/usr/lib/calamares/modules/grubcfg/grubcfg.schema.yaml
#13 126.5 -- Installing: /tmp/calamares/pkg/calamares/usr/lib/calamares/modules/grubcfg/main.py
#13 126.5 -- Installing: /tmp/calamares/pkg/calamares/usr/lib/calamares/modules/grubcfg/module.desc
#13 126.5 -- Installing: /tmp/calamares/pkg/calamares/usr/share/calamares/modules/grubcfg.conf
#13 126.5 -- Installing: /tmp/calamares/pkg/calamares/usr/lib/calamares/modules/hostinfo/libcalamares_job_hostinfo.so
#13 126.5 -- Set non-toolchain portion of runtime path of "/tmp/calamares/pkg/calamares/usr/lib/calamares/modules/hostinfo/libcalamares_job_hostinfo.so" to ""
#13 126.5 -- Installing: /tmp/calamares/pkg/calamares/usr/lib/calamares/modules/hostinfo/module.desc
#13 126.5 -- Installing: /tmp/calamares/pkg/calamares/usr/lib/calamares/modules/hwclock/main.py
#13 126.5 -- Installing: /tmp/calamares/pkg/calamares/usr/lib/calamares/modules/hwclock/module.desc
#13 126.5 -- Installing: /tmp/calamares/pkg/calamares/usr/lib/calamares/modules/initcpio/libcalamares_job_initcpio.so
#13 126.5 -- Set non-toolchain portion of runtime path of "/tmp/calamares/pkg/calamares/usr/lib/calamares/modules/initcpio/libcalamares_job_initcpio.so" to ""
#13 126.5 -- Installing: /tmp/calamares/pkg/calamares/usr/lib/calamares/modules/initcpio/module.desc
#13 126.5 -- Installing: /tmp/calamares/pkg/calamares/usr/share/calamares/modules/initcpio.conf
#13 126.5 -- Installing: /tmp/calamares/pkg/calamares/usr/lib/calamares/modules/initcpiocfg/initcpiocfg.schema.yaml
#13 126.5 -- Installing: /tmp/calamares/pkg/calamares/usr/lib/calamares/modules/initcpiocfg/main.py
#13 126.5 -- Installing: /tmp/calamares/pkg/calamares/usr/lib/calamares/modules/initcpiocfg/module.desc
#13 126.5 -- Installing: /tmp/calamares/pkg/calamares/usr/lib/calamares/modules/initcpiocfg/test.yaml
#13 126.5 -- Installing: /tmp/calamares/pkg/calamares/usr/share/calamares/modules/initcpiocfg.conf
#13 126.5 -- Installing: /tmp/calamares/pkg/calamares/usr/lib/calamares/modules/keyboard/libcalamares_viewmodule_keyboard.so
#13 126.5 -- Set non-toolchain portion of runtime path of "/tmp/calamares/pkg/calamares/usr/lib/calamares/modules/keyboard/libcalamares_viewmodule_keyboard.so" to ""
#13 126.5 -- Installing: /tmp/calamares/pkg/calamares/usr/lib/calamares/modules/keyboard/module.desc
#13 126.5 -- Installing: /tmp/calamares/pkg/calamares/usr/share/calamares/modules/keyboard.conf
#13 126.5 -- Installing: /tmp/calamares/pkg/calamares/usr/lib/calamares/modules/keyboardq/libcalamares_viewmodule_keyboardq.so
#13 126.5 -- Set non-toolchain portion of runtime path of "/tmp/calamares/pkg/calamares/usr/lib/calamares/modules/keyboardq/libcalamares_viewmodule_keyboardq.so" to ""
#13 126.5 -- Installing: /tmp/calamares/pkg/calamares/usr/lib/calamares/modules/keyboardq/module.desc
#13 126.5 -- Installing: /tmp/calamares/pkg/calamares/usr/share/calamares/modules/keyboardq.conf
#13 126.5 -- Installing: /tmp/calamares/pkg/calamares/usr/lib/calamares/modules/license/libcalamares_viewmodule_license.so
#13 126.5 -- Set non-toolchain portion of runtime path of "/tmp/calamares/pkg/calamares/usr/lib/calamares/modules/license/libcalamares_viewmodule_license.so" to ""
#13 126.5 -- Installing: /tmp/calamares/pkg/calamares/usr/lib/calamares/modules/license/module.desc
#13 126.5 -- Installing: /tmp/calamares/pkg/calamares/usr/share/calamares/modules/license.conf
#13 126.5 -- Installing: /tmp/calamares/pkg/calamares/usr/lib/calamares/modules/locale/libcalamares_viewmodule_locale.so
#13 126.5 -- Set non-toolchain portion of runtime path of "/tmp/calamares/pkg/calamares/usr/lib/calamares/modules/locale/libcalamares_viewmodule_locale.so" to ""
#13 126.5 -- Installing: /tmp/calamares/pkg/calamares/usr/lib/calamares/modules/locale/module.desc
#13 126.5 -- Installing: /tmp/calamares/pkg/calamares/usr/share/calamares/modules/locale.conf
#13 126.5 -- Installing: /tmp/calamares/pkg/calamares/usr/lib/calamares/modules/localecfg/main.py
#13 126.5 -- Installing: /tmp/calamares/pkg/calamares/usr/lib/calamares/modules/localecfg/module.desc
#13 126.5 -- Installing: /tmp/calamares/pkg/calamares/usr/lib/calamares/modules/localeq/libcalamares_viewmodule_localeq.so
#13 126.5 -- Set non-toolchain portion of runtime path of "/tmp/calamares/pkg/calamares/usr/lib/calamares/modules/localeq/libcalamares_viewmodule_localeq.so" to ""
#13 126.5 -- Installing: /tmp/calamares/pkg/calamares/usr/lib/calamares/modules/localeq/module.desc
#13 126.5 -- Installing: /tmp/calamares/pkg/calamares/usr/share/calamares/modules/localeq.conf
#13 126.5 -- Installing: /tmp/calamares/pkg/calamares/usr/lib/calamares/modules/luksbootkeyfile/libcalamares_job_luksbootkeyfile.so
#13 126.5 -- Set non-toolchain portion of runtime path of "/tmp/calamares/pkg/calamares/usr/lib/calamares/modules/luksbootkeyfile/libcalamares_job_luksbootkeyfile.so" to ""
#13 126.5 -- Installing: /tmp/calamares/pkg/calamares/usr/lib/calamares/modules/luksbootkeyfile/module.desc
#13 126.5 -- Installing: /tmp/calamares/pkg/calamares/usr/share/calamares/modules/luksbootkeyfile.conf
#13 126.5 -- Installing: /tmp/calamares/pkg/calamares/usr/lib/calamares/modules/luksopenswaphookcfg/libcalamares_job_luksopenswaphookcfg.so
#13 126.5 -- Set non-toolchain portion of runtime path of "/tmp/calamares/pkg/calamares/usr/lib/calamares/modules/luksopenswaphookcfg/libcalamares_job_luksopenswaphookcfg.so" to ""
#13 126.5 -- Installing: /tmp/calamares/pkg/calamares/usr/lib/calamares/modules/luksopenswaphookcfg/module.desc
#13 126.5 -- Installing: /tmp/calamares/pkg/calamares/usr/share/calamares/modules/luksopenswaphookcfg.conf
#13 126.5 -- Installing: /tmp/calamares/pkg/calamares/usr/lib/calamares/modules/machineid/libcalamares_job_machineid.so
#13 126.5 -- Set non-toolchain portion of runtime path of "/tmp/calamares/pkg/calamares/usr/lib/calamares/modules/machineid/libcalamares_job_machineid.so" to ""
#13 126.5 -- Installing: /tmp/calamares/pkg/calamares/usr/lib/calamares/modules/machineid/module.desc
#13 126.5 -- Installing: /tmp/calamares/pkg/calamares/usr/share/calamares/modules/machineid.conf
#13 126.5 -- Installing: /tmp/calamares/pkg/calamares/usr/lib/calamares/modules/mkinitfs/main.py
#13 126.5 -- Installing: /tmp/calamares/pkg/calamares/usr/lib/calamares/modules/mkinitfs/module.desc
#13 126.5 -- Installing: /tmp/calamares/pkg/calamares/usr/lib/calamares/modules/mount/main.py
#13 126.5 -- Installing: /tmp/calamares/pkg/calamares/usr/lib/calamares/modules/mount/module.desc
#13 126.5 -- Installing: /tmp/calamares/pkg/calamares/usr/lib/calamares/modules/mount/mount.schema.yaml
#13 126.5 -- Installing: /tmp/calamares/pkg/calamares/usr/share/calamares/modules/mount.conf
#13 126.5 -- Installing: /tmp/calamares/pkg/calamares/usr/lib/calamares/modules/netinstall/libcalamares_viewmodule_netinstall.so
#13 126.5 -- Set non-toolchain portion of runtime path of "/tmp/calamares/pkg/calamares/usr/lib/calamares/modules/netinstall/libcalamares_viewmodule_netinstall.so" to ""
#13 126.5 -- Installing: /tmp/calamares/pkg/calamares/usr/lib/calamares/modules/netinstall/module.desc
#13 126.5 -- Installing: /tmp/calamares/pkg/calamares/usr/share/calamares/modules/netinstall.conf
#13 126.5 -- Installing: /tmp/calamares/pkg/calamares/usr/lib/calamares/modules/networkcfg/main.py
#13 126.5 -- Installing: /tmp/calamares/pkg/calamares/usr/lib/calamares/modules/networkcfg/module.desc
#13 126.5 -- Installing: /tmp/calamares/pkg/calamares/usr/lib/calamares/modules/notesqml/libcalamares_viewmodule_notesqml.so
#13 126.5 -- Set non-toolchain portion of runtime path of "/tmp/calamares/pkg/calamares/usr/lib/calamares/modules/notesqml/libcalamares_viewmodule_notesqml.so" to ""
#13 126.5 -- Installing: /tmp/calamares/pkg/calamares/usr/lib/calamares/modules/notesqml/module.desc
#13 126.5 -- Installing: /tmp/calamares/pkg/calamares/usr/share/calamares/modules/notesqml.conf
#13 126.5 -- Installing: /tmp/calamares/pkg/calamares/usr/lib/calamares/modules/oemid/libcalamares_viewmodule_oemid.so
#13 126.5 -- Set non-toolchain portion of runtime path of "/tmp/calamares/pkg/calamares/usr/lib/calamares/modules/oemid/libcalamares_viewmodule_oemid.so" to ""
#13 126.5 -- Installing: /tmp/calamares/pkg/calamares/usr/lib/calamares/modules/oemid/module.desc
#13 126.5 -- Installing: /tmp/calamares/pkg/calamares/usr/share/calamares/modules/oemid.conf
#13 126.5 -- Installing: /tmp/calamares/pkg/calamares/usr/lib/calamares/modules/openrcdmcryptcfg/main.py
#13 126.5 -- Installing: /tmp/calamares/pkg/calamares/usr/lib/calamares/modules/openrcdmcryptcfg/module.desc
#13 126.5 -- Installing: /tmp/calamares/pkg/calamares/usr/share/calamares/modules/openrcdmcryptcfg.conf
#13 126.5 -- Installing: /tmp/calamares/pkg/calamares/usr/lib/calamares/modules/packages/main.py
#13 126.5 -- Installing: /tmp/calamares/pkg/calamares/usr/lib/calamares/modules/packages/module.desc
#13 126.5 -- Installing: /tmp/calamares/pkg/calamares/usr/lib/calamares/modules/packages/packages.schema.yaml
#13 126.5 -- Installing: /tmp/calamares/pkg/calamares/usr/share/calamares/modules/packages.conf
#13 126.5 -- Installing: /tmp/calamares/pkg/calamares/usr/lib/calamares/modules/partition/libcalamares_viewmodule_partition.so
#13 126.5 -- Set non-toolchain portion of runtime path of "/tmp/calamares/pkg/calamares/usr/lib/calamares/modules/partition/libcalamares_viewmodule_partition.so" to ""
#13 126.5 -- Installing: /tmp/calamares/pkg/calamares/usr/lib/calamares/modules/partition/module.desc
#13 126.5 -- Installing: /tmp/calamares/pkg/calamares/usr/share/calamares/modules/partition.conf
#13 126.5 -- Installing: /tmp/calamares/pkg/calamares/usr/lib/calamares/modules/plasmalnf/libcalamares_viewmodule_plasmalnf.so
#13 126.5 -- Set non-toolchain portion of runtime path of "/tmp/calamares/pkg/calamares/usr/lib/calamares/modules/plasmalnf/libcalamares_viewmodule_plasmalnf.so" to ""
#13 126.5 -- Installing: /tmp/calamares/pkg/calamares/usr/lib/calamares/modules/plasmalnf/module.desc
#13 126.5 -- Installing: /tmp/calamares/pkg/calamares/usr/share/calamares/modules/plasmalnf.conf
#13 126.5 -- Installing: /tmp/calamares/pkg/calamares/usr/lib/calamares/modules/plymouthcfg/main.py
#13 126.5 -- Installing: /tmp/calamares/pkg/calamares/usr/lib/calamares/modules/plymouthcfg/module.desc
#13 126.5 -- Installing: /tmp/calamares/pkg/calamares/usr/lib/calamares/modules/plymouthcfg/plymouthcfg.schema.yaml
#13 126.5 -- Installing: /tmp/calamares/pkg/calamares/usr/share/calamares/modules/plymouthcfg.conf
#13 126.5 -- Installing: /tmp/calamares/pkg/calamares/usr/lib/calamares/modules/preservefiles/libcalamares_job_preservefiles.so
#13 126.5 -- Set non-toolchain portion of runtime path of "/tmp/calamares/pkg/calamares/usr/lib/calamares/modules/preservefiles/libcalamares_job_preservefiles.so" to ""
#13 126.5 -- Installing: /tmp/calamares/pkg/calamares/usr/lib/calamares/modules/preservefiles/module.desc
#13 126.5 -- Installing: /tmp/calamares/pkg/calamares/usr/share/calamares/modules/preservefiles.conf
#13 126.5 -- Installing: /tmp/calamares/pkg/calamares/usr/lib/calamares/modules/rawfs/main.py
#13 126.5 -- Installing: /tmp/calamares/pkg/calamares/usr/lib/calamares/modules/rawfs/module.desc
#13 126.5 -- Installing: /tmp/calamares/pkg/calamares/usr/share/calamares/modules/rawfs.conf
#13 126.5 -- Installing: /tmp/calamares/pkg/calamares/usr/lib/calamares/modules/removeuser/libcalamares_job_removeuser.so
#13 126.5 -- Set non-toolchain portion of runtime path of "/tmp/calamares/pkg/calamares/usr/lib/calamares/modules/removeuser/libcalamares_job_removeuser.so" to ""
#13 126.5 -- Installing: /tmp/calamares/pkg/calamares/usr/lib/calamares/modules/removeuser/module.desc
#13 126.5 -- Installing: /tmp/calamares/pkg/calamares/usr/share/calamares/modules/removeuser.conf
#13 126.5 -- Installing: /tmp/calamares/pkg/calamares/usr/lib/calamares/modules/services-systemd/main.py
#13 126.5 -- Installing: /tmp/calamares/pkg/calamares/usr/lib/calamares/modules/services-systemd/module.desc
#13 126.5 -- Installing: /tmp/calamares/pkg/calamares/usr/lib/calamares/modules/services-systemd/services-systemd.schema.yaml
#13 126.5 -- Installing: /tmp/calamares/pkg/calamares/usr/share/calamares/modules/services-systemd.conf
#13 126.5 -- Installing: /tmp/calamares/pkg/calamares/usr/lib/calamares/modules/shellprocess/libcalamares_job_shellprocess.so
#13 126.5 -- Set non-toolchain portion of runtime path of "/tmp/calamares/pkg/calamares/usr/lib/calamares/modules/shellprocess/libcalamares_job_shellprocess.so" to ""
#13 126.5 -- Installing: /tmp/calamares/pkg/calamares/usr/lib/calamares/modules/shellprocess/module.desc
#13 126.5 -- Installing: /tmp/calamares/pkg/calamares/usr/share/calamares/modules/shellprocess.conf
#13 126.5 -- Installing: /tmp/calamares/pkg/calamares/usr/lib/calamares/modules/summary/libcalamares_viewmodule_summary.so
#13 126.5 -- Set non-toolchain portion of runtime path of "/tmp/calamares/pkg/calamares/usr/lib/calamares/modules/summary/libcalamares_viewmodule_summary.so" to ""
#13 126.5 -- Installing: /tmp/calamares/pkg/calamares/usr/lib/calamares/modules/summary/module.desc
#13 126.5 -- Installing: /tmp/calamares/pkg/calamares/usr/lib/calamares/modules/summaryq/libcalamares_viewmodule_summaryq.so
#13 126.5 -- Set non-toolchain portion of runtime path of "/tmp/calamares/pkg/calamares/usr/lib/calamares/modules/summaryq/libcalamares_viewmodule_summaryq.so" to ""
#13 126.5 -- Installing: /tmp/calamares/pkg/calamares/usr/lib/calamares/modules/summaryq/module.desc
#13 126.5 -- Installing: /tmp/calamares/pkg/calamares/usr/lib/calamares/modules/tracking/libcalamares_viewmodule_tracking.so
#13 126.5 -- Set non-toolchain portion of runtime path of "/tmp/calamares/pkg/calamares/usr/lib/calamares/modules/tracking/libcalamares_viewmodule_tracking.so" to ""
#13 126.5 -- Installing: /tmp/calamares/pkg/calamares/usr/lib/calamares/modules/tracking/module.desc
#13 126.5 -- Installing: /tmp/calamares/pkg/calamares/usr/share/calamares/modules/tracking.conf
#13 126.5 -- Installing: /tmp/calamares/pkg/calamares/usr/lib/calamares/modules/umount/libcalamares_job_umount.so
#13 126.5 -- Set non-toolchain portion of runtime path of "/tmp/calamares/pkg/calamares/usr/lib/calamares/modules/umount/libcalamares_job_umount.so" to ""
#13 126.5 -- Installing: /tmp/calamares/pkg/calamares/usr/lib/calamares/modules/umount/module.desc
#13 126.5 -- Installing: /tmp/calamares/pkg/calamares/usr/share/calamares/modules/umount.conf
#13 126.5 -- Installing: /tmp/calamares/pkg/calamares/usr/lib/calamares/modules/unpackfs/main.py
#13 126.5 -- Installing: /tmp/calamares/pkg/calamares/usr/lib/calamares/modules/unpackfs/module.desc
#13 126.5 -- Installing: /tmp/calamares/pkg/calamares/usr/lib/calamares/modules/unpackfs/runtests.sh
#13 126.5 -- Installing: /tmp/calamares/pkg/calamares/usr/lib/calamares/modules/unpackfs/unpackfs.schema.yaml
#13 126.5 -- Installing: /tmp/calamares/pkg/calamares/usr/share/calamares/modules/unpackfs.conf
#13 126.5 -- Installing: /tmp/calamares/pkg/calamares/usr/lib/calamares/modules/unpackfsc/libcalamares_job_unpackfsc.so
#13 126.5 -- Set non-toolchain portion of runtime path of "/tmp/calamares/pkg/calamares/usr/lib/calamares/modules/unpackfsc/libcalamares_job_unpackfsc.so" to ""
#13 126.5 -- Installing: /tmp/calamares/pkg/calamares/usr/lib/calamares/modules/unpackfsc/module.desc
#13 126.5 -- Installing: /tmp/calamares/pkg/calamares/usr/share/calamares/modules/unpackfsc.conf
#13 126.5 -- Installing: /tmp/calamares/pkg/calamares/usr/lib/calamares/modules/users/libcalamares_viewmodule_users.so
#13 126.5 -- Set non-toolchain portion of runtime path of "/tmp/calamares/pkg/calamares/usr/lib/calamares/modules/users/libcalamares_viewmodule_users.so" to ""
#13 126.5 -- Installing: /tmp/calamares/pkg/calamares/usr/lib/calamares/modules/users/module.desc
#13 126.5 -- Installing: /tmp/calamares/pkg/calamares/usr/share/calamares/modules/users.conf
#13 126.5 -- Installing: /tmp/calamares/pkg/calamares/usr/lib/calamares/modules/usersq/libcalamares_viewmodule_usersq.so
#13 126.5 -- Set non-toolchain portion of runtime path of "/tmp/calamares/pkg/calamares/usr/lib/calamares/modules/usersq/libcalamares_viewmodule_usersq.so" to ""
#13 126.5 -- Installing: /tmp/calamares/pkg/calamares/usr/lib/calamares/modules/usersq/module.desc
#13 126.5 -- Installing: /tmp/calamares/pkg/calamares/usr/share/calamares/modules/usersq.conf
#13 126.5 -- Installing: /tmp/calamares/pkg/calamares/usr/lib/calamares/modules/welcome/libcalamares_viewmodule_welcome.so
#13 126.5 -- Set non-toolchain portion of runtime path of "/tmp/calamares/pkg/calamares/usr/lib/calamares/modules/welcome/libcalamares_viewmodule_welcome.so" to ""
#13 126.5 -- Installing: /tmp/calamares/pkg/calamares/usr/lib/calamares/modules/welcome/module.desc
#13 126.5 -- Installing: /tmp/calamares/pkg/calamares/usr/share/calamares/modules/welcome.conf
#13 126.5 -- Installing: /tmp/calamares/pkg/calamares/usr/lib/calamares/modules/welcomeq/libcalamares_viewmodule_welcomeq.so
#13 126.5 -- Set non-toolchain portion of runtime path of "/tmp/calamares/pkg/calamares/usr/lib/calamares/modules/welcomeq/libcalamares_viewmodule_welcomeq.so" to ""
#13 126.5 -- Installing: /tmp/calamares/pkg/calamares/usr/lib/calamares/modules/welcomeq/module.desc
#13 126.5 -- Installing: /tmp/calamares/pkg/calamares/usr/share/calamares/modules/welcomeq.conf
#13 126.5 -- Installing: /tmp/calamares/pkg/calamares/usr/lib/calamares/modules/zfs/libcalamares_job_zfs.so
#13 126.5 -- Set non-toolchain portion of runtime path of "/tmp/calamares/pkg/calamares/usr/lib/calamares/modules/zfs/libcalamares_job_zfs.so" to ""
#13 126.5 -- Installing: /tmp/calamares/pkg/calamares/usr/lib/calamares/modules/zfs/module.desc
#13 126.5 -- Installing: /tmp/calamares/pkg/calamares/usr/share/calamares/modules/zfs.conf
#13 126.5 -- Installing: /tmp/calamares/pkg/calamares/usr/lib/calamares/modules/zfshostid/main.py
#13 126.5 -- Installing: /tmp/calamares/pkg/calamares/usr/lib/calamares/modules/zfshostid/module.desc
#13 126.5 -- Installing: /tmp/calamares/pkg/calamares/usr/lib/calamares/modules/zfshostid/zfshostid.schema.yaml
#13 126.5 -- Installing: /tmp/calamares/pkg/calamares/usr/share/calamares/branding/default/banner.png
#13 126.5 -- Installing: /tmp/calamares/pkg/calamares/usr/share/calamares/branding/default/banner.png.license
#13 126.5 -- Installing: /tmp/calamares/pkg/calamares/usr/share/calamares/branding/default/branding.desc
#13 126.5 -- Installing: /tmp/calamares/pkg/calamares/usr/share/calamares/branding/default/languages.png
#13 126.5 -- Installing: /tmp/calamares/pkg/calamares/usr/share/calamares/branding/default/languages.png.license
#13 126.5 -- Installing: /tmp/calamares/pkg/calamares/usr/share/calamares/branding/default/show.qml
#13 126.5 -- Installing: /tmp/calamares/pkg/calamares/usr/share/calamares/branding/default/squid.png
#13 126.5 -- Installing: /tmp/calamares/pkg/calamares/usr/share/calamares/branding/default/squid.png.license
#13 126.5 -- Installing: /tmp/calamares/pkg/calamares/usr/share/calamares/branding/default/stylesheet.qss
#13 126.5 -- Installing: /tmp/calamares/pkg/calamares/usr/share/calamares/branding/default/lang/calamares-default_ar.qm
#13 126.5 -- Installing: /tmp/calamares/pkg/calamares/usr/share/calamares/branding/default/lang/calamares-default_en.qm
#13 126.5 -- Installing: /tmp/calamares/pkg/calamares/usr/share/calamares/branding/default/lang/calamares-default_eo.qm
#13 126.5 -- Installing: /tmp/calamares/pkg/calamares/usr/share/calamares/branding/default/lang/calamares-default_fr.qm
#13 126.5 -- Installing: /tmp/calamares/pkg/calamares/usr/share/calamares/branding/default/lang/calamares-default_nl.qm
#13 126.5 -- Installing: /tmp/calamares/pkg/calamares/usr/lib/cmake/Calamares/CalamaresTargets.cmake
#13 126.5 -- Installing: /tmp/calamares/pkg/calamares/usr/lib/cmake/Calamares/CalamaresTargets-release.cmake
#13 126.5 -- Installing: /tmp/calamares/pkg/calamares/usr/lib/cmake/Calamares/CalamaresConfig.cmake
#13 126.5 -- Installing: /tmp/calamares/pkg/calamares/usr/lib/cmake/Calamares/CalamaresConfigVersion.cmake
#13 126.5 -- Installing: /tmp/calamares/pkg/calamares/usr/lib/cmake/Calamares/CalamaresAddBrandingSubdirectory.cmake
#13 126.5 -- Installing: /tmp/calamares/pkg/calamares/usr/lib/cmake/Calamares/CalamaresAddLibrary.cmake
#13 126.5 -- Installing: /tmp/calamares/pkg/calamares/usr/lib/cmake/Calamares/CalamaresAddModuleSubdirectory.cmake
#13 126.5 -- Installing: /tmp/calamares/pkg/calamares/usr/lib/cmake/Calamares/CalamaresAddPlugin.cmake
#13 126.5 -- Installing: /tmp/calamares/pkg/calamares/usr/lib/cmake/Calamares/CalamaresAddTest.cmake
#13 126.5 -- Installing: /tmp/calamares/pkg/calamares/usr/lib/cmake/Calamares/CalamaresAddTranslations.cmake
#13 126.5 -- Installing: /tmp/calamares/pkg/calamares/usr/lib/cmake/Calamares/CalamaresAutomoc.cmake
#13 126.5 -- Installing: /tmp/calamares/pkg/calamares/usr/lib/cmake/Calamares/CalamaresCheckModuleSelection.cmake
#13 126.5 -- Installing: /tmp/calamares/pkg/calamares/usr/lib/cmake/Calamares/CMakeColors.cmake
#13 126.5 -- Installing: /tmp/calamares/pkg/calamares/usr/lib/cmake/Calamares/FindYAMLCPP.cmake
#13 126.5 -- Installing: /tmp/calamares/pkg/calamares/usr/share/polkit-1/actions/io.calamares.calamares.policy
#13 126.5 -- Installing: /tmp/calamares/pkg/calamares/usr/share/applications/calamares.desktop
#13 126.5 -- Installing: /tmp/calamares/pkg/calamares/usr/share/man/man8/calamares.8
#13 126.5 -- Installing: /tmp/calamares/pkg/calamares/usr/share/calamares/settings.conf
#13 126.5 ==> Tidying install...
#13 126.5   -> Removing libtool files...
#13 126.6   -> Removing static library files...
#13 126.6   -> Purging unwanted files...
#13 126.6   -> Stripping unneeded symbols from binaries and libraries...
#13 142.3   -> Compressing man and info pages...
#13 142.3 ==> Checking for packaging issues...
#13 142.4 ==> Creating package "calamares"...
#13 142.4   -> Generating .PKGINFO file...
#13 142.4   -> Generating .BUILDINFO file...
#13 142.7   -> Generating .MTREE file...
#13 142.7   -> Compressing package...
#13 142.8 ==> Creating package "calamares-debug"...
#13 142.8   -> Generating .PKGINFO file...
#13 142.9   -> Generating .BUILDINFO file...
#13 143.0   -> Generating .MTREE file...
#13 143.2   -> Compressing package...
#13 143.4 ==> Leaving fakeroot environment.
#13 143.4 ==> Finished making: calamares 3.4.2-2 (Wed Sep 23 21:34:24 2026)
#13 143.4 loading packages...
#13 143.4 resolving dependencies...
#13 143.4 looking for conflicting packages...
#13 143.4 
#13 143.4 Package (2)      New Version  Net Change
#13 143.4 
#13 143.4 calamares        3.4.2-2        9.77 MiB
#13 143.4 calamares-debug  3.4.2-2      173.98 MiB
#13 143.4 
#13 143.4 Total Installed Size:  183.74 MiB
#13 143.4 
#13 143.4 :: Proceed with installation? [Y/n] 
#13 143.4 checking keyring...
#13 143.4 checking package integrity...
#13 143.4 loading package files...
#13 143.4 checking for file conflicts...
#13 143.5 :: Processing package changes...
#13 143.5 installing calamares...
#13 143.5 installing calamares-debug...
#13 144.0 :: Running post-transaction hooks...
#13 144.0 (1/3) Arming ConditionNeedsUpdate...
#13 144.0 (2/3) Updating icon theme caches...
#13 144.1 (3/3) Updating the desktop file MIME type cache...
#13 DONE 144.5s

#14 [10/60] RUN echo "LANG=en_US.UTF-8" > /etc/locale.conf &&     sed -i 's/^#en_US.UTF-8 UTF-8/en_US.UTF-8 UTF-8/' /etc/locale.gen &&     locale-gen
#14 0.166 Generating locales...
#14 0.168   en_US.UTF-8... done
#14 0.907 Generation complete.
#14 DONE 0.9s

#15 [11/60] RUN ln -sf /usr/share/zoneinfo/UTC /etc/localtime &&     echo "KEYMAP=us" > /etc/vconsole.conf
#15 DONE 0.2s

#16 [12/60] RUN cat << 'DISP' > /usr/local/bin/abzos-display-setup
#16 DONE 0.2s

#17 [13/60] RUN chmod +x /usr/local/bin/abzos-display-setup
#17 DONE 0.2s

#18 [14/60] RUN mkdir -p /etc/xdg/autostart &&     cat << 'AUTO' > /etc/xdg/autostart/abzos-display.desktop
#18 DONE 0.2s

#19 [15/60] RUN (id -u abzos >/dev/null 2>&1 || useradd -m -s /bin/bash -u 1000 -U abzos) &&     echo "abzos:abzos" | chpasswd &&     echo "root:toor" | chpasswd &&     usermod -aG wheel,audio,video,storage,optical,network,power abzos &&     mkdir -p /etc/sudoers.d &&     echo "abzos ALL=(ALL) NOPASSWD:ALL" > /etc/sudoers.d/abzos &&     chmod 0440 /etc/sudoers.d/abzos
#19 DONE 0.3s

#20 [16/60] RUN mkdir -p /etc/systemd/system/serial-getty@ttyS0.service.d &&     cat << 'AUTOLOGIN' > /etc/systemd/system/serial-getty@ttyS0.service.d/autologin.conf
#20 DONE 0.2s

#21 [17/60] RUN echo "abzos" > /etc/hostname
#21 DONE 0.2s

#22 [18/60] RUN cat << 'OSREL' > /etc/os-release
#22 DONE 0.2s

#23 [19/60] RUN cat << 'ISSUE' > /etc/issue
#23 DONE 0.2s

#24 [20/60] RUN cp /etc/issue /etc/issue.net
#24 DONE 0.2s

#25 [21/60] RUN mkdir -p /usr/share/backgrounds/abzos /usr/share/pixmaps /usr/share/icons
#25 DONE 0.2s

#26 [22/60] COPY scripts/wallpaper-t1.jpg /usr/share/backgrounds/abzos/wallpaper-t1.jpg
#26 DONE 0.1s

#27 [23/60] COPY scripts/wallpaper-t1.png /usr/share/backgrounds/abzos/wallpaper-t1.png
#27 DONE 0.1s

#28 [24/60] COPY scripts/abzos-logo.png /usr/share/pixmaps/abzos-logo.png
#28 DONE 0.1s

#29 [25/60] RUN chmod -R a+rX /usr/share/backgrounds/abzos /usr/share/pixmaps
#29 DONE 0.2s

#30 [26/60] RUN find /usr/share/backgrounds/deepin /usr/share/wallpapers/deepin -maxdepth 1 -type f ( -iname '*.jpg' -o -iname '*.jpeg' ) 2>/dev/null         -exec cp /usr/share/backgrounds/abzos/wallpaper-t1.jpg {} ; ;     find /usr/share/backgrounds/deepin /usr/share/wallpapers/deepin -maxdepth 1 -type f -iname '*.png' 2>/dev/null         -exec cp /usr/share/backgrounds/abzos/wallpaper-t1.png {} ; ;     true
#30 DONE 0.2s

#31 [27/60] COPY scripts/abzos-logo-*.png /usr/share/icons/
#31 DONE 0.1s

#32 [28/60] RUN for sz in 16 24 32 48 64 128 256 512; do         if [ -f "/usr/share/icons/abzos-logo-$sz.png" ]; then             mkdir -p /usr/share/icons/hicolor/${sz}x${sz}/apps;             mv "/usr/share/icons/abzos-logo-$sz.png" /usr/share/icons/hicolor/${sz}x${sz}/apps/abzos-logo.png;         fi;     done &&     mkdir -p /usr/share/icons/hicolor/scalable/apps &&     cp /usr/share/pixmaps/abzos-logo.png /usr/share/icons/hicolor/scalable/apps/abzos-logo.png 2>/dev/null || true &&     chmod -R a+rX /usr/share/icons/hicolor &&     (which gtk-update-icon-cache >/dev/null 2>&1 && gtk-update-icon-cache -f -t /usr/share/icons/hicolor || true)
#32 0.466 gtk-update-icon-cache: Cache file created successfully.
#32 DONE 0.5s

#33 [29/60] COPY scripts/assets/calamares/branding/abzos /etc/calamares/branding/abzos
#33 DONE 0.0s

#34 [30/60] COPY scripts/assets/calamares/modules/ /etc/calamares/modules/
#34 DONE 0.0s

#35 [31/60] COPY scripts/assets/calamares/settings.conf /etc/calamares/settings.conf
#35 DONE 0.0s

#36 [32/60] COPY scripts/assets/calamares/abzos-calamares /usr/local/bin/abzos-calamares
#36 DONE 0.0s

#37 [33/60] COPY scripts/assets/calamares/abzos-installer.desktop /usr/share/applications/abzos-installer.desktop
#37 DONE 0.0s

#38 [34/60] RUN chmod +x /usr/local/bin/abzos-calamares /usr/share/applications/abzos-installer.desktop &&     chmod -R a+rX /etc/calamares &&     mkdir -p /etc/skel/Desktop &&     cp /usr/share/applications/abzos-installer.desktop /etc/skel/Desktop/ &&     chmod +x /etc/skel/Desktop/abzos-installer.desktop
#38 DONE 0.2s

#39 [35/60] RUN cat << 'DDMCONF' > /etc/ddm.conf
#39 DONE 0.2s

#40 [36/60] RUN mkdir -p /etc/skel/.config &&     cat << 'KWINRC' > /etc/skel/.config/kwinrc
#40 DONE 0.2s

#41 [37/60] RUN cp /etc/skel/.config/kwinrc /root/.config/kwinrc 2>/dev/null || (mkdir -p /root/.config && cp /etc/skel/.config/kwinrc /root/.config/kwinrc)
#41 DONE 0.2s

#42 [38/60] RUN cat << 'THEMESH' > /usr/local/bin/abzos-apply-dark-theme
#42 DONE 0.1s

#43 [39/60] RUN chmod +x /usr/local/bin/abzos-apply-dark-theme
#43 DONE 0.2s

#44 [40/60] RUN mkdir -p /etc/systemd/user/default.target.wants &&     cat << 'UNIT' > /etc/systemd/user/abzos-dark-theme.service
#44 DONE 0.2s

#45 [41/60] RUN ln -sf /etc/systemd/user/abzos-dark-theme.service /etc/systemd/user/default.target.wants/abzos-dark-theme.service
#45 DONE 0.2s

#46 [42/60] RUN cat << 'FETCH' > /usr/local/bin/abzos-fetch
#46 DONE 0.2s

#47 [43/60] RUN chmod +x /usr/local/bin/abzos-fetch
#47 DONE 0.2s

#48 [44/60] RUN cat << 'BASHRC' >> /etc/skel/.bashrc
#48 DONE 0.2s

#49 [45/60] RUN cp -f /etc/skel/.bashrc /root/.bashrc
#49 DONE 0.2s

#50 [46/60] RUN mkdir -p /usr/share/applications
#50 DONE 0.2s

#51 [47/60] RUN cat << 'APPDT' > /usr/share/applications/abzos-nmap.desktop
#51 DONE 0.2s

#52 [48/60] RUN cat << 'APPDT' > /usr/share/applications/abzos-sqlmap.desktop
#52 DONE 0.2s

#53 [49/60] RUN cat << 'APPDT' > /usr/share/applications/abzos-john.desktop
#53 DONE 0.1s

#54 [50/60] RUN cat << 'APPDT' > /usr/share/applications/abzos-hydra.desktop
#54 DONE 0.2s

#55 [51/60] RUN cat << 'APPDT' > /usr/share/applications/abzos-aircrack.desktop
#55 DONE 0.2s

#56 [52/60] RUN cat << 'APPDT' > /usr/share/applications/abzos-binwalk.desktop
#56 DONE 0.2s

#57 [53/60] RUN cat << 'APPDT' > /usr/share/applications/abzos-wireshark.desktop
#57 DONE 0.2s

#58 [54/60] RUN mkdir -p /etc/mkinitcpio.conf.d &&     cat << 'ARCHISOCONF' > /etc/mkinitcpio.conf.d/archiso.conf
#58 DONE 0.2s

#59 [55/60] RUN KVER=$(ls /usr/lib/modules | head -n1) &&     mkinitcpio -c /etc/mkinitcpio.conf.d/archiso.conf -k "${KVER}" -g /boot/initramfs-linux.img
#59 0.234 ==> Starting build: '7.2.6-arch2-1'
#59 0.260   -> Running build hook: [base]
#59 0.769   -> Running build hook: [udev]
#59 1.040   -> Running build hook: [microcode]
#59 1.126   -> Running build hook: [modconf]
#59 1.150   -> Running build hook: [kms]
#59 7.450 ==> WARNING: Possibly missing firmware for module: 'ast'
#59 17.28   -> Running build hook: [memdisk]
#59 17.34   -> Running build hook: [archiso]
#59 17.53 ==> WARNING: pv not found; falling back to cp for copy to RAM
#59 17.66   -> Running build hook: [archiso_loop_mnt]
#59 17.68   -> Running build hook: [block]
#59 18.45 ==> WARNING: Possibly missing firmware for module: 'wd719x'
#59 18.46 ==> WARNING: Possibly missing firmware for module: 'aic94xx'
#59 18.53 ==> WARNING: Possibly missing firmware for module: 'qla1280'
#59 18.61 ==> WARNING: Possibly missing firmware for module: 'qla2xxx'
#59 18.63 ==> WARNING: Possibly missing firmware for module: 'bfa'
#59 18.65 ==> WARNING: Possibly missing firmware for module: 'qed'
#59 19.36 ==> WARNING: Possibly missing firmware for module: 'xhci_pci_renesas'
#59 22.09   -> Running build hook: [filesystems]
#59 23.14   -> Running build hook: [keyboard]
#59 27.28 ==> Generating module dependencies
#59 27.54 ==> Creating xz-compressed initcpio image: '/boot/initramfs-linux.img'
#59 29.18   -> Early uncompressed CPIO image generation successful
#59 45.14 ==> Initcpio image generation successful
#59 DONE 45.5s

#60 [56/60] RUN cp -a /etc/skel/. /home/abzos/ && chown -R abzos:abzos /home/abzos
#60 DONE 0.2s

#61 [57/60] RUN ln -sf /usr/lib/systemd/system/graphical.target /etc/systemd/system/default.target &&     ln -sf /usr/lib/systemd/system/ddm.service /etc/systemd/system/display-manager.service
#61 DONE 0.2s

#62 [58/60] RUN systemctl enable NetworkManager.service 2>/dev/null || true
#62 DONE 0.2s

#63 [59/60] RUN systemctl enable bluetooth.service 2>/dev/null || true
#63 DONE 0.2s

#64 [60/60] RUN chmod 1777 /tmp /var/tmp &&     chmod 0640 /etc/shadow &&     chmod 4755 /usr/bin/sudo /bin/su
#64 DONE 0.2s

#65 exporting to image
#65 exporting layers
#65 exporting layers 30.3s done
#65 exporting manifest sha256:790feeb5fd5353e076c9b3e5557b64d2833c60370a2fc618dca838633a84d2ba done
#65 exporting config sha256:087d2b0c18bd9cc6f0e45ec266284220b11321b7fd73bea608e7ef5271cd5708 0.0s done
#65 exporting attestation manifest sha256:349fc0e2dfd0f12934ed973660f8993160f381e37d8984e937e8f34a31bbd2a1 0.0s done
#65 exporting manifest list sha256:dbd2d67c557fe08342253bedd85f2d165d0dae6410e7184da3a307baeb6c5942 0.0s done
#65 naming to docker.io/library/abzos:1.0 done
#65 unpacking to docker.io/library/abzos:1.0
#65 unpacking to docker.io/library/abzos:1.0 7.4s done
#65 DONE 37.8s
=== [2/5] Preparing image directories ===
=== [3/5] Extracting kernel and initramfs ===
Kernel: vmlinuz-linux
Initramfs: initramfs-linux.img
=== [4/5] Building squashfs from the container export ===
Preserving UIDs/GIDs/SUID, stripping container artifacts (.dockerenv), and configuring hostname...
Parallel mksquashfs: Using 12 processors
Creating 4.0 filesystem on /home/abz/abzos/image/arch/x86_64/airootfs.sfs, block size 1048576.
[/                                                               ]   0/210   0%Unrecognised keyword "hdrcharset" in pax header, ignoring
Unrecognised keyword "hdrcharset" in pax header, ignoring
Unrecognised keyword "hdrcharset" in pax header, ignoring


[=============================================================-] 8363/8363 100%[===========================================================/] 31355/31355 100%[=========================================================|  ] 43000/43956  97%[===========================================================/] 56138/56138 100%[===========================================================|] 61751/61751 100%[===========================================================/] 77616/77616 100%[==========================================================\ ] 82000/82175  99%[===========================================================|] 87873/87873 100%[===========================================================-] 97811/97811 100%[===========================================================\] 99284/99284 100%[=========================================================|] 112421/112421 100%[=========================================================\] 114809/114809 100%[=========================================================\] 126846/126846 100%[=========================================================|] 127924/127924 100%[=========================================================/] 128999/128999 100%[=========================================================\] 133175/133175 100%[=========================================================\] 143230/143230 100%[=========================================================-] 149427/149427 100%[=========================================================\] 150215/150215 100%[=========================================================/] 150385/150385 100%[=========================================================-] 164354/164354 100%[========================================================- ] 164800/165859  99%[=========================================================\] 182172/182172 100%

Exportable Squashfs 4.0 filesystem, zstd compressed, data block size 1048576
	compressed data, compressed metadata, compressed fragments,
	compressed xattrs, compressed ids
	duplicates are removed
Filesystem size 6113660.02 Kbytes (5970.37 Mbytes)
	58.25% of uncompressed filesystem size (10496197.00 Kbytes)
Inode table size 1997486 bytes (1950.67 Kbytes)
	22.18% of uncompressed inode table size (9006529 bytes)
Directory table size 2519357 bytes (2460.31 Kbytes)
	35.52% of uncompressed directory table size (7093576 bytes)
Xattr table size 77 bytes (0.08 Kbytes)
	27.50% of uncompressed xattr table size (280 bytes)
Number of duplicate files found 23193
Number of inodes 251183
Number of files 176385
Number of fragments 4137
Number of symbolic links 60496
Number of device nodes 0
Number of fifo nodes 0
Number of socket nodes 0
Number of directories 14302
Number of hard-links 1831
Number of ids (unique uids + gids) 13
Number of uids 8
	root (0)
	abz (1000)
	unknown (960)
	unknown (976)
	unknown (971)
	unknown (970)
	polkitd (979)
	unknown (967)
Number of gids 13
	root (0)
	unknown (209)
	_ssh (102)
	abz (1000)
	unknown (960)
	gnome-initial-setup (976)
	unknown (971)
	unknown (970)
	unknown (150)
	polkitd (979)
	unknown (967)
	dhcpcd (996)
	pipewire (981)
[*] Exporting container 5d10ada88d3e82319367f7167b0265cacbbe05196f687062940e0174a0264a82 and streaming to mksquashfs...
[*] Stripping container artifact: .dockerenv
[+] Successfully wrote squashfs: 253018 items included, 1 container markers removed.
=== [5/5] Building bootable hybrid ISO (BIOS + UEFI) ===
xorriso 1.5.6 : RockRidge filesystem manipulator, libburnia project.

Drive current: -outdev 'stdio:/home/abz/abzos/abzOS-1.0-amd64.iso'
Media current: stdio file, overwriteable
Media status : is blank
Media summary: 0 sessions, 0 data blocks, 0 data, 62.2g free
Added to ISO image: directory '/'='/tmp/grub.6y2W7b'
xorriso : UPDATE :     641 files added in 1 seconds
Added to ISO image: directory '/'='/home/abz/abzos/image'
xorriso : UPDATE :     656 files added in 1 seconds
xorriso : NOTE : Copying to System Area: 512 bytes from file '/usr/lib/grub/i386-pc/boot_hybrid.img'
libisofs: NOTE : Automatically adjusted MBR geometry to 1010/200/63
xorriso : UPDATE :  1.27% done
xorriso : UPDATE :  12.16% done
xorriso : UPDATE :  20.39% done
xorriso : UPDATE :  27.63% done, estimate finish Thu Sep 24 02:41:32 2026
xorriso : UPDATE :  34.06% done, estimate finish Thu Sep 24 02:41:33 2026
xorriso : UPDATE :  37.61% done, estimate finish Thu Sep 24 02:41:35 2026
xorriso : UPDATE :  41.33% done, estimate finish Thu Sep 24 02:41:36 2026
xorriso : UPDATE :  46.47% done, estimate finish Thu Sep 24 02:41:36 2026
xorriso : UPDATE :  52.76% done, estimate finish Thu Sep 24 02:41:37 2026
xorriso : UPDATE :  59.75% done, estimate finish Thu Sep 24 02:41:37 2026
xorriso : UPDATE :  67.04% done, estimate finish Thu Sep 24 02:41:36 2026
xorriso : UPDATE :  72.51% done, estimate finish Thu Sep 24 02:41:37 2026
xorriso : UPDATE :  80.17% done, estimate finish Thu Sep 24 02:41:36 2026
xorriso : UPDATE :  85.74% done, estimate finish Thu Sep 24 02:41:36 2026
xorriso : UPDATE :  93.14% done
ISO image produced: 3179255 sectors
Written to medium : 3179255 sectors at LBA 0
Writing to 'stdio:/home/abz/abzos/abzOS-1.0-amd64.iso' completed successfully.

=========================================================
              abzOS 1.0 ISO created successfully!         
=========================================================
-rw-rw-r-- 1 abz abz 6.1G Sep 24 02:41 /home/abz/abzos/abzOS-1.0-amd64.iso
2cd88655b1b0f24b3dcf111aff866f23411713a3c05f979d800a3bc62a135007  abzOS-1.0-amd64.iso
5d10ada88d3e82319367f7167b0265cacbbe05196f687062940e0174a0264a82
