=========================================================
           Building abzOS 1.0 (Arch Linux / DDE) ISO       
=========================================================
=== [1/5] Building container image ===
#0 building with "default" instance using docker driver

#1 [internal] load build definition from Dockerfile
#1 transferring dockerfile: 17.96kB done
#1 DONE 0.0s

#2 [internal] load metadata for docker.io/library/archlinux:latest
#2 DONE 0.0s

#3 [internal] load .dockerignore
#3 transferring context: 2B done
#3 DONE 0.0s

#4 [ 1/60] FROM docker.io/library/archlinux:latest@sha256:f3691b4dde62ba4c4b6f0ae2c1fbf28e8c0c8c4b9a35c7e06dc1f70e21aa29f6
#4 resolve docker.io/library/archlinux:latest@sha256:f3691b4dde62ba4c4b6f0ae2c1fbf28e8c0c8c4b9a35c7e06dc1f70e21aa29f6 0.0s done
#4 DONE 0.0s

#5 [ 2/60] RUN pacman-key --init && pacman-key --populate archlinux &&     pacman -Sy --noconfirm archlinux-keyring &&     pacman -Syu --noconfirm
#5 CACHED

#6 [ 4/60] RUN pacman -S --noconfirm --needed     xorg-server xorg-xinit xorg-xrandr     xf86-video-amdgpu xf86-video-ati xf86-video-nouveau xf86-video-vesa     xf86-input-libinput     mesa vulkan-icd-loader vulkan-intel vulkan-radeon libva-mesa-driver     spice-vdagent qemu-guest-agent open-vm-tools     networkmanager wpa_supplicant wireless_tools rfkill     bluez bluez-utils     pipewire pipewire-pulse pipewire-alsa wireplumber pavucontrol alsa-utils     acpi acpid upower     ntfs-3g exfatprogs e2fsprogs parted
#6 CACHED

#7 [ 5/60] RUN pacman -S --noconfirm --needed deepin deepin-extra ddm
#7 CACHED

#8 [ 3/60] RUN pacman -S --noconfirm --needed     base linux linux-firmware linux-headers     mkinitcpio mkinitcpio-archiso     intel-ucode amd-ucode     sudo nano dbus polkit     grub efibootmgr dosfstools
#8 CACHED

#9 [ 6/60] RUN pacman -S --noconfirm --needed     firefox vlc mpv gparted file-roller xdg-user-dirs
#9 CACHED

#10 [internal] load build context
#10 ...

#11 [ 7/60] RUN sed -i '78i\    if [[ "$arg" == "-n" ]]; then continue; fi' /usr/bin/dde-file-manager
#11 DONE 0.3s

#12 [ 8/60] RUN pacman -S --noconfirm --needed     base-devel gdb git curl wget jq tree htop python python-pip     nmap net-tools iputils traceroute whois     tcpdump socat openbsd-netcat wireshark-cli wireshark-qt     sqlmap john hydra aircrack-ng binwalk hexedit strace ltrace
#12 0.692 warning: curl-8.22.0-1 is up to date -- skipping
#12 0.692 warning: python-3.14.7-1 is up to date -- skipping
#12 0.692 warning: net-tools-2.10-3 is up to date -- skipping
#12 0.692 warning: iputils-20250605-1 is up to date -- skipping
#12 0.692 warning: socat-1.8.1.3-1 is up to date -- skipping
#12 0.692 resolving dependencies...
#12 0.938 looking for conflicting packages...
#12 0.975 
#12 0.975 Package (79)                New Version                 Net Change  Download Size
#12 0.975 
#12 0.975 extra/afpfs-ng              0.8.2-4                       0.26 MiB       0.09 MiB
#12 0.975 extra/apr                   1.7.6-1                       1.16 MiB       0.27 MiB
#12 0.975 extra/apr-util              1.6.5-1                       0.67 MiB       0.17 MiB
#12 0.975 core/autoconf               2.73-1                        2.25 MiB       0.64 MiB
#12 0.975 core/automake               1.18.1-1                      1.64 MiB       0.62 MiB
#12 0.975 extra/bcg729                1.1.1-2                       0.07 MiB       0.04 MiB
#12 0.975 core/bison                  3.8.2-8                       2.52 MiB       0.75 MiB
#12 0.975 extra/cpio                  2.15-3                        0.98 MiB       0.22 MiB
#12 0.975 core/debugedit              5.3-2                         0.13 MiB       0.05 MiB
#12 0.975 core/elfutils               0.196-1                       4.30 MiB       0.68 MiB
#12 0.975 extra/ethtool               1:7.1-1                       0.94 MiB       0.29 MiB
#12 0.975 core/fakeroot               1:1.37.2-3                    0.14 MiB       0.08 MiB
#12 0.975 core/flex                   2.6.4-6                       0.84 MiB       0.29 MiB
#12 0.975 extra/freerdp               2:3.31.1-1                    9.38 MiB       2.73 MiB
#12 0.975 core/gc                     8.2.12-1                      0.76 MiB       0.23 MiB
#12 0.975 core/gcc                    16.2.1+r23+gd564253eb6c8-1  220.89 MiB      57.93 MiB
#12 0.975 extra/gdb-common            17.2-1                        1.13 MiB       0.12 MiB
#12 0.975 core/groff                  1.24.1-1                      9.01 MiB       2.40 MiB
#12 0.975 core/guile                  3.0.11-1                     54.49 MiB       8.39 MiB
#12 0.975 extra/libcbor               0.14.0-1                      0.18 MiB       0.05 MiB
#12 0.975 extra/libfabric             2.6.0-1                       8.06 MiB       1.48 MiB
#12 0.975 extra/libfbclient           5.0.4-1                       5.07 MiB       1.20 MiB
#12 0.975 extra/libfido2              1.17.0-1                      0.47 MiB       0.19 MiB
#12 0.975 core/libisl                 0.28-1                        5.90 MiB       0.94 MiB
#12 0.975 extra/libmaxminddb          1.14.1-1                      0.04 MiB       0.03 MiB
#12 0.975 extra/libmemcached-awesome  1.1.4-4                       6.66 MiB       3.09 MiB
#12 0.975 core/libmpc                 1.4.1-1                       0.19 MiB       0.09 MiB
#12 0.975 extra/libtommath            1.3.0-2                       0.12 MiB       0.05 MiB
#12 0.975 extra/libutf8proc           2.11.3-1                      0.38 MiB       0.07 MiB
#12 0.975 core/m4                     1.4.21-2                      0.71 MiB       0.27 MiB
#12 0.975 core/make                   4.4.1-3                       1.66 MiB       0.51 MiB
#12 0.975 extra/mariadb-libs          13.0.2-2                     23.79 MiB       6.15 MiB
#12 0.975 extra/mongo-c-driver        2.4.0-1                       2.24 MiB       0.62 MiB
#12 0.975 extra/oniguruma             6.9.10-1                      0.88 MiB       0.22 MiB
#12 0.975 extra/openmpi               5.0.11-1                     10.04 MiB       3.94 MiB
#12 0.975 extra/openpmix              5.0.11-1                      3.77 MiB       0.92 MiB
#12 0.975 extra/openucx               1.20.1-3                      6.74 MiB       2.15 MiB
#12 0.975 core/patch                  2.8-1                         0.17 MiB       0.08 MiB
#12 0.975 extra/perl-error            0.17030-3                     0.04 MiB       0.02 MiB
#12 0.975 extra/perl-mailtools        2.22-3                        0.10 MiB       0.06 MiB
#12 0.975 core/pkgconf                3.0.7-1                       0.34 MiB       0.12 MiB
#12 0.975 extra/postgresql-libs       18.6-1                       10.72 MiB       1.94 MiB
#12 0.975 extra/prrte                 3.0.14-1                      1.98 MiB       0.58 MiB
#12 0.975 extra/python-attrs          26.1.0-1                      0.63 MiB       0.12 MiB
#12 0.975 extra/python-cffi           2.1.1-1                       1.40 MiB       0.29 MiB
#12 0.975 extra/python-cryptography   50.0.1-1                      6.32 MiB       1.44 MiB
#12 0.975 extra/python-filelock       3.31.2-1                      1.20 MiB       0.19 MiB
#12 0.975 extra/python-packaging      26.3-1                        1.58 MiB       0.25 MiB
#12 0.975 extra/python-pycparser      3.00-1                        0.71 MiB       0.11 MiB
#12 0.975 extra/python-wheel          0.48.0-1                      0.34 MiB       0.07 MiB
#12 0.975 extra/sdl3_ttf              3.2.2-3                       0.24 MiB       0.07 MiB
#12 0.975 extra/serf                  1.3.10-2                      0.17 MiB       0.06 MiB
#12 0.975 extra/source-highlight      3.1.9-19                      3.27 MiB       0.69 MiB
#12 0.975 extra/subversion            1.14.5-5                     35.78 MiB       8.11 MiB
#12 0.975 core/texinfo                7.3-1                        12.67 MiB       2.12 MiB
#12 0.975 extra/zlib-ng               2.3.3-1                       0.28 MiB       0.11 MiB
#12 0.975 extra/aircrack-ng           1.7-7                         1.67 MiB       0.51 MiB
#12 0.975 core/base-devel             1-2                           0.00 MiB       0.00 MiB
#12 0.975 extra/binwalk               3.1.0-1                       3.71 MiB       1.28 MiB
#12 0.975 extra/gdb                   17.2-1                       31.93 MiB       8.16 MiB
#12 0.975 extra/git                   2.55.0-1                     31.33 MiB       7.11 MiB
#12 0.975 extra/hexedit               1.6-3                         0.04 MiB       0.02 MiB
#12 0.975 extra/htop                  3.5.3-1                       0.41 MiB       0.18 MiB
#12 0.975 extra/hydra                 9.7-1                         1.61 MiB       0.46 MiB
#12 0.975 extra/john                  1.9.0.jumbo1-13              69.74 MiB      16.98 MiB
#12 0.975 extra/jq                    1.8.2-1                       0.47 MiB       0.20 MiB
#12 0.975 extra/ltrace                0.8.1-1                       0.43 MiB       0.17 MiB
#12 0.975 extra/nmap                  7.991-1                      26.31 MiB       6.03 MiB
#12 0.975 extra/openbsd-netcat        1.238_1-1                     0.05 MiB       0.02 MiB
#12 0.975 extra/python-pip            26.2.1-1                     16.68 MiB       2.75 MiB
#12 0.975 extra/sqlmap                1.10.7-1                     25.34 MiB       8.56 MiB
#12 0.975 extra/strace                7.2-1                         1.65 MiB       0.53 MiB
#12 0.975 extra/tcpdump               4.99.7-1                      1.11 MiB       0.44 MiB
#12 0.975 extra/traceroute            2.1.6-1                       0.08 MiB       0.04 MiB
#12 0.975 extra/tree                  2.3.2-1                       0.09 MiB       0.04 MiB
#12 0.975 extra/wget                  1.25.0-6                      5.70 MiB       0.69 MiB
#12 0.975 extra/whois                 5.6.6-1                       0.24 MiB       0.06 MiB
#12 0.975 extra/wireshark-cli         4.7.3-1                     100.30 MiB      21.06 MiB
#12 0.975 extra/wireshark-qt          4.7.3-1                      16.46 MiB       9.96 MiB
#12 0.975 
#12 0.975 Total Download Size:   199.64 MiB
#12 0.975 Total Installed Size:  801.80 MiB
#12 0.975 
#12 0.975 :: Proceed with installation? [Y/n] 
#12 0.975 :: Retrieving packages...
#12 ...

#10 [internal] load build context
#10 transferring context: 1.45kB 2.5s done
#10 DONE 2.5s

#12 [ 8/60] RUN pacman -S --noconfirm --needed     base-devel gdb git curl wget jq tree htop python python-pip     nmap net-tools iputils traceroute whois     tcpdump socat openbsd-netcat wireshark-cli wireshark-qt     sqlmap john hydra aircrack-ng binwalk hexedit strace ltrace
#12 21.30  gcc-16.2.1+r23+gd564253eb6c8-1-x86_64 downloading...
#12 21.30  wireshark-cli-4.7.3-1-x86_64 downloading...
#12 21.30  john-1.9.0.jumbo1-13-x86_64 downloading...
#12 21.30  wireshark-qt-4.7.3-1-x86_64 downloading...
#12 21.30  sqlmap-1.10.7-1-any downloading...
#12 21.30  guile-3.0.11-1-x86_64 downloading...
#12 21.30  gdb-17.2-1-x86_64 downloading...
#12 21.30  subversion-1.14.5-5-x86_64 downloading...
#12 21.30  git-2.55.0-1-x86_64 downloading...
#12 21.30  mariadb-libs-13.0.2-2-x86_64 downloading...
#12 21.30  nmap-7.991-1-x86_64 downloading...
#12 21.30  openmpi-5.0.11-1-x86_64 downloading...
#12 21.30  libmemcached-awesome-1.1.4-4-x86_64 downloading...
#12 21.30  python-pip-26.2.1-1-any downloading...
#12 21.30  freerdp-2:3.31.1-1-x86_64 downloading...
#12 21.30  groff-1.24.1-1-x86_64 downloading...
#12 21.30  openucx-1.20.1-3-x86_64 downloading...
#12 21.30  texinfo-7.3-1-x86_64 downloading...
#12 21.30  postgresql-libs-18.6-1-x86_64 downloading...
#12 21.30  libfabric-2.6.0-1-x86_64 downloading...
#12 21.30  python-cryptography-50.0.1-1-x86_64 downloading...
#12 21.30  binwalk-3.1.0-1-x86_64 downloading...
#12 21.30  libfbclient-5.0.4-1-x86_64 downloading...
#12 21.30  libisl-0.28-1-x86_64 downloading...
#12 21.30  openpmix-5.0.11-1-x86_64 downloading...
#12 21.30  bison-3.8.2-8-x86_64 downloading...
#12 21.30  source-highlight-3.1.9-19-x86_64 downloading...
#12 21.30  wget-1.25.0-6-x86_64 downloading...
#12 21.30  elfutils-0.196-1-x86_64 downloading...
#12 21.30  autoconf-2.73-1-any downloading...
#12 21.30  mongo-c-driver-2.4.0-1-x86_64 downloading...
#12 21.30  automake-1.18.1-1-any downloading...
#12 21.30  prrte-3.0.14-1-x86_64 downloading...
#12 21.30  strace-7.2-1-x86_64 downloading...
#12 21.30  aircrack-ng-1.7-7-x86_64 downloading...
#12 21.30  make-4.4.1-3-x86_64 downloading...
#12 21.30  hydra-9.7-1-x86_64 downloading...
#12 21.30  tcpdump-4.99.7-1-x86_64 downloading...
#12 21.30  ethtool-1:7.1-1-x86_64 downloading...
#12 21.30  python-cffi-2.1.1-1-x86_64 downloading...
#12 21.30  flex-2.6.4-6-x86_64 downloading...
#12 21.30  apr-1.7.6-1-x86_64 downloading...
#12 21.30  m4-1.4.21-2-x86_64 downloading...
#12 21.30  python-packaging-26.3-1-any downloading...
#12 21.30  gc-8.2.12-1-x86_64 downloading...
#12 21.30  cpio-2.15-3-x86_64 downloading...
#12 21.30  oniguruma-6.9.10-1-x86_64 downloading...
#12 21.30  jq-1.8.2-1-x86_64 downloading...
#12 21.30  python-filelock-3.31.2-1-any downloading...
#12 21.30  libfido2-1.17.0-1-x86_64 downloading...
#12 21.30  htop-3.5.3-1-x86_64 downloading...
#12 21.30  ltrace-0.8.1-1-x86_64 downloading...
#12 21.30  apr-util-1.6.5-1-x86_64 downloading...
#12 21.30  pkgconf-3.0.7-1-x86_64 downloading...
#12 21.30  gdb-common-17.2-1-x86_64 downloading...
#12 21.30  python-attrs-26.1.0-1-any downloading...
#12 21.30  zlib-ng-2.3.3-1-x86_64 downloading...
#12 21.30  python-pycparser-3.00-1-any downloading...
#12 21.30  libmpc-1.4.1-1-x86_64 downloading...
#12 21.30  afpfs-ng-0.8.2-4-x86_64 downloading...
#12 21.30  patch-2.8-1-x86_64 downloading...
#12 21.30  fakeroot-1:1.37.2-3-x86_64 downloading...
#12 21.30  libutf8proc-2.11.3-1-x86_64 downloading...
#12 21.30  python-wheel-0.48.0-1-any downloading...
#12 21.30  sdl3_ttf-3.2.2-3-x86_64 downloading...
#12 21.30  whois-5.6.6-1-x86_64 downloading...
#12 21.30  serf-1.3.10-2-x86_64 downloading...
#12 21.30  perl-mailtools-2.22-3-any downloading...
#12 21.30  debugedit-5.3-2-x86_64 downloading...
#12 21.30  libcbor-0.14.0-1-x86_64 downloading...
#12 21.30  libtommath-1.3.0-2-x86_64 downloading...
#12 21.30  tree-2.3.2-1-x86_64 downloading...
#12 21.30  traceroute-2.1.6-1-x86_64 downloading...
#12 21.30  bcg729-1.1.1-2-x86_64 downloading...
#12 21.30  libmaxminddb-1.14.1-1-x86_64 downloading...
#12 21.30  openbsd-netcat-1.238_1-1-x86_64 downloading...
#12 21.30  hexedit-1.6-3-x86_64 downloading...
#12 21.30  perl-error-0.17030-3-any downloading...
#12 21.30  base-devel-1-2-any downloading...
#12 21.30 checking keyring...
#12 21.86 checking package integrity...
#12 24.91 loading package files...
#12 25.02 checking for file conflicts...
#12 25.18 :: Processing package changes...
#12 25.18 installing m4...
#12 25.19 installing autoconf...
#12 25.20 installing automake...
#12 25.21 installing bison...
#12 25.22 installing cpio...
#12 25.22 installing elfutils...
#12 25.23 installing gc...
#12 25.24 installing guile...
#12 25.42 installing gdb-common...
#12 25.43 installing source-highlight...
#12 25.46 Optional dependencies for source-highlight
#12 25.46     lesspipe: src-hilite-lesspipe.sh
#12 25.46 installing gdb...
#12 25.55 installing debugedit...
#12 25.56 installing fakeroot...
#12 25.56 installing flex...
#12 25.56 installing libisl...
#12 25.58 installing libmpc...
#12 25.58 installing gcc...
#12 26.26 Optional dependencies for gcc
#12 26.26     lib32-gcc-libs: for generating code for 32-bit ABI
#12 26.26 installing groff...
#12 26.31 Optional dependencies for groff
#12 26.31     netpbm: for use together with man -H command interaction in browsers [installed]
#12 26.31     psutils: for use together with man -H command interaction in browsers
#12 26.31     libxaw: for gxditview
#12 26.31     perl-file-homedir: for use with glilypond
#12 26.31 installing make...
#12 26.32 installing patch...
#12 26.32 Optional dependencies for patch
#12 26.32     ed: for patch -e functionality
#12 26.32 installing pkgconf...
#12 26.32 installing texinfo...
#12 26.39 Optional dependencies for texinfo
#12 26.39     perl-archive-zip: EPUB file output via texi2any
#12 26.39 installing base-devel...
#12 26.39 installing perl-error...
#12 26.39 installing perl-mailtools...
#12 26.39 installing zlib-ng...
#12 26.39 installing git...
#12 26.58 Optional dependencies for git
#12 26.58     git-zsh-completion: upstream zsh completion
#12 26.58     tk: gitk and git gui
#12 26.58     openssh: ssh transport and crypto [installed]
#12 26.58     man: show help with `git command --help`
#12 26.58     perl-libwww: git svn [installed]
#12 26.58     perl-term-readkey: git svn and interactive.singlekey setting
#12 26.58     perl-io-socket-ssl: git send-email TLS support
#12 26.58     perl-authen-sasl: git send-email TLS support
#12 26.58     perl-cgi: gitweb (web interface) support
#12 26.58     python: git svn & git p4 [installed]
#12 26.58     subversion: git svn [pending]
#12 26.58     org.freedesktop.secrets: keyring credential helper [installed]
#12 26.58     libsecret: libsecret credential helper [installed]
#12 26.58     less: the default pager for git
#12 26.58 installing wget...
#12 26.59 Optional dependencies for wget
#12 26.59     ca-certificates: HTTPS downloads [installed]
#12 26.59 installing oniguruma...
#12 26.60 installing jq...
#12 26.60 installing tree...
#12 26.60 installing htop...
#12 26.60 Optional dependencies for htop
#12 26.60     lm_sensors: show cpu temperatures [installed]
#12 26.60     lsof: show files opened by a process
#12 26.60     strace: attach to a running process [pending]
#12 26.60 installing python-attrs...
#12 26.61 installing python-pycparser...
#12 26.61 installing python-cffi...
#12 26.62 Optional dependencies for python-cffi
#12 26.62     python-setuptools: "limited api" version checking in cffi.setuptools_ext
#12 26.62 installing python-cryptography...
#12 26.66 installing python-filelock...
#12 26.67 installing python-packaging...
#12 26.68 installing python-wheel...
#12 26.68 Optional dependencies for python-wheel
#12 26.68     python-keyring: for wheel.signatures
#12 26.68     python-xdg: for wheel.signatures
#12 26.68     python-setuptools: for legacy bdist_wheel subcommand
#12 26.68 installing python-pip...
#12 26.81 installing nmap...
#12 26.93 installing traceroute...
#12 26.93 installing whois...
#12 26.93 installing tcpdump...
#12 26.94 installing openbsd-netcat...
#12 26.94 installing bcg729...
#12 26.94 installing libmaxminddb...
#12 26.94 Optional dependencies for libmaxminddb
#12 26.94     geoip2-database: IP geolocation databases
#12 26.94 installing wireshark-cli...
#12 27.32 NOTE: To run wireshark as normal user you have to add yourself into wireshark group
#12 27.32 installing wireshark-qt...
#12 27.37 installing sqlmap...
#12 27.53 Optional dependencies for sqlmap
#12 27.53     perl: icmpsh extra tool [installed]
#12 27.53     python-sqlalchemy: MySQL/MariaDB connection
#12 27.53 installing libfabric...
#12 27.55 installing openpmix...
#12 27.58 Optional dependencies for openpmix
#12 27.58     openpmix-docs: for documentation
#12 27.58 installing openucx...
#12 27.61 Optional dependencies for openucx
#12 27.61     rdma-core: for InfiniBand and RDMA support
#12 27.61     cuda: for CUDA support
#12 27.61     rocm-language-runtime: for ROCm support
#12 27.61 installing prrte...
#12 27.63 Optional dependencies for prrte
#12 27.63     openssh: for execution on remote hosts via plm_ssh_agent [installed]
#12 27.63     prrte-docs: for documentation
#12 27.63 installing openmpi...
#12 27.67 Optional dependencies for openmpi
#12 27.67     cuda: cuda support
#12 27.67     hip-runtime-amd: ROCm support
#12 27.67     gcc-fortran: fortran support
#12 27.67     openssh: for execution on remote hosts via plm_ssh_agent [installed]
#12 27.67     openucc: for UCC accelerated collectives
#12 27.67 installing john...
#12 27.87 Optional dependencies for john
#12 27.87     bash-completion: completion for bash
#12 27.87     lua: lua based john scripts [installed]
#12 27.87     perl: perl based john scripts [installed]
#12 27.87     ruby: ruby based john scripts
#12 27.87     python: python based john scripts [installed]
#12 27.87 installing afpfs-ng...
#12 27.87 installing apr...
#12 27.88 installing libtommath...
#12 27.88 installing libfbclient...
#12 27.90 installing libmemcached-awesome...
#12 27.92 installing mongo-c-driver...
#12 27.93 installing apr-util...
#12 27.94 Optional dependencies for apr-util
#12 27.94     gdbm: enable gdbm support [installed]
#12 27.94     libldap: enable ldap support [installed]
#12 27.94     unixodbc: enable odbc support
#12 27.94     mariadb-libs: enable mysql/mariadb support [pending]
#12 27.94     postgresql-libs: enable postgres support [pending]
#12 27.94     db: enable berkley db support
#12 27.94     sqlite: enable sqlite support [installed]
#12 27.94     nss: enable nss crypto support [installed]
#12 27.94     openssl: enable openssl crypto support [installed]
#12 27.94 installing libutf8proc...
#12 27.94 installing serf...
#12 27.94 installing subversion...
#12 28.07 Optional dependencies for subversion
#12 28.07     libsecret: for GNOME Keyring for auth credentials [installed]
#12 28.07     bash-completion: for svn bash completion
#12 28.07     python: for some hook scripts [installed]
#12 28.07     java-environment: for Java support
#12 28.07     ruby: for some hook scripts
#12 28.07 installing sdl3_ttf...
#12 28.07 installing libcbor...
#12 28.07 installing libfido2...
#12 28.08 installing freerdp...
#12 28.13 installing mariadb-libs...
#12 28.22 Optional dependencies for mariadb-libs
#12 28.22     krb5: for gssapi authentication [installed]
#12 28.22 installing postgresql-libs...
#12 28.25 installing hydra...
#12 28.25 installing ethtool...
#12 28.26 installing aircrack-ng...
#12 28.27 installing binwalk...
#12 28.28 Optional dependencies for binwalk
#12 28.28     python-opengl: binviz module support
#12 28.28     python-capstone: disassembly support
#12 28.28     python-matplotlib: entropy plotting
#12 28.28     python-pyqtgraph: entropy plotting
#12 28.28     python-numpy: entropy module
#12 28.28     python-numba: entropy module
#12 28.28     python-gnupg: pgp plugin
#12 28.28     arj: ARJ decompression support
#12 28.28     cabextract: CAB archive support
#12 28.28     cpio: CPIO archive support [installed]
#12 28.28     gzip: GZIP decompression support [installed]
#12 28.28     mtd-utils: JFFS filesystem support
#12 28.28     p7zip: ZIP, LZMA and ISO decompression support [installed]
#12 28.28     squashfs-tools: squashfs support
#12 28.28     tar: TAR archive support [installed]
#12 28.28     unrar: RAR decompression support
#12 28.28     lhasa: LHA support
#12 28.28     sleuthkit: forensic analysis support
#12 28.28 installing hexedit...
#12 28.28 installing strace...
#12 28.29 installing ltrace...
#12 33.16 :: Running post-transaction hooks...
#12 33.16 (1/9) Configuring dynamic linker run-time bindings...
#12 33.33 (2/9) Creating system user accounts...
#12 33.42 Creating group 'wireshark' with GID 150.
#12 33.42 Creating group 'git' with GID 958.
#12 33.42 Creating user 'git' (git daemon user) with UID 958 and GID 958.
#12 33.44 (3/9) Creating temporary files...
#12 33.53 /usr/lib/tmpfiles.d/journal-nocow.conf:26: Failed to resolve specifier: uninitialized /etc/ detected, skipping.
#12 33.53 All rules containing unresolvable specifiers will be skipped.
#12 33.55 (4/9) Reloading system manager configuration...
#12 33.63   Skipped: Current root is not booted.
#12 33.63 (5/9) Updating the MIME type database...
#12 34.10 (6/9) Arming ConditionNeedsUpdate...
#12 34.19 (7/9) Checking for old perl modules...
#12 34.29 (8/9) Updating icon theme caches...
#12 34.46 (9/9) Updating the desktop file MIME type cache...
#12 DONE 35.9s

#13 [ 9/60] RUN pacman -S --noconfirm --needed     kcoreaddons kpmcore libpwquality qt6-declarative qt6-svg yaml-cpp     extra-cmake-modules libglvnd ninja qt6-tools qt6-translations &&     useradd -m builder &&     echo "builder ALL=(ALL) NOPASSWD:ALL" > /etc/sudoers.d/builder &&     su builder -c 'cd /tmp && git clone --depth 1 https://aur.archlinux.org/calamares.git && cd calamares && makepkg -s --noconfirm' &&     pacman -U --noconfirm /tmp/calamares/*.pkg.tar.zst &&     rm -rf /tmp/calamares /home/builder &&     userdel builder && rm -f /etc/sudoers.d/builder
#13 0.622 resolving dependencies...
#13 0.622 warning: kcoreaddons-6.30.0-1 is up to date -- skipping
#13 0.622 warning: libpwquality-1.4.5-7 is up to date -- skipping
#13 0.622 warning: qt6-declarative-6.11.2-2 is up to date -- skipping
#13 0.622 warning: qt6-svg-6.11.2-1 is up to date -- skipping
#13 0.622 warning: yaml-cpp-0.9.0-1 is up to date -- skipping
#13 0.622 warning: libglvnd-1.7.0-3 is up to date -- skipping
#13 0.622 warning: qt6-translations-6.11.2-1 is up to date -- skipping
#13 0.640 looking for conflicting packages...
#13 0.649 
#13 0.649 Package (11)               New Version  Net Change  Download Size
#13 0.649 
#13 0.649 extra/cmake                4.4.3-2      101.44 MiB      14.92 MiB
#13 0.649 extra/cppdap               1.58.0-3       1.61 MiB       0.33 MiB
#13 0.649 extra/gumbo-parser         0.13.2-1       0.37 MiB       0.12 MiB
#13 0.649 extra/jsoncpp              1.9.8-1        0.86 MiB       0.18 MiB
#13 0.649 extra/libuv                1.52.1-2       0.64 MiB       0.26 MiB
#13 0.649 extra/litehtml             0.10-1         1.53 MiB       0.49 MiB
#13 0.649 extra/rhash                1.4.6-1        0.34 MiB       0.18 MiB
#13 0.649 extra/extra-cmake-modules  6.30.0-1       2.20 MiB       0.48 MiB
#13 0.649 extra/kpmcore              26.08.1-1      4.63 MiB       0.77 MiB
#13 0.649 extra/ninja                1.13.2-3       0.41 MiB       0.17 MiB
#13 0.649 extra/qt6-tools            6.11.2-1      22.22 MiB       6.58 MiB
#13 0.649 
#13 0.649 Total Download Size:    24.47 MiB
#13 0.649 Total Installed Size:  136.27 MiB
#13 0.649 
#13 0.649 :: Proceed with installation? [Y/n] 
#13 0.649 :: Retrieving packages...
#13 2.362  cmake-4.4.3-2-x86_64 downloading...
#13 2.362  qt6-tools-6.11.2-1-x86_64 downloading...
#13 2.362  kpmcore-26.08.1-1-x86_64 downloading...
#13 2.362  litehtml-0.10-1-x86_64 downloading...
#13 2.362  extra-cmake-modules-6.30.0-1-any downloading...
#13 2.362  cppdap-1.58.0-3-x86_64 downloading...
#13 2.362  libuv-1.52.1-2-x86_64 downloading...
#13 2.362  rhash-1.4.6-1-x86_64 downloading...
#13 2.362  jsoncpp-1.9.8-1-x86_64 downloading...
#13 2.362  ninja-1.13.2-3-x86_64 downloading...
#13 2.362  gumbo-parser-0.13.2-1-x86_64 downloading...
#13 2.362 checking keyring...
#13 2.483 checking package integrity...
#13 2.918 loading package files...
#13 2.966 checking for file conflicts...
#13 3.098 :: Processing package changes...
#13 3.098 installing kpmcore...
#13 3.117 Optional dependencies for kpmcore
#13 3.117     bcachefs-tools: BCacheFS support
#13 3.117     dosfstools: FAT32 support [installed]
#13 3.117     e2fsprogs: ext2/3/4 support [installed]
#13 3.117     exfat-utils: exFAT support [installed]
#13 3.117     exfatprogs: exFAT support (alternative to exfat-utils) [installed]
#13 3.117     f2fs-tools: F2FS support
#13 3.117     fatresize: FAT resize support
#13 3.117     jfsutils: JFS support
#13 3.117     nilfs-utils: nilfs support
#13 3.117     ntfsprogs: NTFS support
#13 3.117     udftools: UDF support
#13 3.117     xfsprogs: XFS support
#13 3.117 installing cppdap...
#13 3.123 installing jsoncpp...
#13 3.127 Optional dependencies for jsoncpp
#13 3.127     jsoncpp-doc: documentation
#13 3.127 installing libuv...
#13 3.129 installing rhash...
#13 3.132 installing cmake...
#13 3.584 Optional dependencies for cmake
#13 3.584     make: for unix Makefile generator [installed]
#13 3.584     ninja: for ninja generator [pending]
#13 3.584     qt6-base: cmake-gui [installed]
#13 3.584 installing extra-cmake-modules...
#13 3.598 Optional dependencies for extra-cmake-modules
#13 3.598     python-pyxdg: to generate fastlane metadata for Android apps
#13 3.598     python-requests: to generate fastlane metadata for Android apps
#13 3.598     python-yaml: to generate fastlane metadata for Android apps
#13 3.598 installing ninja...
#13 3.600 installing gumbo-parser...
#13 3.603 installing litehtml...
#13 3.612 installing qt6-tools...
#13 3.714 Optional dependencies for qt6-tools
#13 3.714     clang: for qdoc and lupdate
#13 3.714     qt6-declarative: for qdistancefieldgenerator, qdoc and lupdate [installed]
#13 6.098 :: Running post-transaction hooks...
#13 6.098 (1/5) Updating the MIME type database...
#13 6.554 (2/5) Arming ConditionNeedsUpdate...
#13 6.633 (3/5) Reloading system bus configuration...
#13 6.710   Skipped: Current root is not booted.
#13 6.710 (4/5) Updating icon theme caches...
#13 6.808 (5/5) Updating the desktop file MIME type cache...
#13 7.022 Cloning into 'calamares'...
#13 10.33 ==> Making package: calamares 3.4.2-2 (Wed Sep 23 20:55:55 2026)
#13 10.33 ==> Checking runtime dependencies...
#13 10.36 ==> Checking buildtime dependencies...
#13 10.41 ==> Retrieving sources...
#13 10.43   -> Downloading calamares-3.4.2.tar.gz...
#13 10.67   % Total    % Received % Xferd  Average Speed  Time    Time    Time   Current
#13 10.67                                  Dload  Upload  Total   Spent   Left   Speed
#13 10.67   0      0   0      0   0      0      0      0                              0 95  4.71M  95  4.51M   0      0  3.67M      0   00:01   00:01          4.49M100  4.71M 100  4.71M   0      0  3.82M      0   00:01   00:01          4.49M100  4.71M 100  4.71M   0      0  3.82M      0   00:01   00:01          4.49M100  4.71M 100  4.71M   0      0  3.82M      0   00:01   00:01          4.49M
#13 11.69 ==> Validating source files with sha256sums...
#13 11.69     calamares-3.4.2.tar.gz ... Passed
#13 11.73 ==> Extracting sources...
#13 11.81   -> Extracting calamares-3.4.2.tar.gz with bsdtar
#13 12.00 ==> Starting build()...
#13 12.01 The no-dev option is deprecated.  Use -Wno-author instead.
#13 12.18 -- The C compiler identification is GNU 16.2.1
#13 12.42 -- The CXX compiler identification is GNU 16.2.1
#13 12.44 -- Detecting C compiler ABI info
#13 12.60 -- Detecting C compiler ABI info - done
#13 12.62 -- Check for working C compiler: /usr/sbin/cc - skipped
#13 12.62 -- Detecting C compile features
#13 12.62 -- Detecting C compile features - done
#13 12.65 -- Detecting CXX compiler ABI info
#13 12.84 -- Detecting CXX compiler ABI info - done
#13 12.87 -- Check for working CXX compiler: /usr/sbin/c++ - skipped
#13 12.87 -- Detecting CXX compile features
#13 12.87 -- Detecting CXX compile features - done
#13 12.89 -- Building Calamares with Qt6
#13 12.89 -- Found GNU g++ 16.2.1, enabling colorized error messages.
#13 12.96 -- Performing Test CMAKE_HAVE_LIBC_PTHREAD
#13 13.15 -- Performing Test CMAKE_HAVE_LIBC_PTHREAD - Success
#13 13.15 -- Found Threads: TRUE
#13 13.16 -- Performing Test HAVE_STDATOMIC
#13 13.44 -- Performing Test HAVE_STDATOMIC - Success
#13 13.44 -- Found WrapAtomic: TRUE
#13 13.54 -- Found OpenGL: /usr/lib/libOpenGL.so
#13 13.55 -- Found WrapOpenGL: TRUE
#13 13.55 -- Could NOT find WrapVulkanHeaders (missing: Vulkan_INCLUDE_DIR) 
#13 14.03 -- Could NOT find WrapVulkanHeaders (missing: Vulkan_INCLUDE_DIR) 
#13 14.04 -- Found YAMLCPP: /usr/include (Required is at least version "0.5.1")
#13 14.06 -- Found KDE ECM /usr/share/ECM/modules/;/usr/share/ECM/find-modules/;/usr/share/ECM/kde-modules
#13 14.12 -- Installing in the same prefix as Qt, adopting their path scheme.
#13 14.49 -- Found Python3: /usr/sbin/python3.14 (found version "3.14.7") found components: Interpreter
#13 14.96 -- Found Python: /usr/sbin/python3.14 (found suitable version "3.14.7", minimum required is "3.6") found components: Interpreter Development Development.Module Development.Embed
#13 14.98 No module named 'jsonschema'
#13 14.98 
#13 14.98 Dependencies for this tool are: py-yaml and py-jsonschema.
#13 14.98 
#13 14.98     https://pyyaml.org/
#13 14.98     https://github.com/Julian/jsonschema
#13 14.98 
#13 14.98 Simple installation is `pip install pyyaml jsonschema`
#13 14.98 
#13 14.98 -- Checked for config-validation dependencies: NOT-FOUND
#13 15.00 -- Found Gettext: /usr/sbin/msgmerge (found version "1.0")
#13 15.03 -- Installing gettext translations for python
#13 15.03 --   Installing python.mo from /tmp/calamares/src/calamares-3.4.2/lang/python
#13 15.04 --   Skipping python translations for en_US
#13 15.13 -- Could NOT find WrapVulkanHeaders (missing: Vulkan_INCLUDE_DIR) 
#13 15.28 -- Configured QML module: calamares.slideshow
#13 15.28 
#13 15.28 -- Config bootloader.conf
#13 15.28 -- Non-Config bootloader.schema.yaml
#13 15.28 -- Non-Config main.py
#13 15.28 -- Non-Config module.desc
#13 15.28 -- Found Calamares module: bootloader
#13 15.28    TYPE: jobmodule
#13 15.28    MODULE_DESTINATION: /usr/lib/calamares/modules/bootloader
#13 15.28    CONFIGURATION_FILES: bootloader.conf => [Build directory and share/calamares/modules]
#13 15.28 
#13 15.28 -- Non-Config test.yaml
#13 15.28 -- Found Calamares module: contextualprocess
#13 15.28    TYPE: job
#13 15.28    LINK_LIBRARIES: 
#13 15.28    LINK_PRIVATE_LIBRARIES: 
#13 15.28    PLUGIN_DESTINATION: /usr/lib/calamares/modules/contextualprocess
#13 15.28    CONFIGURATION_FILES: contextualprocess.conf => share/calamares/modules
#13 15.28 
#13 15.29 -- Config displaymanager.conf
#13 15.29 -- Non-Config displaymanager.schema.yaml
#13 15.29 -- Non-Config main.py
#13 15.29 -- Non-Config module.desc
#13 15.29 -- Found Calamares module: displaymanager
#13 15.29    TYPE: jobmodule
#13 15.29    MODULE_DESTINATION: /usr/lib/calamares/modules/displaymanager
#13 15.29    CONFIGURATION_FILES: displaymanager.conf => [Build directory and share/calamares/modules]
#13 15.29 
#13 15.29 -- Skipping module dracut (user request).
#13 15.29 
#13 15.29 -- Skipping module dracutlukscfg (user request).
#13 15.29 
#13 15.29 -- Skipping module dummycpp (user request).
#13 15.29 
#13 15.29 -- Skipping module dummyprocess (user request).
#13 15.29 
#13 15.29 -- Skipping module dummypython (user request).
#13 15.29 
#13 15.32 -- Found Calamares module: finished
#13 15.32    TYPE: viewmodule
#13 15.32    LINK_LIBRARIES: 
#13 15.32    LINK_PRIVATE_LIBRARIES: Qt6::DBus
#13 15.32    PLUGIN_DESTINATION: /usr/lib/calamares/modules/finished
#13 15.32    CONFIGURATION_FILES: finished.conf => share/calamares/modules
#13 15.32 
#13 15.34 -- Found Calamares module: finishedq
#13 15.34    TYPE: viewmodule
#13 15.34    LINK_LIBRARIES: 
#13 15.34    LINK_PRIVATE_LIBRARIES: Qt6::DBus
#13 15.34    PLUGIN_DESTINATION: /usr/lib/calamares/modules/finishedq
#13 15.34    CONFIGURATION_FILES: finishedq.conf => share/calamares/modules
#13 15.34    RESOURCES: finishedq-qt6.qrc
#13 15.34 
#13 15.35 -- KPMcore has already been found
#13 15.35 -- Found Calamares module: fsresizer
#13 15.35    TYPE: job
#13 15.35    LINK_LIBRARIES: 
#13 15.35    LINK_PRIVATE_LIBRARIES: calamares::kpmcore
#13 15.35    PLUGIN_DESTINATION: /usr/lib/calamares/modules/fsresizer
#13 15.35    CONFIGURATION_FILES: fsresizer.conf => share/calamares/modules
#13 15.35 
#13 15.35 -- Config fstab.conf
#13 15.35 -- Non-Config fstab.schema.yaml
#13 15.35 -- Non-Config main.py
#13 15.35 -- Non-Config module.desc
#13 15.35 -- Non-Config test.yaml
#13 15.35 -- Non-Config test2.yaml
#13 15.35 -- Found Calamares module: fstab
#13 15.35    TYPE: jobmodule
#13 15.35    MODULE_DESTINATION: /usr/lib/calamares/modules/fstab
#13 15.35    CONFIGURATION_FILES: fstab.conf => [Build directory and share/calamares/modules]
#13 15.35 
#13 15.35 -- Config grubcfg.conf
#13 15.35 -- Non-Config grubcfg.schema.yaml
#13 15.35 -- Non-Config main.py
#13 15.35 -- Found Calamares module: grubcfg
#13 15.35    TYPE: jobmodule
#13 15.35    MODULE_DESTINATION: /usr/lib/calamares/modules/grubcfg
#13 15.35 -- Non-Config module.desc
#13 15.35    CONFIGURATION_FILES: grubcfg.conf => [Build directory and share/calamares/modules]
#13 15.35 
#13 15.36 -- Found Calamares module: hostinfo
#13 15.36    TYPE: job
#13 15.36    LINK_LIBRARIES: 
#13 15.36    LINK_PRIVATE_LIBRARIES: 
#13 15.36    PLUGIN_DESTINATION: /usr/lib/calamares/modules/hostinfo
#13 15.36 
#13 15.36 -- Non-Config main.py
#13 15.36 -- Non-Config module.desc
#13 15.36 -- Found Calamares module: hwclock
#13 15.36    TYPE: jobmodule
#13 15.36    MODULE_DESTINATION: /usr/lib/calamares/modules/hwclock
#13 15.36 
#13 15.36 -- Found Calamares module: initcpio
#13 15.36    TYPE: job
#13 15.36    LINK_LIBRARIES: 
#13 15.36    LINK_PRIVATE_LIBRARIES: 
#13 15.36    PLUGIN_DESTINATION: /usr/lib/calamares/modules/initcpio
#13 15.36    CONFIGURATION_FILES: initcpio.conf => share/calamares/modules
#13 15.36 
#13 15.36 -- Config initcpiocfg.conf
#13 15.36 -- Non-Config initcpiocfg.schema.yaml
#13 15.36 -- Non-Config main.py
#13 15.36 -- Non-Config module.desc
#13 15.36 -- Non-Config test.yaml
#13 15.36 -- Found Calamares module: initcpiocfg
#13 15.36    TYPE: jobmodule
#13 15.36    MODULE_DESTINATION: /usr/lib/calamares/modules/initcpiocfg
#13 15.36    CONFIGURATION_FILES: initcpiocfg.conf => [Build directory and share/calamares/modules]
#13 15.36 
#13 15.36 -- Skipping module initramfs (user request).
#13 15.36 
#13 15.36 -- Skipping module initramfscfg (user request).
#13 15.36 
#13 15.36 -- Skipping module interactiveterminal (user request).
#13 15.36 
#13 15.37 -- Found Calamares module: keyboard
#13 15.37    TYPE: viewmodule
#13 15.37    LINK_LIBRARIES: Qt6::DBus
#13 15.37    LINK_PRIVATE_LIBRARIES: 
#13 15.37    PLUGIN_DESTINATION: /usr/lib/calamares/modules/keyboard
#13 15.37    CONFIGURATION_FILES: keyboard.conf => share/calamares/modules
#13 15.37    RESOURCES: keyboard.qrc
#13 15.37 
#13 15.37 -- Found Calamares module: keyboardq
#13 15.37    TYPE: viewmodule
#13 15.37    LINK_LIBRARIES: Qt6::DBus
#13 15.37    LINK_PRIVATE_LIBRARIES: 
#13 15.37    PLUGIN_DESTINATION: /usr/lib/calamares/modules/keyboardq
#13 15.37    CONFIGURATION_FILES: keyboardq.conf => share/calamares/modules
#13 15.37    RESOURCES: keyboardq-qt6.qrc
#13 15.37 
#13 15.38 -- Found Calamares module: license
#13 15.38    TYPE: viewmodule
#13 15.38    LINK_LIBRARIES: 
#13 15.38    LINK_PRIVATE_LIBRARIES: 
#13 15.38    PLUGIN_DESTINATION: /usr/lib/calamares/modules/license
#13 15.38    CONFIGURATION_FILES: license.conf => share/calamares/modules
#13 15.38 
#13 15.38 -- Found Calamares module: locale
#13 15.38    TYPE: viewmodule
#13 15.38    LINK_LIBRARIES: 
#13 15.38    LINK_PRIVATE_LIBRARIES: Qt6::Network;yamlcpp::yamlcpp
#13 15.38    PLUGIN_DESTINATION: /usr/lib/calamares/modules/locale
#13 15.38    CONFIGURATION_FILES: locale.conf => share/calamares/modules
#13 15.38    RESOURCES: locale.qrc
#13 15.38 
#13 15.38 -- Non-Config main.py
#13 15.38 -- Non-Config module.desc
#13 15.38 -- Found Calamares module: localecfg
#13 15.38    TYPE: jobmodule
#13 15.38    MODULE_DESTINATION: /usr/lib/calamares/modules/localecfg
#13 15.38 
#13 15.40 -- Could NOT find Qt6Location (missing: Qt6Location_DIR)
#13 15.42 -- Found Calamares module: localeq
#13 15.42    TYPE: viewmodule
#13 15.42    LINK_LIBRARIES: 
#13 15.42    LINK_PRIVATE_LIBRARIES: Qt6::Network
#13 15.42    PLUGIN_DESTINATION: /usr/lib/calamares/modules/localeq
#13 15.42    CONFIGURATION_FILES: localeq.conf => share/calamares/modules
#13 15.42    RESOURCES: localeq-qt6.qrc
#13 15.42 
#13 15.42 -- Found Calamares module: luksbootkeyfile
#13 15.42    TYPE: job
#13 15.42    LINK_LIBRARIES: 
#13 15.42    LINK_PRIVATE_LIBRARIES: 
#13 15.42    PLUGIN_DESTINATION: /usr/lib/calamares/modules/luksbootkeyfile
#13 15.42    CONFIGURATION_FILES: luksbootkeyfile.conf => share/calamares/modules
#13 15.42 
#13 15.43 -- Found Calamares module: luksopenswaphookcfg
#13 15.43    TYPE: job
#13 15.43    LINK_LIBRARIES: 
#13 15.43    LINK_PRIVATE_LIBRARIES: 
#13 15.43    PLUGIN_DESTINATION: /usr/lib/calamares/modules/luksopenswaphookcfg
#13 15.43    CONFIGURATION_FILES: luksopenswaphookcfg.conf => share/calamares/modules
#13 15.43 
#13 15.43 -- Found Calamares module: machineid
#13 15.43    TYPE: job
#13 15.43    LINK_LIBRARIES: 
#13 15.43    LINK_PRIVATE_LIBRARIES: 
#13 15.43    PLUGIN_DESTINATION: /usr/lib/calamares/modules/machineid
#13 15.43    CONFIGURATION_FILES: machineid.conf => share/calamares/modules
#13 15.43 
#13 15.44 -- Non-Config main.py
#13 15.44 -- Non-Config module.desc
#13 15.44 -- Found Calamares module: mkinitfs
#13 15.44    TYPE: jobmodule
#13 15.44    MODULE_DESTINATION: /usr/lib/calamares/modules/mkinitfs
#13 15.44 
#13 15.44 -- Non-Config main.py
#13 15.44 -- Non-Config module.desc
#13 15.44 -- Config mount.conf
#13 15.44 -- Non-Config mount.schema.yaml
#13 15.44 -- Found Calamares module: mount
#13 15.44    TYPE: jobmodule
#13 15.44    MODULE_DESTINATION: /usr/lib/calamares/modules/mount
#13 15.44    CONFIGURATION_FILES: mount.conf => [Build directory and share/calamares/modules]
#13 15.44 
#13 15.44 -- Found Calamares module: netinstall
#13 15.44    TYPE: viewmodule
#13 15.44    LINK_LIBRARIES: 
#13 15.44    LINK_PRIVATE_LIBRARIES: Qt6::Network
#13 15.44    PLUGIN_DESTINATION: /usr/lib/calamares/modules/netinstall
#13 15.44    CONFIGURATION_FILES: netinstall.conf => share/calamares/modules
#13 15.44 
#13 15.44 -- Non-Config main.py
#13 15.44 -- Non-Config module.desc
#13 15.44 -- Found Calamares module: networkcfg
#13 15.44    TYPE: jobmodule
#13 15.44    MODULE_DESTINATION: /usr/lib/calamares/modules/networkcfg
#13 15.44 
#13 15.45 -- Found Calamares module: notesqml
#13 15.45    TYPE: viewmodule
#13 15.45    LINK_LIBRARIES: 
#13 15.45    LINK_PRIVATE_LIBRARIES: 
#13 15.45    PLUGIN_DESTINATION: /usr/lib/calamares/modules/notesqml
#13 15.45    CONFIGURATION_FILES: notesqml.conf => share/calamares/modules
#13 15.45    RESOURCES: notesqml.qrc
#13 15.45 
#13 15.45 -- Found Calamares module: oemid
#13 15.45    TYPE: viewmodule
#13 15.45    LINK_LIBRARIES: 
#13 15.45    LINK_PRIVATE_LIBRARIES: Qt6::Widgets
#13 15.45    PLUGIN_DESTINATION: /usr/lib/calamares/modules/oemid
#13 15.45    CONFIGURATION_FILES: oemid.conf => share/calamares/modules
#13 15.45 
#13 15.45 -- Non-Config main.py
#13 15.45 -- Non-Config module.desc
#13 15.46 -- Config openrcdmcryptcfg.conf
#13 15.46 -- Found Calamares module: openrcdmcryptcfg
#13 15.46    TYPE: jobmodule
#13 15.46    MODULE_DESTINATION: /usr/lib/calamares/modules/openrcdmcryptcfg
#13 15.46    CONFIGURATION_FILES: openrcdmcryptcfg.conf => [Build directory and share/calamares/modules]
#13 15.46 
#13 15.46 -- Skipping module packagechooser (user request).
#13 15.46 
#13 15.46 -- Skipping module packagechooserq (user request).
#13 15.46 
#13 15.46 -- Non-Config main.py
#13 15.46 -- Non-Config module.desc
#13 15.46 -- Config packages.conf
#13 15.46 -- Non-Config packages.schema.yaml
#13 15.46 -- Found Calamares module: packages
#13 15.46    TYPE: jobmodule
#13 15.46    MODULE_DESTINATION: /usr/lib/calamares/modules/packages
#13 15.46    CONFIGURATION_FILES: packages.conf => [Build directory and share/calamares/modules]
#13 15.46 
#13 15.46 -- KPMcore has already been found
#13 15.49 -- Found Calamares module: partition
#13 15.49    TYPE: viewmodule
#13 15.49    LINK_LIBRARIES: 
#13 15.49    LINK_PRIVATE_LIBRARIES: calamares::kpmcore;KF6::CoreAddons
#13 15.49    PLUGIN_DESTINATION: /usr/lib/calamares/modules/partition
#13 15.49    CONFIGURATION_FILES: partition.conf => share/calamares/modules
#13 15.49 
#13 15.52 -- Found KF6Config: /usr/lib/cmake/KF6Config/KF6ConfigConfig.cmake (found version "6.30.0")
#13 15.52 -- Found KF6Package: /usr/lib/cmake/KF6Package/KF6PackageConfig.cmake (found version "6.30.0")
#13 16.86 -- Found Calamares module: plasmalnf
#13 16.86    TYPE: viewmodule
#13 16.86    LINK_LIBRARIES: 
#13 16.86    LINK_PRIVATE_LIBRARIES: KF6::Package;Plasma::Plasma
#13 16.86    PLUGIN_DESTINATION: /usr/lib/calamares/modules/plasmalnf
#13 16.86    CONFIGURATION_FILES: plasmalnf.conf => share/calamares/modules
#13 16.86    RESOURCES: page_plasmalnf.qrc
#13 16.86 
#13 16.87 -- Non-Config main.py
#13 16.87 -- Non-Config module.desc
#13 16.87 -- Config plymouthcfg.conf
#13 16.87 -- Non-Config plymouthcfg.schema.yaml
#13 16.87 -- Found Calamares module: plymouthcfg
#13 16.87    TYPE: jobmodule
#13 16.87    MODULE_DESTINATION: /usr/lib/calamares/modules/plymouthcfg
#13 16.87    CONFIGURATION_FILES: plymouthcfg.conf => [Build directory and share/calamares/modules]
#13 16.87 
#13 16.87 -- Found Calamares module: preservefiles
#13 16.87    TYPE: job
#13 16.87    LINK_LIBRARIES: 
#13 16.87    LINK_PRIVATE_LIBRARIES: 
#13 16.87    PLUGIN_DESTINATION: /usr/lib/calamares/modules/preservefiles
#13 16.87    CONFIGURATION_FILES: preservefiles.conf => share/calamares/modules
#13 16.87 
#13 16.88 -- Non-Config main.py
#13 16.88 -- Non-Config module.desc
#13 16.88 -- Config rawfs.conf
#13 16.88 -- Found Calamares module: rawfs
#13 16.88    TYPE: jobmodule
#13 16.88    MODULE_DESTINATION: /usr/lib/calamares/modules/rawfs
#13 16.88    CONFIGURATION_FILES: rawfs.conf => [Build directory and share/calamares/modules]
#13 16.88 
#13 16.88 -- Found Calamares module: removeuser
#13 16.88    TYPE: job
#13 16.88    LINK_LIBRARIES: 
#13 16.88    LINK_PRIVATE_LIBRARIES: 
#13 16.88    PLUGIN_DESTINATION: /usr/lib/calamares/modules/removeuser
#13 16.88    CONFIGURATION_FILES: removeuser.conf => share/calamares/modules
#13 16.88 
#13 16.88 -- Skipping module services-openrc (user request).
#13 16.88 
#13 16.88 -- Non-Config main.py
#13 16.88 -- Non-Config module.desc
#13 16.88 -- Config services-systemd.conf
#13 16.88 -- Non-Config services-systemd.schema.yaml
#13 16.88 -- Found Calamares module: services-systemd
#13 16.88    TYPE: jobmodule
#13 16.88    MODULE_DESTINATION: /usr/lib/calamares/modules/services-systemd
#13 16.88    CONFIGURATION_FILES: services-systemd.conf => [Build directory and share/calamares/modules]
#13 16.88 
#13 16.89 -- Found Calamares module: shellprocess
#13 16.89    TYPE: job
#13 16.89    LINK_LIBRARIES: 
#13 16.89    LINK_PRIVATE_LIBRARIES: 
#13 16.89    PLUGIN_DESTINATION: /usr/lib/calamares/modules/shellprocess
#13 16.89    CONFIGURATION_FILES: shellprocess.conf => share/calamares/modules
#13 16.89 
#13 16.89 -- Found Calamares module: summary
#13 16.89    TYPE: viewmodule
#13 16.89    LINK_LIBRARIES: 
#13 16.89    LINK_PRIVATE_LIBRARIES: 
#13 16.89    PLUGIN_DESTINATION: /usr/lib/calamares/modules/summary
#13 16.89 
#13 16.90 -- Found Calamares module: summaryq
#13 16.90    TYPE: viewmodule
#13 16.90    LINK_LIBRARIES: 
#13 16.90    LINK_PRIVATE_LIBRARIES: calamaresui
#13 16.90    PLUGIN_DESTINATION: /usr/lib/calamares/modules/summaryq
#13 16.90    RESOURCES: summaryq-qt6.qrc
#13 16.90 
#13 16.90 -- Found Calamares module: tracking
#13 16.90    TYPE: viewmodule
#13 16.90    LINK_LIBRARIES: KF6::CoreAddons
#13 16.90    LINK_PRIVATE_LIBRARIES: 
#13 16.90    PLUGIN_DESTINATION: /usr/lib/calamares/modules/tracking
#13 16.90    CONFIGURATION_FILES: tracking.conf => share/calamares/modules
#13 16.90    RESOURCES: page_trackingstep.qrc
#13 16.90 
#13 16.91 -- Found Calamares module: umount
#13 16.91    TYPE: job
#13 16.91    LINK_LIBRARIES: 
#13 16.91    LINK_PRIVATE_LIBRARIES: 
#13 16.91    PLUGIN_DESTINATION: /usr/lib/calamares/modules/umount
#13 16.91    CONFIGURATION_FILES: umount.conf => share/calamares/modules
#13 16.91 
#13 16.91 -- Non-Config main.py
#13 16.91 -- Non-Config module.desc
#13 16.91 -- Non-Config runtests.sh
#13 16.91 -- Config unpackfs.conf
#13 16.91 -- Found Calamares module: unpackfs
#13 16.91    TYPE: jobmodule
#13 16.91    MODULE_DESTINATION: /usr/lib/calamares/modules/unpackfs
#13 16.91 -- Non-Config unpackfs.schema.yaml
#13 16.91    CONFIGURATION_FILES: unpackfs.conf => [Build directory and share/calamares/modules]
#13 16.91 
#13 16.91 -- Found Calamares module: unpackfsc
#13 16.91    TYPE: job
#13 16.91    LINK_LIBRARIES: 
#13 16.91    LINK_PRIVATE_LIBRARIES: 
#13 16.91    PLUGIN_DESTINATION: /usr/lib/calamares/modules/unpackfsc
#13 16.91    CONFIGURATION_FILES: unpackfsc.conf => share/calamares/modules
#13 16.91 
#13 16.95 -- Found Crypt: /usr/lib/libcrypt.so
#13 16.95 -- Looking for crypt_gensalt
#13 17.14 -- Looking for crypt_gensalt - found
#13 17.16 -- Found PkgConfig: /usr/sbin/pkg-config (found version "3.0.7")
#13 17.28 -- Found LibPWQuality: /usr/include;/usr/include
#13 17.31 -- Found ICU: /usr/include (found version "78.3") found components: uc i18n
#13 17.31 -- Found Calamares module: users
#13 17.31    TYPE: viewmodule
#13 17.31    LINK_LIBRARIES: 
#13 17.31    LINK_PRIVATE_LIBRARIES: users_internal;crypt::crypt;KF6::CoreAddons;Qt6::DBus;crypt::crypt;/usr/lib/libpwquality.so;ICU::uc;ICU::i18n
#13 17.31    PLUGIN_DESTINATION: /usr/lib/calamares/modules/users
#13 17.31    CONFIGURATION_FILES: users.conf => share/calamares/modules
#13 17.31    RESOURCES: users.qrc
#13 17.31 
#13 17.38 -- Found Calamares module: usersq
#13 17.38    TYPE: viewmodule
#13 17.38    LINK_LIBRARIES: 
#13 17.38    LINK_PRIVATE_LIBRARIES: users_internal;/usr/lib/libcrypt.so;/usr/lib/libpwquality.so;ICU::uc;ICU::i18n;Qt6::DBus
#13 17.38    PLUGIN_DESTINATION: /usr/lib/calamares/modules/usersq
#13 17.38    CONFIGURATION_FILES: usersq.conf => share/calamares/modules
#13 17.38    RESOURCES: usersq-qt6.qrc
#13 17.38 
#13 17.42 -- Found LIBPARTED: /usr/lib/libparted.so
#13 17.42 -- Looking for ped_file_system_clobber
#13 17.60 -- Looking for ped_file_system_clobber - not found
#13 17.60 -- Looking for ped_file_system_resize
#13 17.78 -- Looking for ped_file_system_resize - not found
#13 17.78 -- Found Calamares module: welcome
#13 17.78    TYPE: viewmodule
#13 17.78    LINK_LIBRARIES: 
#13 17.78    LINK_PRIVATE_LIBRARIES: /usr/lib/libparted.so;Qt6::DBus;Qt6::Network
#13 17.78    PLUGIN_DESTINATION: /usr/lib/calamares/modules/welcome
#13 17.78    CONFIGURATION_FILES: welcome.conf => share/calamares/modules
#13 17.78    RESOURCES: welcome.qrc
#13 17.78 
#13 17.82 -- Found Calamares module: welcomeq
#13 17.82    TYPE: viewmodule
#13 17.82    LINK_LIBRARIES: 
#13 17.82    LINK_PRIVATE_LIBRARIES: /usr/lib/libparted.so;Qt6::DBus;Qt6::Network
#13 17.82    PLUGIN_DESTINATION: /usr/lib/calamares/modules/welcomeq
#13 17.82    CONFIGURATION_FILES: welcomeq.conf => share/calamares/modules
#13 17.82    RESOURCES: welcomeq-qt6.qrc
#13 17.82 
#13 17.82 -- Found Calamares module: zfs
#13 17.82    TYPE: job
#13 17.82    LINK_LIBRARIES: 
#13 17.82    LINK_PRIVATE_LIBRARIES: 
#13 17.82    PLUGIN_DESTINATION: /usr/lib/calamares/modules/zfs
#13 17.82    CONFIGURATION_FILES: zfs.conf => share/calamares/modules
#13 17.82 
#13 17.83 -- Non-Config main.py
#13 17.83 -- Non-Config module.desc
#13 17.83 -- Non-Config zfshostid.schema.yaml
#13 17.83 -- Found Calamares module: zfshostid
#13 17.83    TYPE: jobmodule
#13 17.83    MODULE_DESTINATION: /usr/lib/calamares/modules/zfshostid
#13 17.83 
#13 17.83 -- Found Calamares branding component: default
#13 17.83    TYPE: branding component
#13 17.83    BRANDING_COMPONENT_DESTINATION: share/calamares/branding/default
#13 17.83    BRANDING_TRANSLATIONS: 5 language(s)
#13 17.83 
#13 17.84 -- Found KF6CoreAddons: /usr/lib/cmake/KF6CoreAddons/KF6CoreAddonsConfig.cmake (found version "6.30.0")
#13 17.84 -- Skipped modules:
#13 17.84 --   Skipped dracut (user request).
#13 17.84 --   Skipped dracutlukscfg (user request).
#13 17.84 --   Skipped dummycpp (user request).
#13 17.84 --   Skipped dummyprocess (user request).
#13 17.84 --   Skipped dummypython (user request).
#13 17.84 --   Skipped initramfs (user request).
#13 17.84 --   Skipped initramfscfg (user request).
#13 17.84 --   Skipped interactiveterminal (user request).
#13 17.84 --   Skipped packagechooser (user request).
#13 17.84 --   Skipped packagechooserq (user request).
#13 17.84 --   Skipped services-openrc (user request).
#13 17.84 
#13 17.84 -- The following features are enabled
#13 17.84  * python, Enable Python-modules
#13 17.84  * python-pybind11, Python-modules through pybind11
#13 17.84  * Python (required version >= 3.6), Python job modules, <https://python.org>
#13 17.84    Python3 interpreter for certain tests.
#13 17.84  * Pybind11, Python using bundled pybind11
#13 17.84  * Qml, QML UI support
#13 17.84  * Polkit, Install Polkit files
#13 17.84  * KCrash, Crash dumps via KCrash
#13 17.84 
#13 17.84 -- The following features have been disabled:
#13 17.84  * yaml-schema, Validate YAML (config files) with schema. Missing dependencies for configvalidator.py.
#13 17.84  * python-boost, Python-modules through Boost::Python
#13 17.84  * ExampleDistro, Create example-distro target.
#13 17.84 
#13 17.86 -- Configuring done (5.9s)
#13 18.47 -- Generating done (0.6s)
#13 18.47 -- Build files have been written to: /tmp/calamares/src/build
#13 18.62 [1/540] Generating calamares_bn.qm
#13 18.62 Updating '/tmp/calamares/src/build/lang/calamares_bn.qm'...
#13 18.62     Generated 187 translation(s) (187 finished and 0 unfinished)
#13 18.62     Ignored 695 untranslated source text(s)
#13 18.62 [2/540] Generating calamares_ast.qm
#13 18.62 Updating '/tmp/calamares/src/build/lang/calamares_ast.qm'...
#13 18.62 Removed plural forms as the target language has less forms.
#13 18.62 If this sounds wrong, possibly the target language is not set or recognized.
#13 18.62     Generated 427 translation(s) (427 finished and 0 unfinished)
#13 18.62     Ignored 455 untranslated source text(s)
#13 18.62 [3/540] Generating calamares_az_AZ.qm
#13 18.62 Updating '/tmp/calamares/src/build/lang/calamares_az_AZ.qm'...
#13 18.62     Generated 675 translation(s) (675 finished and 0 unfinished)
#13 18.62     Ignored 207 untranslated source text(s)
#13 18.63 [4/540] Generating calamares_ca.qm
#13 18.63 Updating '/tmp/calamares/src/build/lang/calamares_ca.qm'...
#13 18.63     Generated 882 translation(s) (882 finished and 0 unfinished)
#13 18.63 [5/540] Generating calamares_ar.qm
#13 18.63 Updating '/tmp/calamares/src/build/lang/calamares_ar.qm'...
#13 18.63     Generated 882 translation(s) (882 finished and 0 unfinished)
#13 18.63 [6/540] Generating calamares_bg.qm
#13 18.63 Updating '/tmp/calamares/src/build/lang/calamares_bg.qm'...
#13 18.63     Generated 862 translation(s) (862 finished and 0 unfinished)
#13 18.63     Ignored 20 untranslated source text(s)
#13 18.63 [7/540] Generating calamares_da.qm
#13 18.63 Updating '/tmp/calamares/src/build/lang/calamares_da.qm'...
#13 18.63     Generated 556 translation(s) (556 finished and 0 unfinished)
#13 18.63     Ignored 326 untranslated source text(s)
#13 18.63 [8/540] Generating calamares_cs_CZ.qm
#13 18.63 Updating '/tmp/calamares/src/build/lang/calamares_cs_CZ.qm'...
#13 18.63 Removed plural forms as the target language has less forms.
#13 18.63 If this sounds wrong, possibly the target language is not set or recognized.
#13 18.63     Generated 882 translation(s) (882 finished and 0 unfinished)
#13 18.64 [9/540] Generating calamares_de.qm
#13 18.64 Updating '/tmp/calamares/src/build/lang/calamares_de.qm'...
#13 18.64     Generated 882 translation(s) (882 finished and 0 unfinished)
#13 18.65 [10/540] Generating calamares_as.qm
#13 18.65 Updating '/tmp/calamares/src/build/lang/calamares_as.qm'...
#13 18.65     Generated 519 translation(s) (519 finished and 0 unfinished)
#13 18.65     Ignored 363 untranslated source text(s)
#13 18.65 [11/540] Generating calamares_be.qm
#13 18.65 Updating '/tmp/calamares/src/build/lang/calamares_be.qm'...
#13 18.65 Removed plural forms as the target language has less forms.
#13 18.65 If this sounds wrong, possibly the target language is not set or recognized.
#13 18.65     Generated 647 translation(s) (647 finished and 0 unfinished)
#13 18.65     Ignored 235 untranslated source text(s)
#13 18.65 [12/540] Generating calamares_ca@valencia.qm
#13 18.65 Updating '/tmp/calamares/src/build/lang/calamares_ca@valencia.qm'...
#13 18.65 Removed plural forms as the target language has less forms.
#13 18.65 If this sounds wrong, possibly the target language is not set or recognized.
#13 18.65     Generated 543 translation(s) (543 finished and 0 unfinished)
#13 18.65     Ignored 339 untranslated source text(s)
#13 18.65 [13/540] Generating calamares_el.qm
#13 18.65 Updating '/tmp/calamares/src/build/lang/calamares_el.qm'...
#13 18.65     Generated 219 translation(s) (219 finished and 0 unfinished)
#13 18.65     Ignored 663 untranslated source text(s)
#13 18.65 [14/540] Generating calamares_en.qm
#13 18.65 Updating '/tmp/calamares/src/build/lang/calamares_en.qm'...
#13 18.65     Generated 2 translation(s) (0 finished and 2 unfinished)
#13 18.65     Ignored 880 untranslated source text(s)
#13 18.66 [15/540] Generating calamares_az.qm
#13 18.66 Updating '/tmp/calamares/src/build/lang/calamares_az.qm'...
#13 18.66     Generated 882 translation(s) (882 finished and 0 unfinished)
#13 18.67 [16/540] Generating calamares_es_MX.qm
#13 18.67 Updating '/tmp/calamares/src/build/lang/calamares_es_MX.qm'...
#13 18.67 Removed plural forms as the target language has less forms.
#13 18.67 If this sounds wrong, possibly the target language is not set or recognized.
#13 18.67     Generated 393 translation(s) (393 finished and 0 unfinished)
#13 18.67     Ignored 489 untranslated source text(s)
#13 18.67 [17/540] Generating calamares_et.qm
#13 18.67 Updating '/tmp/calamares/src/build/lang/calamares_et.qm'...
#13 18.67     Generated 434 translation(s) (434 finished and 0 unfinished)
#13 18.67     Ignored 448 untranslated source text(s)
#13 18.67 [18/540] Generating calamares_eo.qm
#13 18.67 Updating '/tmp/calamares/src/build/lang/calamares_eo.qm'...
#13 18.67     Generated 96 translation(s) (96 finished and 0 unfinished)
#13 18.67     Ignored 786 untranslated source text(s)
#13 18.68 [19/540] Generating calamares_es_AR.qm
#13 18.68 Updating '/tmp/calamares/src/build/lang/calamares_es_AR.qm'...
#13 18.68 Removed plural forms as the target language has less forms.
#13 18.68 If this sounds wrong, possibly the target language is not set or recognized.
#13 18.68     Generated 882 translation(s) (882 finished and 0 unfinished)
#13 18.68 [20/540] Generating calamares_es.qm
#13 18.68 Updating '/tmp/calamares/src/build/lang/calamares_es.qm'...
#13 18.68 Removed plural forms as the target language has less forms.
#13 18.68 If this sounds wrong, possibly the target language is not set or recognized.
#13 18.68     Generated 882 translation(s) (882 finished and 0 unfinished)
#13 18.69 [21/540] Generating calamares_eu.qm
#13 18.69 Updating '/tmp/calamares/src/build/lang/calamares_eu.qm'...
#13 18.69     Generated 267 translation(s) (267 finished and 0 unfinished)
#13 18.69     Ignored 615 untranslated source text(s)
#13 18.69 [22/540] Generating calamares_en_GB.qm
#13 18.69 Updating '/tmp/calamares/src/build/lang/calamares_en_GB.qm'...
#13 18.69     Generated 332 translation(s) (332 finished and 0 unfinished)
#13 18.69     Ignored 550 untranslated source text(s)
#13 18.70 [23/540] Generating calamares_gl.qm
#13 18.70 Updating '/tmp/calamares/src/build/lang/calamares_gl.qm'...
#13 18.70     Generated 354 translation(s) (354 finished and 0 unfinished)
#13 18.70     Ignored 528 untranslated source text(s)
#13 18.71 [24/540] Generating calamares_fa.qm
#13 18.71 Updating '/tmp/calamares/src/build/lang/calamares_fa.qm'...
#13 18.71 Removed plural forms as the target language has less forms.
#13 18.71 If this sounds wrong, possibly the target language is not set or recognized.
#13 18.71     Generated 623 translation(s) (623 finished and 0 unfinished)
#13 18.71     Ignored 259 untranslated source text(s)
#13 18.72 [25/540] Generating calamares_fur.qm
#13 18.72 Updating '/tmp/calamares/src/build/lang/calamares_fur.qm'...
#13 18.72     Generated 860 translation(s) (860 finished and 0 unfinished)
#13 18.72     Ignored 22 untranslated source text(s)
#13 18.73 [26/540] Generating calamares_hi.qm
#13 18.73 Updating '/tmp/calamares/src/build/lang/calamares_hi.qm'...
#13 18.73     Generated 640 translation(s) (640 finished and 0 unfinished)
#13 18.73     Ignored 242 untranslated source text(s)
#13 18.73 [27/540] Generating calamares_hr.qm
#13 18.73 Updating '/tmp/calamares/src/build/lang/calamares_hr.qm'...
#13 18.73     Generated 863 translation(s) (863 finished and 0 unfinished)
#13 18.73     Ignored 19 untranslated source text(s)
#13 18.75 [28/540] Generating calamares_ja.qm
#13 18.75 Updating '/tmp/calamares/src/build/lang/calamares_ja.qm'...
#13 18.75     Generated 882 translation(s) (882 finished and 0 unfinished)
#13 18.76 [29/540] Generating calamares_fi_FI.qm
#13 18.76 Updating '/tmp/calamares/src/build/lang/calamares_fi_FI.qm'...
#13 18.76     Generated 882 translation(s) (882 finished and 0 unfinished)
#13 18.77 [30/540] Generating calamares_fr.qm
#13 18.77 Updating '/tmp/calamares/src/build/lang/calamares_fr.qm'...
#13 18.77 Removed plural forms as the target language has less forms.
#13 18.77 If this sounds wrong, possibly the target language is not set or recognized.
#13 18.77     Generated 882 translation(s) (882 finished and 0 unfinished)
#13 18.77 [31/540] Generating calamares_ka.qm
#13 18.77 Updating '/tmp/calamares/src/build/lang/calamares_ka.qm'...
#13 18.77     Generated 799 translation(s) (799 finished and 0 unfinished)
#13 18.77     Ignored 83 untranslated source text(s)
#13 18.77 [32/540] Generating calamares_hu.qm
#13 18.77 Updating '/tmp/calamares/src/build/lang/calamares_hu.qm'...
#13 18.77 Removed plural forms as the target language has less forms.
#13 18.77 If this sounds wrong, possibly the target language is not set or recognized.
#13 18.77     Generated 882 translation(s) (882 finished and 0 unfinished)
#13 18.78 [33/540] Generating calamares_kk.qm
#13 18.78 Updating '/tmp/calamares/src/build/lang/calamares_kk.qm'...
#13 18.78     Generated 882 translation(s) (882 finished and 0 unfinished)
#13 18.78 [34/540] Generating calamares_lg.qm
#13 18.78 Updating '/tmp/calamares/src/build/lang/calamares_lg.qm'...
#13 18.78     Generated 882 translation(s) (882 finished and 0 unfinished)
#13 18.79 [35/540] Generating calamares_he.qm
#13 18.79 Updating '/tmp/calamares/src/build/lang/calamares_he.qm'...
#13 18.79 Removed plural forms as the target language has less forms.
#13 18.79 If this sounds wrong, possibly the target language is not set or recognized.
#13 18.79     Generated 882 translation(s) (882 finished and 0 unfinished)
#13 18.80 [36/540] Generating calamares_it_IT.qm
#13 18.80 Updating '/tmp/calamares/src/build/lang/calamares_it_IT.qm'...
#13 18.80 Removed plural forms as the target language has less forms.
#13 18.80 If this sounds wrong, possibly the target language is not set or recognized.
#13 18.80     Generated 799 translation(s) (799 finished and 0 unfinished)
#13 18.80     Ignored 83 untranslated source text(s)
#13 18.80 [37/540] Generating calamares_lt.qm
#13 18.80 Updating '/tmp/calamares/src/build/lang/calamares_lt.qm'...
#13 18.80 Removed plural forms as the target language has less forms.
#13 18.80 If this sounds wrong, possibly the target language is not set or recognized.
#13 18.80     Generated 863 translation(s) (863 finished and 0 unfinished)
#13 18.80     Ignored 19 untranslated source text(s)
#13 18.80 [38/540] Generating calamares_mr.qm
#13 18.80 Updating '/tmp/calamares/src/build/lang/calamares_mr.qm'...
#13 18.80     Generated 62 translation(s) (62 finished and 0 unfinished)
#13 18.80     Ignored 820 untranslated source text(s)
#13 18.81 [39/540] Generating calamares_id.qm
#13 18.81 Updating '/tmp/calamares/src/build/lang/calamares_id.qm'...
#13 18.81     Generated 882 translation(s) (882 finished and 0 unfinished)
#13 18.81 [40/540] Generating calamares_ko.qm
#13 18.81 Updating '/tmp/calamares/src/build/lang/calamares_ko.qm'...
#13 18.81     Generated 882 translation(s) (882 finished and 0 unfinished)
#13 18.81 [41/540] Generating calamares_ml.qm
#13 18.81 Updating '/tmp/calamares/src/build/lang/calamares_ml.qm'...
#13 18.81     Generated 479 translation(s) (479 finished and 0 unfinished)
#13 18.81     Ignored 403 untranslated source text(s)
#13 18.81 [42/540] Generating calamares_ia.qm
#13 18.81 Updating '/tmp/calamares/src/build/lang/calamares_ia.qm'...
#13 18.81     Generated 418 translation(s) (418 finished and 0 unfinished)
#13 18.81     Ignored 464 untranslated source text(s)
#13 18.82 [43/540] Generating calamares_oc.qm
#13 18.82 Updating '/tmp/calamares/src/build/lang/calamares_oc.qm'...
#13 18.82     Generated 350 translation(s) (350 finished and 0 unfinished)
#13 18.82     Ignored 532 untranslated source text(s)
#13 18.83 [44/540] Generating calamares_is.qm
#13 18.83 Updating '/tmp/calamares/src/build/lang/calamares_is.qm'...
#13 18.83     Generated 880 translation(s) (880 finished and 0 unfinished)
#13 18.83     Ignored 2 untranslated source text(s)
#13 18.87 [45/540] Generating calamares_nl.qm
#13 18.87 Updating '/tmp/calamares/src/build/lang/calamares_nl.qm'...
#13 18.87     Generated 578 translation(s) (578 finished and 0 unfinished)
#13 18.87     Ignored 304 untranslated source text(s)
#13 18.88 [46/540] Generating calamares_nb.qm
#13 18.88 Updating '/tmp/calamares/src/build/lang/calamares_nb.qm'...
#13 18.88     Generated 882 translation(s) (882 finished and 0 unfinished)
#13 18.88 [47/540] Generating calamares_sq.qm
#13 18.88 Updating '/tmp/calamares/src/build/lang/calamares_sq.qm'...
#13 18.88     Generated 880 translation(s) (880 finished and 0 unfinished)
#13 18.88     Ignored 2 untranslated source text(s)
#13 18.89 [48/540] Generating calamares_sl.qm
#13 18.89 Updating '/tmp/calamares/src/build/lang/calamares_sl.qm'...
#13 18.89     Generated 102 translation(s) (102 finished and 0 unfinished)
#13 18.89     Ignored 780 untranslated source text(s)
#13 18.89 [49/540] Generating calamares_si.qm
#13 18.89 Updating '/tmp/calamares/src/build/lang/calamares_si.qm'...
#13 18.89     Generated 634 translation(s) (634 finished and 0 unfinished)
#13 18.89     Ignored 248 untranslated source text(s)
#13 18.90 [50/540] Generating calamares_ro.qm
#13 18.90 Updating '/tmp/calamares/src/build/lang/calamares_ro.qm'...
#13 18.90     Generated 460 translation(s) (460 finished and 0 unfinished)
#13 18.90     Ignored 422 untranslated source text(s)
#13 18.91 [51/540] Generating calamares_sk.qm
#13 18.91 Updating '/tmp/calamares/src/build/lang/calamares_sk.qm'...
#13 18.91 Removed plural forms as the target language has less forms.
#13 18.91 If this sounds wrong, possibly the target language is not set or recognized.
#13 18.91     Generated 666 translation(s) (666 finished and 0 unfinished)
#13 18.91     Ignored 216 untranslated source text(s)
#13 18.91 [52/540] Generating calamares_sr.qm
#13 18.91 Updating '/tmp/calamares/src/build/lang/calamares_sr.qm'...
#13 18.91     Generated 112 translation(s) (112 finished and 0 unfinished)
#13 18.91     Ignored 770 untranslated source text(s)
#13 18.92 [53/540] Generating calamares_pl.qm
#13 18.92 Updating '/tmp/calamares/src/build/lang/calamares_pl.qm'...
#13 18.92 Removed plural forms as the target language has less forms.
#13 18.92 If this sounds wrong, possibly the target language is not set or recognized.
#13 18.92     Generated 882 translation(s) (882 finished and 0 unfinished)
#13 18.92 [54/540] Generating calamares_pt_BR.qm
#13 18.92 Updating '/tmp/calamares/src/build/lang/calamares_pt_BR.qm'...
#13 18.92 Removed plural forms as the target language has less forms.
#13 18.92 If this sounds wrong, possibly the target language is not set or recognized.
#13 18.92     Generated 882 translation(s) (882 finished and 0 unfinished)
#13 18.92 [55/540] Generating calamares_pt_PT.qm
#13 18.92 Updating '/tmp/calamares/src/build/lang/calamares_pt_PT.qm'...
#13 18.92 Removed plural forms as the target language has less forms.
#13 18.92 If this sounds wrong, possibly the target language is not set or recognized.
#13 18.92     Generated 717 translation(s) (717 finished and 0 unfinished)
#13 18.92     Ignored 165 untranslated source text(s)
#13 18.93 [56/540] Generating calamares_sr@latin.qm
#13 18.93 Updating '/tmp/calamares/src/build/lang/calamares_sr@latin.qm'...
#13 18.93 Removed plural forms as the target language has less forms.
#13 18.93 If this sounds wrong, possibly the target language is not set or recognized.
#13 18.93     Generated 101 translation(s) (101 finished and 0 unfinished)
#13 18.93     Ignored 781 untranslated source text(s)
#13 18.93 [57/540] Generating calamares_ru.qm
#13 18.93 Updating '/tmp/calamares/src/build/lang/calamares_ru.qm'...
#13 18.93 Removed plural forms as the target language has less forms.
#13 18.93 If this sounds wrong, possibly the target language is not set or recognized.
#13 18.93     Generated 882 translation(s) (882 finished and 0 unfinished)
#13 18.95 [58/540] Generating calamares_th.qm
#13 18.95 Updating '/tmp/calamares/src/build/lang/calamares_th.qm'...
#13 18.95     Generated 262 translation(s) (262 finished and 0 unfinished)
#13 18.95     Ignored 620 untranslated source text(s)
#13 18.97 [59/540] Generating tz_nl.qm
#13 18.97 Updating '/tmp/calamares/src/build/lang/tz_nl.qm'...
#13 18.97     Generated 9 translation(s) (9 finished and 0 unfinished)
#13 18.97     Ignored 426 untranslated source text(s)
#13 18.97 [60/540] Generating kb_en.qm
#13 18.97 Updating '/tmp/calamares/src/build/lang/kb_en.qm'...
#13 18.97     Generated 0 translation(s) (0 finished and 0 unfinished)
#13 18.97     Ignored 768 untranslated source text(s)
#13 18.98 [61/540] Generating tz_en.qm
#13 18.98 Updating '/tmp/calamares/src/build/lang/tz_en.qm'...
#13 18.98     Generated 2 translation(s) (2 finished and 0 unfinished)
#13 18.98     Ignored 433 untranslated source text(s)
#13 18.99 [62/540] Generating calamares_vi.qm
#13 18.99 Updating '/tmp/calamares/src/build/lang/calamares_vi.qm'...
#13 18.99     Generated 558 translation(s) (558 finished and 0 unfinished)
#13 18.99     Ignored 324 untranslated source text(s)
#13 19.00 [63/540] Generating calamares_uk.qm
#13 19.00 Updating '/tmp/calamares/src/build/lang/calamares_uk.qm'...
#13 19.00 Removed plural forms as the target language has less forms.
#13 19.00 If this sounds wrong, possibly the target language is not set or recognized.
#13 19.00     Generated 882 translation(s) (882 finished and 0 unfinished)
#13 19.00 [64/540] Generating calamares_sv.qm
#13 19.00 Updating '/tmp/calamares/src/build/lang/calamares_sv.qm'...
#13 19.00     Generated 882 translation(s) (882 finished and 0 unfinished)
#13 19.01 [65/540] Generating calamares_zh_TW.qm
#13 19.01 Updating '/tmp/calamares/src/build/lang/calamares_zh_TW.qm'...
#13 19.01     Generated 882 translation(s) (882 finished and 0 unfinished)
#13 19.01 [66/540] Generating kb_tg.qm
#13 19.01 Updating '/tmp/calamares/src/build/lang/kb_tg.qm'...
#13 19.01     Generated 304 translation(s) (304 finished and 0 unfinished)
#13 19.01     Ignored 464 untranslated source text(s)
#13 19.01 [67/540] Generating calamares_tr_TR.qm
#13 19.01 Updating '/tmp/calamares/src/build/lang/calamares_tr_TR.qm'...
#13 19.01 Removed plural forms as the target language has less forms.
#13 19.01 If this sounds wrong, possibly the target language is not set or recognized.
#13 19.01     Generated 882 translation(s) (882 finished and 0 unfinished)
#13 19.02 [68/540] Generating tz_sv.qm
#13 19.02 Updating '/tmp/calamares/src/build/lang/tz_sv.qm'...
#13 19.02     Generated 12 translation(s) (12 finished and 0 unfinished)
#13 19.02 [69/540] Generating calamares_tg.qm
#13 19.02 Updating '/tmp/calamares/src/build/lang/calamares_tg.qm'...
#13 19.02     Generated 882 translation(s) (882 finished and 0 unfinished)
#13 19.02 [70/540] Generating calamares_uz.qm
#13 19.02 Updating '/tmp/calamares/src/build/lang/calamares_uz.qm'...
#13 19.02     Generated 816 translation(s) (816 finished and 0 unfinished)
#13 19.02     Ignored 66 untranslated source text(s)
#13 19.03 [71/540] Generating tz_uk.qm
#13 19.03 Updating '/tmp/calamares/src/build/lang/tz_uk.qm'...
#13 19.03     Generated 2 translation(s) (2 finished and 0 unfinished)
#13 19.03     Ignored 433 untranslated source text(s)
#13 19.03 [72/540] Generating tz_ru.qm
#13 19.03 Updating '/tmp/calamares/src/build/lang/tz_ru.qm'...
#13 19.03     Generated 435 translation(s) (435 finished and 0 unfinished)
#13 19.04 [73/540] Generating calamares_zh_CN.qm
#13 19.04 Updating '/tmp/calamares/src/build/lang/calamares_zh_CN.qm'...
#13 19.04     Generated 882 translation(s) (882 finished and 0 unfinished)
#13 19.05 [74/540] Generating ar/LC_MESSAGES/calamares-python.mo
#13 19.06 [75/540] Generating tz_vi.qm
#13 19.06 Updating '/tmp/calamares/src/build/lang/tz_vi.qm'...
#13 19.06     Generated 435 translation(s) (14 finished and 421 unfinished)
#13 19.06 [76/540] Generating calamares-default_ar.qm
#13 19.06 Updating '/tmp/calamares/src/build/src/branding/calamares-default_ar.qm'...
#13 19.06     Generated 2 translation(s) (2 finished and 0 unfinished)
#13 19.06 [77/540] Generating calamares-default_en.qm
#13 19.06 Updating '/tmp/calamares/src/build/src/branding/calamares-default_en.qm'...
#13 19.06     Generated 0 translation(s) (0 finished and 0 unfinished)
#13 19.06     Ignored 2 untranslated source text(s)
#13 19.07 [78/540] Generating calamares-default_eo.qm
#13 19.07 Updating '/tmp/calamares/src/build/src/branding/calamares-default_eo.qm'...
#13 19.07     Generated 2 translation(s) (2 finished and 0 unfinished)
#13 19.07 [79/540] Generating calamares-default_fr.qm
#13 19.07 Updating '/tmp/calamares/src/build/src/branding/calamares-default_fr.qm'...
#13 19.07     Generated 2 translation(s) (2 finished and 0 unfinished)
#13 19.07 [80/540] Generating tz_tg.qm
#13 19.07 Updating '/tmp/calamares/src/build/lang/tz_tg.qm'...
#13 19.07     Generated 435 translation(s) (435 finished and 0 unfinished)
#13 19.07 [81/540] Generating calamares-default_nl.qm
#13 19.07 Updating '/tmp/calamares/src/build/src/branding/calamares-default_nl.qm'...
#13 19.07     Generated 2 translation(s) (2 finished and 0 unfinished)
#13 19.08 [82/540] Generating ast/LC_MESSAGES/calamares-python.mo
#13 19.09 [83/540] Generating as/LC_MESSAGES/calamares-python.mo
#13 19.10 [84/540] Generating az/LC_MESSAGES/calamares-python.mo
#13 19.10 [85/540] Generating be/LC_MESSAGES/calamares-python.mo
#13 19.10 [86/540] Generating az_AZ/LC_MESSAGES/calamares-python.mo
#13 19.10 [87/540] Generating bn/LC_MESSAGES/calamares-python.mo
#13 19.11 [88/540] Generating bg/LC_MESSAGES/calamares-python.mo
#13 19.11 [89/540] Generating ca@valencia/LC_MESSAGES/calamares-python.mo
#13 19.11 [90/540] Generating cs_CZ/LC_MESSAGES/calamares-python.mo
#13 19.13 [91/540] Generating ca/LC_MESSAGES/calamares-python.mo
#13 19.13 [92/540] Generating de/LC_MESSAGES/calamares-python.mo
#13 19.13 [93/540] Generating da/LC_MESSAGES/calamares-python.mo
#13 19.14 [94/540] Generating el/LC_MESSAGES/calamares-python.mo
#13 19.15 [95/540] Generating es_AR/LC_MESSAGES/calamares-python.mo
#13 19.15 [96/540] Generating en_GB/LC_MESSAGES/calamares-python.mo
#13 19.16 [97/540] Generating eo/LC_MESSAGES/calamares-python.mo
#13 19.16 [98/540] Generating es/LC_MESSAGES/calamares-python.mo
#13 19.16 [99/540] Generating et/LC_MESSAGES/calamares-python.mo
#13 19.18 [100/540] Generating es_MX/LC_MESSAGES/calamares-python.mo
#13 19.18 [101/540] Generating eu/LC_MESSAGES/calamares-python.mo
#13 19.19 [102/540] Generating fa/LC_MESSAGES/calamares-python.mo
#13 19.19 [103/540] Generating fi_FI/LC_MESSAGES/calamares-python.mo
#13 19.20 [104/540] Generating fr/LC_MESSAGES/calamares-python.mo
#13 19.20 [105/540] Generating fur/LC_MESSAGES/calamares-python.mo
#13 19.20 [106/540] Generating gl/LC_MESSAGES/calamares-python.mo
#13 19.20 [107/540] Generating he/LC_MESSAGES/calamares-python.mo
#13 19.21 [108/540] Generating hi/LC_MESSAGES/calamares-python.mo
#13 19.22 [109/540] Generating hr/LC_MESSAGES/calamares-python.mo
#13 19.23 [110/540] Generating hu/LC_MESSAGES/calamares-python.mo
#13 19.24 [111/540] Generating ia/LC_MESSAGES/calamares-python.mo
#13 19.24 [112/540] Generating id/LC_MESSAGES/calamares-python.mo
#13 19.24 [113/540] Generating ja/LC_MESSAGES/calamares-python.mo
#13 19.24 [114/540] Generating is/LC_MESSAGES/calamares-python.mo
#13 19.25 [115/540] Generating kk/LC_MESSAGES/calamares-python.mo
#13 19.26 [116/540] Generating it_IT/LC_MESSAGES/calamares-python.mo
#13 19.26 [117/540] Generating ka/LC_MESSAGES/calamares-python.mo
#13 19.26 [118/540] Generating ko/LC_MESSAGES/calamares-python.mo
#13 19.26 [119/540] Generating lg/LC_MESSAGES/calamares-python.mo
#13 19.28 [120/540] Generating lt/LC_MESSAGES/calamares-python.mo
#13 19.28 [121/540] Generating ml/LC_MESSAGES/calamares-python.mo
#13 19.29 [122/540] Generating nb/LC_MESSAGES/calamares-python.mo
#13 19.29 [123/540] Generating mr/LC_MESSAGES/calamares-python.mo
#13 19.29 [124/540] Generating nl/LC_MESSAGES/calamares-python.mo
#13 19.31 [125/540] Generating pt_PT/LC_MESSAGES/calamares-python.mo
#13 19.32 [126/540] Generating oc/LC_MESSAGES/calamares-python.mo
#13 19.32 [127/540] Generating pl/LC_MESSAGES/calamares-python.mo
#13 19.32 [128/540] Generating pt_BR/LC_MESSAGES/calamares-python.mo
#13 19.32 [129/540] Generating ro/LC_MESSAGES/calamares-python.mo
#13 19.32 [130/540] Generating ru/LC_MESSAGES/calamares-python.mo
#13 19.32 [131/540] Generating si/LC_MESSAGES/calamares-python.mo
#13 19.35 [132/540] Generating sl/LC_MESSAGES/calamares-python.mo
#13 19.35 [133/540] Generating sq/LC_MESSAGES/calamares-python.mo
#13 19.35 [134/540] Generating sr/LC_MESSAGES/calamares-python.mo
#13 19.35 [135/540] Generating sk/LC_MESSAGES/calamares-python.mo
#13 19.36 [136/540] Generating sr@latin/LC_MESSAGES/calamares-python.mo
#13 19.37 [137/540] Generating sv/LC_MESSAGES/calamares-python.mo
#13 19.37 [138/540] Generating th/LC_MESSAGES/calamares-python.mo
#13 19.37 [139/540] Generating tr_TR/LC_MESSAGES/calamares-python.mo
#13 19.37 [140/540] Generating uk/LC_MESSAGES/calamares-python.mo
#13 19.37 [141/540] Generating tg/LC_MESSAGES/calamares-python.mo
#13 19.39 [142/540] Generating uz/LC_MESSAGES/calamares-python.mo
#13 19.39 [143/540] Generating vi/LC_MESSAGES/calamares-python.mo
#13 19.40 [144/540] Generating zh_CN/LC_MESSAGES/calamares-python.mo
#13 19.40 [145/540] Generating zh_TW/LC_MESSAGES/calamares-python.mo
#13 19.43 [146/540] cd /tmp/calamares/src/build/src/branding && /usr/sbin/cmake -E make_directory /tmp/calamares/src/build/src/branding/default/lang/ && /usr/sbin/cmake -E copy /tmp/calamares/src/build/src/branding/calamares-default_ar.qm /tmp/calamares/src/build/src/branding/calamares-default_en.qm /tmp/calamares/src/build/src/branding/calamares-default_eo.qm /tmp/calamares/src/build/src/branding/calamares-default_fr.qm /tmp/calamares/src/build/src/branding/calamares-default_nl.qm /tmp/calamares/src/build/src/branding/default/lang/
#13 19.67 [147/540] Automatic MOC for target kdsingleapplication
#13 20.38 [148/540] Automatic MOC for target calamares
#13 24.33 [149/540] Building CXX object src/libcalamares/CMakeFiles/calamares.dir/JobExample.cpp.o
#13 24.58 [150/540] Building CXX object 3rdparty/kdsingleapplication/CMakeFiles/kdsingleapplication.dir/kdsingleapplication_autogen/mocs_compilation.cpp.o
#13 24.68 [151/540] Building CXX object src/libcalamares/CMakeFiles/calamares.dir/Job.cpp.o
#13 24.78 [152/540] Building CXX object lang/CMakeFiles/txload.dir/txload.cpp.o
#13 24.99 [153/540] Building CXX object src/libcalamares/CMakeFiles/calamares.dir/CppJob.cpp.o
#13 25.26 [154/540] Building CXX object src/libcalamares/CMakeFiles/calamares.dir/CalamaresAbout.cpp.o
#13 25.83 [155/540] Building CXX object 3rdparty/kdsingleapplication/CMakeFiles/kdsingleapplication.dir/kdsingleapplication_localsocket.cpp.o
#13 26.08 [156/540] Building CXX object 3rdparty/kdsingleapplication/CMakeFiles/kdsingleapplication.dir/kdsingleapplication.cpp.o
#13 27.08 [157/540] Building CXX object src/libcalamares/CMakeFiles/calamares.dir/ProcessJob.cpp.o
#13 27.43 [158/540] Building CXX object src/libcalamares/CMakeFiles/calamares.dir/GlobalStorage.cpp.o
#13 28.69 [159/540] Generating qrc_calamares-i18n.cxx
#13 28.79 [160/540] Building CXX object src/libcalamares/CMakeFiles/calamares.dir/JobQueue.cpp.o
#13 29.31 [161/540] Building CXX object src/libcalamares/CMakeFiles/calamares.dir/geoip/Interface.cpp.o
#13 29.39 [162/540] Building CXX object src/libcalamares/CMakeFiles/calamares.dir/geoip/GeoIPFixed.cpp.o
#13 29.56 [163/540] Building CXX object src/libcalamares/CMakeFiles/calamares.dir/Settings.cpp.o
#13 30.18 [164/540] Building CXX object src/libcalamares/CMakeFiles/calamares.dir/calamares_autogen/mocs_compilation.cpp.o
#13 30.33 [165/540] Building CXX object src/libcalamares/CMakeFiles/calamares.dir/locale/Lookup.cpp.o
#13 30.56 [166/540] Building CXX object src/libcalamares/CMakeFiles/calamares.dir/locale/Global.cpp.o
#13 31.52 [167/540] Building CXX object src/libcalamares/CMakeFiles/calamares.dir/locale/TranslatableString.cpp.o
#13 31.72 [168/540] Building CXX object src/libcalamares/CMakeFiles/calamares.dir/geoip/GeoIPJSON.cpp.o
#13 31.89 [169/540] Building CXX object src/libcalamares/CMakeFiles/calamares.dir/locale/Translation.cpp.o
#13 31.99 [170/540] Building CXX object src/libcalamares/CMakeFiles/calamares.dir/geoip/Handler.cpp.o
#13 32.28 [171/540] Building CXX object src/libcalamares/CMakeFiles/calamares.dir/locale/TranslatableConfiguration.cpp.o
#13 33.93 [172/540] Building CXX object src/libcalamares/CMakeFiles/calamares.dir/modulesystem/Descriptor.cpp.o
#13 33.97 [173/540] Building CXX object src/libcalamares/CMakeFiles/calamares.dir/modulesystem/InstanceKey.cpp.o
#13 34.36 [174/540] Building CXX object src/libcalamares/CMakeFiles/calamares.dir/locale/TimeZone.cpp.o
#13 34.37 /tmp/calamares/src/calamares-3.4.2/src/libcalamares/locale/TimeZone.cpp: In member function ‘void Calamares::Locale::RegionalZonesModel::setRegion(const QString&)’:
#13 34.37 /tmp/calamares/src/calamares-3.4.2/src/libcalamares/locale/TimeZone.cpp:474:25: warning: ‘void QSortFilterProxyModel::invalidateFilter()’ is deprecated: Use begin/endFilterChange() instead [-Wdeprecated-declarations]
#13 34.37   474 |         invalidateFilter();
#13 34.37       |         ~~~~~~~~~~~~~~~~^~
#13 34.37 In file included from /usr/include/qt6/QtCore/QSortFilterProxyModel:1,
#13 34.37                  from /tmp/calamares/src/calamares-3.4.2/src/libcalamares/locale/TimeZone.h:31,
#13 34.37                  from /tmp/calamares/src/calamares-3.4.2/src/libcalamares/locale/TimeZone.cpp:11:
#13 34.37 /usr/include/qt6/QtCore/qsortfilterproxymodel.h:128:10: note: declared here
#13 34.37   128 |     void invalidateFilter();
#13 34.37       |          ^~~~~~~~~~~~~~~~
#13 34.78 [175/540] Building CXX object src/libcalamares/CMakeFiles/calamares.dir/modulesystem/Config.cpp.o
#13 35.26 [176/540] Building CXX object src/libcalamares/CMakeFiles/calamares.dir/locale/TranslationsModel.cpp.o
#13 35.65 [177/540] Building CXX object src/libcalamares/CMakeFiles/calamares.dir/modulesystem/Preset.cpp.o
#13 36.82 [178/540] Building CXX object src/libcalamares/CMakeFiles/calamares.dir/modulesystem/RequirementsModel.cpp.o
#13 37.21 [179/540] Building CXX object src/libcalamares/CMakeFiles/calamares.dir/partition/Global.cpp.o
#13 37.42 [180/540] Building CXX object src/libcalamares/CMakeFiles/calamares.dir/partition/PartitionSize.cpp.o
#13 37.67 [181/540] Building CXX object src/libcalamares/CMakeFiles/calamares.dir/packages/Globals.cpp.o
#13 37.92 [182/540] Building CXX object src/libcalamares/CMakeFiles/calamares.dir/modulesystem/Module.cpp.o
#13 38.36 [183/540] Building CXX object src/libcalamares/CMakeFiles/calamares.dir/network/Manager.cpp.o
#13 39.12 [184/540] Building CXX object src/libcalamares/CMakeFiles/calamares.dir/partition/Mount.cpp.o
#13 39.19 [185/540] Building CXX object src/libcalamares/CMakeFiles/calamares.dir/utils/UMask.cpp.o
#13 39.34 [186/540] Building CXX object src/libcalamares/CMakeFiles/calamares.dir/utils/Entropy.cpp.o
#13 39.78 [187/540] Building CXX object src/libcalamares/CMakeFiles/calamares.dir/partition/Sync.cpp.o
#13 40.63 [188/540] Building CXX object src/libcalamares/CMakeFiles/calamares.dir/utils/Permissions.cpp.o
#13 41.40 [189/540] Building CXX object src/libcalamares/CMakeFiles/calamares.dir/utils/CommandList.cpp.o
#13 41.65 [190/540] Building CXX object src/libcalamares/CMakeFiles/calamares.dir/utils/Dirs.cpp.o
#13 41.78 [191/540] Building CXX object src/libcalamares/CMakeFiles/calamares.dir/utils/PluginFactory.cpp.o
#13 42.45 [192/540] Building CXX object src/libcalamares/CMakeFiles/calamares.dir/utils/String.cpp.o
#13 42.70 [193/540] Building CXX object src/libcalamares/CMakeFiles/calamares.dir/utils/StringExpander.cpp.o
#13 42.83 [194/540] Building CXX object src/libcalamares/CMakeFiles/calamares.dir/utils/Logger.cpp.o
#13 42.84 /tmp/calamares/src/calamares-3.4.2/src/libcalamares/utils/Logger.cpp: In function ‘void Logger::setupLogfile()’:
#13 42.84 /tmp/calamares/src/calamares-3.4.2/src/libcalamares/utils/Logger.cpp:169:19: warning: ignoring return value of ‘virtual bool QFile::open(QIODeviceBase::OpenMode)’, declared with attribute ‘nodiscard’ [-Wunused-result]
#13 42.84   169 |             f.open( QIODevice::ReadOnly | QIODevice::Text );
#13 42.84       |             ~~~~~~^~~~~~~~~~~~~~~~~~~~~~~~~~~~~~~~~~~~~~~~~
#13 42.84 In file included from /usr/include/qt6/QtCore/qdir.h:11,
#13 42.84                  from /usr/include/qt6/QtCore/QDir:1,
#13 42.84                  from /tmp/calamares/src/calamares-3.4.2/src/libcalamares/utils/Dirs.h:22,
#13 42.84                  from /tmp/calamares/src/calamares-3.4.2/src/libcalamares/utils/Logger.cpp:19:
#13 42.84 /usr/include/qt6/QtCore/qfile.h:264:32: note: declared here
#13 42.84   264 |     QFILE_MAYBE_NODISCARD bool open(OpenMode flags) override;
#13 42.84       |                                ^~~~
#13 42.84 /tmp/calamares/src/calamares-3.4.2/src/libcalamares/utils/Logger.cpp:178:19: warning: ignoring return value of ‘virtual bool QFile::open(QIODeviceBase::OpenMode)’, declared with attribute ‘nodiscard’ [-Wunused-result]
#13 42.84   178 |             f.open( QIODevice::WriteOnly | QIODevice::Text );
#13 42.84       |             ~~~~~~^~~~~~~~~~~~~~~~~~~~~~~~~~~~~~~~~~~~~~~~~~
#13 42.84 /usr/include/qt6/QtCore/qfile.h:264:32: note: declared here
#13 42.84   264 |     QFILE_MAYBE_NODISCARD bool open(OpenMode flags) override;
#13 42.84       |                                ^~~~
#13 43.98 [195/540] Building CXX object src/libcalamares/CMakeFiles/calamares.dir/utils/Retranslator.cpp.o
#13 44.08 [196/540] Building CXX object src/libcalamares/CMakeFiles/calamares.dir/modulesystem/RequirementsChecker.cpp.o
#13 44.75 [197/540] Building CXX object src/libcalamares/CMakeFiles/calamares.dir/utils/Variant.cpp.o
#13 44.78 [198/540] Building CXX object src/libcalamares/CMakeFiles/calamares.dir/utils/Runner.cpp.o
#13 45.03 [199/540] Building CXX object src/libcalamares/CMakeFiles/calamares.dir/utils/System.cpp.o
#13 45.13 [200/540] Linking CXX static library libkdsingleapplication.a
#13 45.78 [201/540] Building CXX object lang/CMakeFiles/calamares-i18n.dir/qrc_calamares-i18n.cxx.o
#13 47.10 [202/540] Linking CXX executable lang/txload
#13 47.22 [203/540] Building CXX object src/libcalamares/CMakeFiles/calamares.dir/partition/FileSystem.cpp.o
#13 47.69 [204/540] Building CXX object src/libcalamares/CMakeFiles/calamares.dir/partition/PartitionQuery.cpp.o
#13 47.73 [205/540] Building CXX object src/libcalamares/CMakeFiles/calamares.dir/geoip/GeoIPXML.cpp.o
#13 47.78 [206/540] Building CXX object src/libcalamares/CMakeFiles/calamares.dir/utils/Yaml.cpp.o
#13 48.18 [207/540] Building CXX object src/libcalamares/CMakeFiles/calamares.dir/partition/PartitionIterator.cpp.o
#13 48.22 [208/540] Building CXX object src/libcalamares/CMakeFiles/calamares.dir/partition/KPMManager.cpp.o
#13 49.08 [209/540] Building CXX object src/libcalamares/CMakeFiles/test_automount.dir/partition/calautomount.cpp.o
#13 51.27 [210/540] Building CXX object src/libcalamares/CMakeFiles/calamares.dir/partition/AutoMount.cpp.o
#13 51.87 [211/540] Building CXX object src/libcalamares/CMakeFiles/calamares.dir/python/Api.cpp.o
#13 51.87 In file included from /tmp/calamares/src/calamares-3.4.2/3rdparty/pybind11/include/pybind11/detail/../cast.h:15,
#13 51.87                  from /tmp/calamares/src/calamares-3.4.2/3rdparty/pybind11/include/pybind11/detail/../attr.h:14,
#13 51.87                  from /tmp/calamares/src/calamares-3.4.2/3rdparty/pybind11/include/pybind11/detail/class.h:12,
#13 51.87                  from /tmp/calamares/src/calamares-3.4.2/3rdparty/pybind11/include/pybind11/pybind11.h:13,
#13 51.87                  from /tmp/calamares/src/calamares-3.4.2/src/libcalamares/pybind11/PythonTypes.h:30,
#13 51.87                  from /tmp/calamares/src/calamares-3.4.2/src/libcalamares/python/Api.h:20,
#13 51.87                  from /tmp/calamares/src/calamares-3.4.2/src/libcalamares/python/Api.cpp:10:
#13 51.87 /tmp/calamares/src/calamares-3.4.2/3rdparty/pybind11/include/pybind11/detail/../detail/type_caster_base.h: In function ‘PyThreadState* pybind11::detail::get_thread_state_unchecked()’:
#13 51.87 /tmp/calamares/src/calamares-3.4.2/3rdparty/pybind11/include/pybind11/detail/../detail/type_caster_base.h:490:39: warning: ‘PyThreadState* _PyThreadState_UncheckedGet()’ is deprecated [-Wdeprecated-declarations]
#13 51.87   490 |     return _PyThreadState_UncheckedGet();
#13 51.87       |            ~~~~~~~~~~~~~~~~~~~~~~~~~~~^~
#13 51.87 In file included from /usr/include/python3.14/pystate.h:125,
#13 51.87                  from /usr/include/python3.14/Python.h:119,
#13 51.87                  from /tmp/calamares/src/calamares-3.4.2/3rdparty/pybind11/include/pybind11/detail/../detail/common.h:266,
#13 51.87                  from /tmp/calamares/src/calamares-3.4.2/3rdparty/pybind11/include/pybind11/detail/../attr.h:13:
#13 51.87 /usr/include/python3.14/cpython/pystate.h:223:1: note: declared here
#13 51.87   223 | _PyThreadState_UncheckedGet(void)
#13 51.87       | ^~~~~~~~~~~~~~~~~~~~~~~~~~~
#13 51.87 In file included from /tmp/calamares/src/calamares-3.4.2/3rdparty/pybind11/include/pybind11/embed.h:13,
#13 51.87                  from /tmp/calamares/src/calamares-3.4.2/src/libcalamares/pybind11/PythonTypes.h:32:
#13 51.87 /tmp/calamares/src/calamares-3.4.2/3rdparty/pybind11/include/pybind11/eval.h: In function ‘pybind11::object pybind11::eval_file(str, object, object)’:
#13 51.87 /tmp/calamares/src/calamares-3.4.2/3rdparty/pybind11/include/pybind11/eval.h:136:28: warning: ‘FILE* _Py_fopen_obj(PyObject*, const char*)’ is deprecated [-Wdeprecated-declarations]
#13 51.87   136 |     FILE *f = _Py_fopen_obj(fname.ptr(), "r");
#13 51.87       |               ~~~~~~~~~~~~~^~~~~~~~~~~~~~~~~~
#13 51.87 In file included from /usr/include/python3.14/fileutils.h:55,
#13 51.87                  from /usr/include/python3.14/Python.h:146:
#13 51.87 /usr/include/python3.14/cpython/fileutils.h:11:1: note: declared here
#13 51.87    11 | _Py_fopen_obj(PyObject *path, const char *mode)
#13 51.87       | ^~~~~~~~~~~~~
#13 52.17 [212/540] Building CXX object src/libcalamares/CMakeFiles/calamares.dir/python/Variant.cpp.o
#13 52.17 In file included from /tmp/calamares/src/calamares-3.4.2/3rdparty/pybind11/include/pybind11/detail/../cast.h:15,
#13 52.17                  from /tmp/calamares/src/calamares-3.4.2/3rdparty/pybind11/include/pybind11/detail/../attr.h:14,
#13 52.17                  from /tmp/calamares/src/calamares-3.4.2/3rdparty/pybind11/include/pybind11/detail/class.h:12,
#13 52.17                  from /tmp/calamares/src/calamares-3.4.2/3rdparty/pybind11/include/pybind11/pybind11.h:13,
#13 52.17                  from /tmp/calamares/src/calamares-3.4.2/src/libcalamares/pybind11/PythonTypes.h:30,
#13 52.17                  from /tmp/calamares/src/calamares-3.4.2/src/libcalamares/python/Variant.h:22,
#13 52.17                  from /tmp/calamares/src/calamares-3.4.2/src/libcalamares/python/Variant.cpp:11:
#13 52.17 /tmp/calamares/src/calamares-3.4.2/3rdparty/pybind11/include/pybind11/detail/../detail/type_caster_base.h: In function ‘PyThreadState* pybind11::detail::get_thread_state_unchecked()’:
#13 52.17 /tmp/calamares/src/calamares-3.4.2/3rdparty/pybind11/include/pybind11/detail/../detail/type_caster_base.h:490:39: warning: ‘PyThreadState* _PyThreadState_UncheckedGet()’ is deprecated [-Wdeprecated-declarations]
#13 52.17   490 |     return _PyThreadState_UncheckedGet();
#13 52.17       |            ~~~~~~~~~~~~~~~~~~~~~~~~~~~^~
#13 52.17 In file included from /usr/include/python3.14/pystate.h:125,
#13 52.17                  from /usr/include/python3.14/Python.h:119,
#13 52.17                  from /tmp/calamares/src/calamares-3.4.2/3rdparty/pybind11/include/pybind11/detail/../detail/common.h:266,
#13 52.17                  from /tmp/calamares/src/calamares-3.4.2/3rdparty/pybind11/include/pybind11/detail/../attr.h:13:
#13 52.17 /usr/include/python3.14/cpython/pystate.h:223:1: note: declared here
#13 52.17   223 | _PyThreadState_UncheckedGet(void)
#13 52.17       | ^~~~~~~~~~~~~~~~~~~~~~~~~~~
#13 52.17 In file included from /tmp/calamares/src/calamares-3.4.2/3rdparty/pybind11/include/pybind11/embed.h:13,
#13 52.17                  from /tmp/calamares/src/calamares-3.4.2/src/libcalamares/pybind11/PythonTypes.h:32:
#13 52.17 /tmp/calamares/src/calamares-3.4.2/3rdparty/pybind11/include/pybind11/eval.h: In function ‘pybind11::object pybind11::eval_file(str, object, object)’:
#13 52.17 /tmp/calamares/src/calamares-3.4.2/3rdparty/pybind11/include/pybind11/eval.h:136:28: warning: ‘FILE* _Py_fopen_obj(PyObject*, const char*)’ is deprecated [-Wdeprecated-declarations]
#13 52.17   136 |     FILE *f = _Py_fopen_obj(fname.ptr(), "r");
#13 52.17       |               ~~~~~~~~~~~~~^~~~~~~~~~~~~~~~~~
#13 52.17 In file included from /usr/include/python3.14/fileutils.h:55,
#13 52.17                  from /usr/include/python3.14/Python.h:146:
#13 52.17 /usr/include/python3.14/cpython/fileutils.h:11:1: note: declared here
#13 52.17    11 | _Py_fopen_obj(PyObject *path, const char *mode)
#13 52.17       | ^~~~~~~~~~~~~
#13 53.54 [213/540] Building CXX object src/libcalamares/CMakeFiles/calamares.dir/pybind11/PythonJob.cpp.o
#13 53.54 In file included from /tmp/calamares/src/calamares-3.4.2/3rdparty/pybind11/include/pybind11/detail/../cast.h:15,
#13 53.54                  from /tmp/calamares/src/calamares-3.4.2/3rdparty/pybind11/include/pybind11/detail/../attr.h:14,
#13 53.54                  from /tmp/calamares/src/calamares-3.4.2/3rdparty/pybind11/include/pybind11/detail/class.h:12,
#13 53.54                  from /tmp/calamares/src/calamares-3.4.2/3rdparty/pybind11/include/pybind11/pybind11.h:13,
#13 53.54                  from /tmp/calamares/src/calamares-3.4.2/src/libcalamares/pybind11/PythonTypes.h:30,
#13 53.54                  from /tmp/calamares/src/calamares-3.4.2/src/libcalamares/pybind11/Api.h:20,
#13 53.54                  from /tmp/calamares/src/calamares-3.4.2/src/libcalamares/pybind11/PythonJob.cpp:14:
#13 53.54 /tmp/calamares/src/calamares-3.4.2/3rdparty/pybind11/include/pybind11/detail/../detail/type_caster_base.h: In function ‘PyThreadState* pybind11::detail::get_thread_state_unchecked()’:
#13 53.54 /tmp/calamares/src/calamares-3.4.2/3rdparty/pybind11/include/pybind11/detail/../detail/type_caster_base.h:490:39: warning: ‘PyThreadState* _PyThreadState_UncheckedGet()’ is deprecated [-Wdeprecated-declarations]
#13 53.54   490 |     return _PyThreadState_UncheckedGet();
#13 53.54       |            ~~~~~~~~~~~~~~~~~~~~~~~~~~~^~
#13 53.54 In file included from /usr/include/python3.14/pystate.h:125,
#13 53.54                  from /usr/include/python3.14/Python.h:119,
#13 53.54                  from /tmp/calamares/src/calamares-3.4.2/3rdparty/pybind11/include/pybind11/detail/../detail/common.h:266,
#13 53.54                  from /tmp/calamares/src/calamares-3.4.2/3rdparty/pybind11/include/pybind11/detail/../attr.h:13:
#13 53.54 /usr/include/python3.14/cpython/pystate.h:223:1: note: declared here
#13 53.54   223 | _PyThreadState_UncheckedGet(void)
#13 53.54       | ^~~~~~~~~~~~~~~~~~~~~~~~~~~
#13 53.54 In file included from /tmp/calamares/src/calamares-3.4.2/3rdparty/pybind11/include/pybind11/embed.h:13,
#13 53.54                  from /tmp/calamares/src/calamares-3.4.2/src/libcalamares/pybind11/PythonTypes.h:32:
#13 53.54 /tmp/calamares/src/calamares-3.4.2/3rdparty/pybind11/include/pybind11/eval.h: In function ‘pybind11::object pybind11::eval_file(str, object, object)’:
#13 53.54 /tmp/calamares/src/calamares-3.4.2/3rdparty/pybind11/include/pybind11/eval.h:136:28: warning: ‘FILE* _Py_fopen_obj(PyObject*, const char*)’ is deprecated [-Wdeprecated-declarations]
#13 53.54   136 |     FILE *f = _Py_fopen_obj(fname.ptr(), "r");
#13 53.54       |               ~~~~~~~~~~~~~^~~~~~~~~~~~~~~~~~
#13 53.54 In file included from /usr/include/python3.14/fileutils.h:55,
#13 53.54                  from /usr/include/python3.14/Python.h:146:
#13 53.54 /usr/include/python3.14/cpython/fileutils.h:11:1: note: declared here
#13 53.54    11 | _Py_fopen_obj(PyObject *path, const char *mode)
#13 53.54       | ^~~~~~~~~~~~~
#13 53.63 [214/540] Building CXX object src/libcalamares/CMakeFiles/calamares.dir/pybind11/Api.cpp.o
#13 53.63 In file included from /tmp/calamares/src/calamares-3.4.2/3rdparty/pybind11/include/pybind11/detail/../cast.h:15,
#13 53.63                  from /tmp/calamares/src/calamares-3.4.2/3rdparty/pybind11/include/pybind11/detail/../attr.h:14,
#13 53.63                  from /tmp/calamares/src/calamares-3.4.2/3rdparty/pybind11/include/pybind11/detail/class.h:12,
#13 53.63                  from /tmp/calamares/src/calamares-3.4.2/3rdparty/pybind11/include/pybind11/pybind11.h:13,
#13 53.63                  from /tmp/calamares/src/calamares-3.4.2/src/libcalamares/pybind11/PythonTypes.h:30,
#13 53.63                  from /tmp/calamares/src/calamares-3.4.2/src/libcalamares/pybind11/Api.h:20,
#13 53.63                  from /tmp/calamares/src/calamares-3.4.2/src/libcalamares/pybind11/Api.cpp:10:
#13 53.63 /tmp/calamares/src/calamares-3.4.2/3rdparty/pybind11/include/pybind11/detail/../detail/type_caster_base.h: In function ‘PyThreadState* pybind11::detail::get_thread_state_unchecked()’:
#13 53.63 /tmp/calamares/src/calamares-3.4.2/3rdparty/pybind11/include/pybind11/detail/../detail/type_caster_base.h:490:39: warning: ‘PyThreadState* _PyThreadState_UncheckedGet()’ is deprecated [-Wdeprecated-declarations]
#13 53.63   490 |     return _PyThreadState_UncheckedGet();
#13 53.63       |            ~~~~~~~~~~~~~~~~~~~~~~~~~~~^~
#13 53.63 In file included from /usr/include/python3.14/pystate.h:125,
#13 53.63                  from /usr/include/python3.14/Python.h:119,
#13 53.63                  from /tmp/calamares/src/calamares-3.4.2/3rdparty/pybind11/include/pybind11/detail/../detail/common.h:266,
#13 53.63                  from /tmp/calamares/src/calamares-3.4.2/3rdparty/pybind11/include/pybind11/detail/../attr.h:13:
#13 53.63 /usr/include/python3.14/cpython/pystate.h:223:1: note: declared here
#13 53.63   223 | _PyThreadState_UncheckedGet(void)
#13 53.63       | ^~~~~~~~~~~~~~~~~~~~~~~~~~~
#13 53.63 In file included from /tmp/calamares/src/calamares-3.4.2/3rdparty/pybind11/include/pybind11/embed.h:13,
#13 53.63                  from /tmp/calamares/src/calamares-3.4.2/src/libcalamares/pybind11/PythonTypes.h:32:
#13 53.63 /tmp/calamares/src/calamares-3.4.2/3rdparty/pybind11/include/pybind11/eval.h: In function ‘pybind11::object pybind11::eval_file(str, object, object)’:
#13 53.63 /tmp/calamares/src/calamares-3.4.2/3rdparty/pybind11/include/pybind11/eval.h:136:28: warning: ‘FILE* _Py_fopen_obj(PyObject*, const char*)’ is deprecated [-Wdeprecated-declarations]
#13 53.63   136 |     FILE *f = _Py_fopen_obj(fname.ptr(), "r");
#13 53.63       |               ~~~~~~~~~~~~~^~~~~~~~~~~~~~~~~~
#13 53.63 In file included from /usr/include/python3.14/fileutils.h:55,
#13 53.63                  from /usr/include/python3.14/Python.h:146:
#13 53.63 /usr/include/python3.14/cpython/fileutils.h:11:1: note: declared here
#13 53.63    11 | _Py_fopen_obj(PyObject *path, const char *mode)
#13 53.63       | ^~~~~~~~~~~~~
#13 61.33 [215/540] Linking CXX shared library libcalamares.so.3.4.2
#13 61.35 [216/540] Creating library symlink libcalamares.so.3.4 libcalamares.so
#13 61.50 [217/540] Automatic MOC for target test_geoip
#13 62.14 [218/540] Automatic MOC for target calamares_job_preservefiles
#13 62.28 [219/540] Automatic MOC for target calamares_job_contextualprocess
#13 62.38 [220/540] Automatic MOC for target calamares_job_hostinfo
#13 62.41 [221/540] Building CXX object src/libcalamares/CMakeFiles/test_geoip.dir/test_geoip_autogen/mocs_compilation.cpp.o
#13 62.58 [222/540] Automatic MOC for target calamares_job_machineid
#13 62.60 [223/540] Automatic MOC for target calamares_job_luksopenswaphookcfg
#13 62.63 [224/540] Automatic MOC for target calamares_job_initcpio
#13 62.65 [225/540] Automatic MOC for target calamares_job_removeuser
#13 62.75 [226/540] Automatic MOC for target calamares_job_luksbootkeyfile
#13 62.81 [227/540] Automatic MOC for target calamares_job_fsresizer
#13 62.88 [228/540] Automatic MOC for target calamares_job_shellprocess
#13 62.90 [229/540] Automatic MOC for target calamares_job_umount
#13 62.92 [230/540] Automatic MOC for target users_internal
#13 63.01 [231/540] Automatic MOC for target calamares_job_unpackfsc
#13 63.37 [232/540] Automatic MOC for target calamares_job_zfs
#13 63.58 [233/540] Automatic MOC and UIC for target calamaresui
#13 63.74 [234/540] Automatic RCC for libcalamaresui.qrc
#13 67.74 [235/540] Building CXX object src/libcalamares/CMakeFiles/test_geoip.dir/geoip/GeoIPFixed.cpp.o
#13 68.01 [236/540] Building CXX object src/libcalamares/CMakeFiles/test_geoip.dir/geoip/test_geoip.cpp.o
#13 68.12 [237/540] Building CXX object src/modules/users/CMakeFiles/users_internal.dir/users_internal_autogen/mocs_compilation.cpp.o
#13 68.39 [238/540] Building CXX object src/modules/hostinfo/CMakeFiles/calamares_job_hostinfo.dir/calamares_job_hostinfo_autogen/mocs_compilation.cpp.o
#13 68.57 [239/540] Building CXX object src/modules/contextualprocess/CMakeFiles/calamares_job_contextualprocess.dir/calamares_job_contextualprocess_autogen/mocs_compilation.cpp.o
#13 68.77 [240/540] Building CXX object src/modules/fsresizer/CMakeFiles/calamares_job_fsresizer.dir/calamares_job_fsresizer_autogen/mocs_compilation.cpp.o
#13 68.94 [241/540] Building CXX object src/modules/contextualprocess/CMakeFiles/calamares_job_contextualprocess.dir/ContextualProcessJob.cpp.o
#13 68.98 [242/540] Building CXX object src/modules/fsresizer/CMakeFiles/calamares_job_fsresizer.dir/ResizeFSJob.cpp.o
#13 69.09 [243/540] Building CXX object src/modules/hostinfo/CMakeFiles/calamares_job_hostinfo.dir/HostInfoJob.cpp.o
#13 69.28 [244/540] Building CXX object src/libcalamares/CMakeFiles/test_geoip.dir/geoip/GeoIPJSON.cpp.o
#13 69.50 [245/540] Building CXX object src/modules/users/CMakeFiles/users_internal.dir/ActiveDirectoryJob.cpp.o
#13 69.58 [246/540] Building CXX object src/modules/initcpio/CMakeFiles/calamares_job_initcpio.dir/calamares_job_initcpio_autogen/mocs_compilation.cpp.o
#13 70.20 [247/540] Building CXX object src/modules/users/CMakeFiles/users_internal.dir/CreateUserJob.cpp.o
#13 74.02 [248/540] Building CXX object src/libcalamaresui/CMakeFiles/calamaresui.dir/calamaresui_autogen/mocs_compilation.cpp.o
#13 74.08 [249/540] Building CXX object src/libcalamaresui/CMakeFiles/calamaresui.dir/modulesystem/ProcessJobModule.cpp.o
#13 74.90 [250/540] Building CXX object src/libcalamaresui/CMakeFiles/calamaresui.dir/viewpages/BlankViewStep.cpp.o
#13 75.01 [251/540] Building CXX object src/libcalamaresui/CMakeFiles/calamaresui.dir/utils/Gui.cpp.o
#13 75.02 [252/540] Building CXX object src/libcalamaresui/CMakeFiles/calamaresui.dir/utils/ImageRegistry.cpp.o
#13 75.32 [253/540] Building CXX object src/libcalamaresui/CMakeFiles/calamaresui.dir/modulesystem/ModuleFactory.cpp.o
#13 75.83 [254/540] Building CXX object src/libcalamaresui/CMakeFiles/calamaresui.dir/viewpages/ViewStep.cpp.o
#13 76.44 [255/540] Building CXX object src/libcalamaresui/CMakeFiles/calamaresui.dir/modulesystem/CppJobModule.cpp.o
#13 76.63 [256/540] Building CXX object src/libcalamaresui/CMakeFiles/calamaresui.dir/widgets/ClickableLabel.cpp.o
#13 76.69 [257/540] Building CXX object src/libcalamaresui/CMakeFiles/calamaresui.dir/utils/Paste.cpp.o
#13 77.66 [258/540] Building CXX object src/libcalamaresui/CMakeFiles/calamaresui.dir/modulesystem/ViewModule.cpp.o
#13 78.50 [259/540] Building CXX object src/libcalamaresui/CMakeFiles/calamaresui.dir/viewpages/Slideshow.cpp.o
#13 79.54 [260/540] Building CXX object src/libcalamaresui/CMakeFiles/calamaresui.dir/modulesystem/ModuleManager.cpp.o
#13 79.61 [261/540] Building CXX object src/libcalamaresui/CMakeFiles/calamaresui.dir/calamaresui_autogen/EWIEGA46WW/qrc_libcalamaresui.cpp.o
#13 79.68 [262/540] Building CXX object src/libcalamaresui/CMakeFiles/calamaresui.dir/widgets/FixedAspectRatioLabel.cpp.o
#13 79.92 [263/540] Building CXX object src/libcalamaresui/CMakeFiles/calamaresui.dir/viewpages/ExecutionViewStep.cpp.o
#13 80.48 [264/540] Building CXX object src/libcalamaresui/CMakeFiles/calamaresui.dir/widgets/TranslationFix.cpp.o
#13 80.99 [265/540] Building CXX object src/libcalamaresui/CMakeFiles/calamaresui.dir/widgets/ErrorDialog.cpp.o
#13 81.66 [266/540] Building CXX object src/libcalamaresui/CMakeFiles/calamaresui.dir/widgets/waitingspinnerwidget.cpp.o
#13 81.97 [267/540] Building CXX object src/libcalamaresui/CMakeFiles/calamaresui.dir/widgets/PrettyRadioButton.cpp.o
#13 82.10 [268/540] Building CXX object src/libcalamaresui/CMakeFiles/calamaresui.dir/widgets/WaitingWidget.cpp.o
#13 82.47 [269/540] Building CXX object src/libcalamaresui/CMakeFiles/calamaresui.dir/modulesystem/PythonJobModule.cpp.o
#13 83.94 [270/540] Building CXX object src/libcalamaresui/CMakeFiles/calamaresui.dir/widgets/LogWidget.cpp.o
#13 85.60 [271/540] Building CXX object src/libcalamaresui/CMakeFiles/calamaresui.dir/ViewManager.cpp.o
#13 86.21 [272/540] Building CXX object src/modules/users/CMakeFiles/users_internal.dir/MiscJobs.cpp.o
#13 86.51 [273/540] Building CXX object src/modules/users/CMakeFiles/users_internal.dir/SetPasswordJob.cpp.o
#13 86.81 [274/540] Building CXX object src/modules/users/CMakeFiles/users_internal.dir/CheckPWQuality.cpp.o
#13 87.08 [275/540] Building CXX object src/modules/users/CMakeFiles/users_internal.dir/SetHostNameJob.cpp.o
#13 87.40 [276/540] Building CXX object src/modules/luksbootkeyfile/CMakeFiles/calamares_job_luksbootkeyfile.dir/calamares_job_luksbootkeyfile_autogen/mocs_compilation.cpp.o
#13 88.09 [277/540] Building CXX object src/libcalamaresui/CMakeFiles/calamaresui.dir/utils/Qml.cpp.o
#13 88.18 [278/540] Building CXX object src/libcalamaresui/CMakeFiles/calamaresui.dir/viewpages/QmlViewStep.cpp.o
#13 88.63 [279/540] Building CXX object src/modules/initcpio/CMakeFiles/calamares_job_initcpio.dir/InitcpioJob.cpp.o
#13 88.87 [280/540] Building CXX object src/libcalamaresui/CMakeFiles/calamaresui.dir/Branding.cpp.o
#13 88.87 /tmp/calamares/src/calamares-3.4.2/src/libcalamaresui/Branding.cpp: In function ‘QString Calamares::_stylesheet(const QDir&)’:
#13 88.87 /tmp/calamares/src/calamares-3.4.2/src/libcalamaresui/Branding.cpp:411:28: warning: ignoring return value of ‘virtual bool QFile::open(QIODeviceBase::OpenMode)’, declared with attribute ‘nodiscard’ [-Wunused-result]
#13 88.87   411 |         stylesheetFile.open( QFile::ReadOnly );
#13 88.87       |         ~~~~~~~~~~~~~~~~~~~^~~~~~~~~~~~~~~~~~~
#13 88.87 In file included from /usr/include/qt6/QtCore/qdir.h:11,
#13 88.87                  from /usr/include/qt6/QtCore/QDir:1,
#13 88.87                  from /tmp/calamares/src/calamares-3.4.2/src/libcalamaresui/Branding.cpp:24:
#13 88.87 /usr/include/qt6/QtCore/qfile.h:264:32: note: declared here
#13 88.87   264 |     QFILE_MAYBE_NODISCARD bool open(OpenMode flags) override;
#13 88.87       |                                ^~~~
#13 89.08 [281/540] Building CXX object src/modules/luksopenswaphookcfg/CMakeFiles/calamares_job_luksopenswaphookcfg.dir/calamares_job_luksopenswaphookcfg_autogen/mocs_compilation.cpp.o
#13 89.22 [282/540] Building CXX object src/modules/luksopenswaphookcfg/CMakeFiles/calamares_job_luksopenswaphookcfg.dir/LOSHJob.cpp.o
#13 89.69 [283/540] Building CXX object src/modules/users/CMakeFiles/users_internal.dir/Config.cpp.o
#13 90.09 [284/540] Building CXX object src/modules/luksbootkeyfile/CMakeFiles/calamares_job_luksbootkeyfile.dir/LuksBootKeyFileJob.cpp.o
#13 91.55 [285/540] Building CXX object src/modules/machineid/CMakeFiles/calamares_job_machineid.dir/calamares_job_machineid_autogen/mocs_compilation.cpp.o
#13 92.79 [286/540] Building CXX object src/modules/machineid/CMakeFiles/calamares_job_machineid.dir/Workers.cpp.o
#13 92.86 [287/540] Building CXX object src/modules/machineid/CMakeFiles/calamares_job_machineid.dir/MachineIdJob.cpp.o
#13 94.70 [288/540] Building CXX object src/modules/preservefiles/CMakeFiles/calamares_job_preservefiles.dir/Item.cpp.o
#13 94.72 [289/540] Building CXX object src/modules/preservefiles/CMakeFiles/calamares_job_preservefiles.dir/calamares_job_preservefiles_autogen/mocs_compilation.cpp.o
#13 94.84 [290/540] Building CXX object src/modules/removeuser/CMakeFiles/calamares_job_removeuser.dir/calamares_job_removeuser_autogen/mocs_compilation.cpp.o
#13 95.16 [291/540] Building CXX object src/modules/preservefiles/CMakeFiles/calamares_job_preservefiles.dir/PreserveFiles.cpp.o
#13 95.81 [292/540] Building CXX object src/modules/removeuser/CMakeFiles/calamares_job_removeuser.dir/RemoveUserJob.cpp.o
#13 96.12 [293/540] Building CXX object src/modules/umount/CMakeFiles/calamares_job_umount.dir/calamares_job_umount_autogen/mocs_compilation.cpp.o
#13 96.20 [294/540] Building CXX object src/modules/shellprocess/CMakeFiles/calamares_job_shellprocess.dir/calamares_job_shellprocess_autogen/mocs_compilation.cpp.o
#13 96.66 [295/540] Building CXX object src/modules/shellprocess/CMakeFiles/calamares_job_shellprocess.dir/ShellProcessJob.cpp.o
#13 97.63 [296/540] Building CXX object src/modules/unpackfsc/CMakeFiles/calamares_job_unpackfsc.dir/calamares_job_unpackfsc_autogen/mocs_compilation.cpp.o
#13 97.76 [297/540] Linking CXX executable test_automount
#13 98.34 [298/540] Linking CXX executable test_geoip
#13 99.33 [299/540] Building CXX object src/modules/umount/CMakeFiles/calamares_job_umount.dir/UmountJob.cpp.o
#13 99.40 [300/540] Linking CXX shared library src/modules/hostinfo/libcalamares_job_hostinfo.so
#13 99.63 [301/540] Building CXX object src/modules/unpackfsc/CMakeFiles/calamares_job_unpackfsc.dir/UnpackFSCJob.cpp.o
#13 99.84 [302/540] Linking CXX shared library src/modules/contextualprocess/libcalamares_job_contextualprocess.so
#13 100.7 [303/540] Building CXX object src/modules/unpackfsc/CMakeFiles/calamares_job_unpackfsc.dir/Runners.cpp.o
#13 100.8 [304/540] Building CXX object src/modules/unpackfsc/CMakeFiles/calamares_job_unpackfsc.dir/ErofsRunner.cpp.o
#13 100.9 [305/540] Linking CXX shared library src/modules/initcpio/libcalamares_job_initcpio.so
#13 101.1 [306/540] Linking CXX shared library src/modules/fsresizer/libcalamares_job_fsresizer.so
#13 101.7 [307/540] Building CXX object src/modules/unpackfsc/CMakeFiles/calamares_job_unpackfsc.dir/UnsquashRunner.cpp.o
#13 101.8 [308/540] Linking CXX shared library src/modules/luksopenswaphookcfg/libcalamares_job_luksopenswaphookcfg.so
#13 101.9 [309/540] Linking CXX shared library src/modules/removeuser/libcalamares_job_removeuser.so
#13 102.0 [310/540] Building CXX object src/modules/zfs/CMakeFiles/calamares_job_zfs.dir/calamares_job_zfs_autogen/mocs_compilation.cpp.o
#13 102.0 [311/540] Building CXX object src/modules/unpackfsc/CMakeFiles/calamares_job_unpackfsc.dir/FSArchiverRunner.cpp.o
#13 102.4 [312/540] Linking CXX shared library src/modules/shellprocess/libcalamares_job_shellprocess.so
#13 102.5 [313/540] Linking CXX shared library src/modules/machineid/libcalamares_job_machineid.so
#13 102.5 [314/540] Building CXX object src/modules/unpackfsc/CMakeFiles/calamares_job_unpackfsc.dir/TarballRunner.cpp.o
#13 102.8 [315/540] Building CXX object src/modules/zfs/CMakeFiles/calamares_job_zfs.dir/ZfsJob.cpp.o
#13 102.9 [316/540] Linking CXX shared library libcalamaresui.so.3.4.2
#13 103.0 [317/540] Creating library symlink libcalamaresui.so.3.4 libcalamaresui.so
#13 103.4 [318/540] Linking CXX shared library src/modules/preservefiles/libcalamares_job_preservefiles.so
#13 104.5 [319/540] Linking CXX shared library src/modules/luksbootkeyfile/libcalamares_job_luksbootkeyfile.so
#13 104.6 [320/540] Automatic MOC and UIC for target calamares_viewmodule_plasmalnf
#13 104.8 [321/540] Automatic MOC for target calamares_viewmodule_finishedq
#13 104.9 [322/540] Automatic MOC and UIC for target calamares_viewmodule_keyboard
#13 104.9 [323/540] Automatic MOC and UIC for target calamares_viewmodule_tracking
#13 104.9 [324/540] Automatic MOC for target calamares_viewmodule_localeq
#13 104.9 [325/540] Automatic MOC for target calamares_viewmodule_keyboardq
#13 105.0 [326/540] Automatic MOC for target calamares_viewmodule_notesqml
#13 105.0 [327/540] Automatic MOC and UIC for target calamares_bin
#13 105.0 [328/540] Automatic RCC for finishedq-qt6.qrc
#13 105.1 [329/540] Automatic RCC for keyboard.qrc
#13 105.1 [330/540] Automatic RCC for calamares.qrc
#13 105.1 [331/540] Automatic MOC for target calamares_viewmodule_summaryq
#13 105.3 [332/540] Automatic RCC for notesqml.qrc
#13 105.3 [333/540] Automatic RCC for keyboardq-qt6.qrc
#13 105.5 [334/540] Automatic MOC for target calamares_viewmodule_locale
#13 105.5 [335/540] Linking CXX shared library src/modules/umount/libcalamares_job_umount.so
#13 105.7 [336/540] Automatic RCC for page_plasmalnf.qrc
#13 105.7 [337/540] Automatic MOC and UIC for target calamares_viewmodule_users
#13 105.8 [338/540] Automatic MOC for target calamares_viewmodule_usersq
#13 105.9 [339/540] Automatic RCC for summaryq-qt6.qrc
#13 105.9 [340/540] Automatic RCC for localeq-qt6.qrc
#13 106.0 [341/540] Automatic RCC for page_trackingstep.qrc
#13 106.1 [342/540] Automatic RCC for users.qrc
#13 106.1 [343/540] Automatic RCC for locale.qrc
#13 106.2 [344/540] Automatic RCC for usersq-qt6.qrc
#13 106.3 [345/540] Automatic MOC for target calamares_viewmodule_welcomeq
#13 106.5 [346/540] Automatic RCC for welcomeq-qt6.qrc
#13 106.6 [347/540] Automatic MOC and UIC for target calamares_viewmodule_finished
#13 106.8 [348/540] Automatic MOC and UIC for target calamares_viewmodule_welcome
#13 106.9 [349/540] Automatic MOC and UIC for target calamares_viewmodule_oemid
#13 107.0 [350/540] Automatic RCC for welcome.qrc
#13 107.0 [351/540] Automatic MOC and UIC for target calamares_viewmodule_netinstall
#13 107.1 [352/540] Automatic MOC and UIC for target calamares_viewmodule_license
#13 107.1 [353/540] Building CXX object src/calamares/CMakeFiles/calamares_bin.dir/calamares_bin_autogen/EWIEGA46WW/qrc_calamares.cpp.o
#13 107.2 [354/540] Automatic MOC for target calamares_viewmodule_summary
#13 109.6 [355/540] Linking CXX shared library src/modules/unpackfsc/libcalamares_job_unpackfsc.so
#13 110.0 [356/540] Automatic MOC and UIC for target calamares_viewmodule_partition
#13 113.5 [357/540] Building CXX object src/calamares/CMakeFiles/calamares_bin.dir/VariantModel.cpp.o
#13 114.1 [358/540] Building CXX object src/modules/finished/CMakeFiles/calamares_viewmodule_finished.dir/FinishedViewStep.cpp.o
#13 114.6 [359/540] Building CXX object src/calamares/CMakeFiles/calamares_bin.dir/progresstree/ProgressTreeView.cpp.o
#13 114.7 [360/540] Building CXX object src/modules/finishedq/CMakeFiles/calamares_viewmodule_finishedq.dir/calamares_viewmodule_finishedq_autogen/EWIEGA46WW/qrc_finishedq-qt6.cpp.o
#13 115.0 [361/540] Building CXX object src/calamares/CMakeFiles/calamares_bin.dir/calamares_bin_autogen/mocs_compilation.cpp.o
#13 115.1 [362/540] Linking CXX shared library src/modules/zfs/libcalamares_job_zfs.so
#13 115.2 [363/540] Building CXX object src/modules/finished/CMakeFiles/calamares_viewmodule_finished.dir/Config.cpp.o
#13 115.6 [364/540] Building CXX object src/calamares/CMakeFiles/calamares_bin.dir/main.cpp.o
#13 115.8 [365/540] Building CXX object src/modules/finished/CMakeFiles/calamares_viewmodule_finished.dir/calamares_viewmodule_finished_autogen/mocs_compilation.cpp.o
#13 115.9 [366/540] Building CXX object src/calamares/CMakeFiles/calamares_bin.dir/progresstree/ProgressTreeDelegate.cpp.o
#13 116.0 [367/540] Building CXX object src/calamares/CMakeFiles/calamares_bin.dir/CalamaresApplication.cpp.o
#13 117.2 [368/540] Building CXX object src/modules/finishedq/CMakeFiles/calamares_viewmodule_finishedq.dir/calamares_viewmodule_finishedq_autogen/mocs_compilation.cpp.o
#13 117.3 [369/540] Building CXX object src/calamares/CMakeFiles/calamares_bin.dir/DebugWindow.cpp.o
#13 117.3 [370/540] Building CXX object src/modules/keyboard/CMakeFiles/calamares_viewmodule_keyboard.dir/calamares_viewmodule_keyboard_autogen/EWIEGA46WW/qrc_keyboard.cpp.o
#13 117.3 [371/540] Building CXX object src/modules/finished/CMakeFiles/calamares_viewmodule_finished.dir/FinishedPage.cpp.o
#13 120.1 [372/540] Building CXX object src/calamares/CMakeFiles/calamares_bin.dir/CalamaresWindow.cpp.o
#13 121.3 [373/540] Building CXX object src/modules/finishedq/CMakeFiles/calamares_viewmodule_finishedq.dir/__/finished/Config.cpp.o
#13 121.4 [374/540] Building CXX object src/modules/finishedq/CMakeFiles/calamares_viewmodule_finishedq.dir/FinishedQmlViewStep.cpp.o
#13 122.4 [375/540] Building CXX object src/modules/keyboard/CMakeFiles/calamares_viewmodule_keyboard.dir/KeyboardViewStep.cpp.o
#13 122.5 [376/540] Building CXX object src/modules/keyboardq/CMakeFiles/calamares_viewmodule_keyboardq.dir/calamares_viewmodule_keyboardq_autogen/EWIEGA46WW/qrc_keyboardq-qt6.cpp.o
#13 123.1 [377/540] Building CXX object src/modules/keyboard/CMakeFiles/calamares_viewmodule_keyboard.dir/SetKeyboardLayoutJob.cpp.o
#13 123.1 /tmp/calamares/src/calamares-3.4.2/src/modules/keyboard/SetKeyboardLayoutJob.cpp: In member function ‘bool SetKeyboardLayoutJob::writeVConsoleData(const QString&, const QString&) const’:
#13 123.1 /tmp/calamares/src/calamares-3.4.2/src/modules/keyboard/SetKeyboardLayoutJob.cpp:214:18: warning: ignoring return value of ‘virtual bool QFile::open(QIODeviceBase::OpenMode)’, declared with attribute ‘nodiscard’ [-Wunused-result]
#13 123.1   214 |         file.open( QIODevice::ReadOnly | QIODevice::Text );
#13 123.1       |         ~~~~~~~~~^~~~~~~~~~~~~~~~~~~~~~~~~~~~~~~~~~~~~~~~~
#13 123.1 In file included from /usr/include/qt6/QtCore/qdir.h:11,
#13 123.1                  from /usr/include/qt6/QtCore/QDir:1,
#13 123.1                  from /tmp/calamares/src/calamares-3.4.2/src/modules/keyboard/SetKeyboardLayoutJob.cpp:26:
#13 123.1 /usr/include/qt6/QtCore/qfile.h:264:32: note: declared here
#13 123.1   264 |     QFILE_MAYBE_NODISCARD bool open(OpenMode flags) override;
#13 123.1       |                                ^~~~
#13 123.2 [378/540] Building CXX object src/modules/keyboard/CMakeFiles/calamares_viewmodule_keyboard.dir/KeyboardPage.cpp.o
#13 123.6 [379/540] Building CXX object src/modules/keyboard/CMakeFiles/calamares_viewmodule_keyboard.dir/keyboardwidget/keyboardglobal.cpp.o
#13 123.6 /tmp/calamares/src/calamares-3.4.2/src/modules/keyboard/keyboardwidget/keyboardglobal.cpp: In function ‘KeyboardGlobal::ModelsMap parseKeyboardModels(const char*)’:
#13 123.6 /tmp/calamares/src/calamares-3.4.2/src/modules/keyboard/keyboardwidget/keyboardglobal.cpp:62:12: warning: ignoring return value of ‘virtual bool QFile::open(QIODeviceBase::OpenMode)’, declared with attribute ‘nodiscard’ [-Wunused-result]
#13 123.6    62 |     fh.open( QIODevice::ReadOnly );
#13 123.6       |     ~~~~~~~^~~~~~~~~~~~~~~~~~~~~~~
#13 123.6 In file included from /usr/include/qt6/QtCore/QFile:1,
#13 123.6                  from /tmp/calamares/src/calamares-3.4.2/src/modules/keyboard/keyboardwidget/keyboardglobal.cpp:23:
#13 123.6 /usr/include/qt6/QtCore/qfile.h:264:32: note: declared here
#13 123.6   264 |     QFILE_MAYBE_NODISCARD bool open(OpenMode flags) override;
#13 123.6       |                                ^~~~
#13 123.6 /tmp/calamares/src/calamares-3.4.2/src/modules/keyboard/keyboardwidget/keyboardglobal.cpp: In function ‘KeyboardGlobal::LayoutsMap parseKeyboardLayouts(const char*)’:
#13 123.6 /tmp/calamares/src/calamares-3.4.2/src/modules/keyboard/keyboardwidget/keyboardglobal.cpp:113:12: warning: ignoring return value of ‘virtual bool QFile::open(QIODeviceBase::OpenMode)’, declared with attribute ‘nodiscard’ [-Wunused-result]
#13 123.6   113 |     fh.open( QIODevice::ReadOnly );
#13 123.6       |     ~~~~~~~^~~~~~~~~~~~~~~~~~~~~~~
#13 123.6 /usr/include/qt6/QtCore/qfile.h:264:32: note: declared here
#13 123.6   264 |     QFILE_MAYBE_NODISCARD bool open(OpenMode flags) override;
#13 123.6       |                                ^~~~
#13 123.6 /tmp/calamares/src/calamares-3.4.2/src/modules/keyboard/keyboardwidget/keyboardglobal.cpp: In function ‘KeyboardGlobal::GroupsMap parseKeyboardGroupsSwitchers(const char*)’:
#13 123.6 /tmp/calamares/src/calamares-3.4.2/src/modules/keyboard/keyboardwidget/keyboardglobal.cpp:208:12: warning: ignoring return value of ‘virtual bool QFile::open(QIODeviceBase::OpenMode)’, declared with attribute ‘nodiscard’ [-Wunused-result]
#13 123.6   208 |     fh.open( QIODevice::ReadOnly );
#13 123.6       |     ~~~~~~~^~~~~~~~~~~~~~~~~~~~~~~
#13 123.6 /usr/include/qt6/QtCore/qfile.h:264:32: note: declared here
#13 123.6   264 |     QFILE_MAYBE_NODISCARD bool open(OpenMode flags) override;
#13 123.6       |                                ^~~~
#13 123.8 [380/540] Building CXX object src/modules/keyboard/CMakeFiles/calamares_viewmodule_keyboard.dir/KeyboardLayoutModel.cpp.o
#13 123.9 [381/540] Building CXX object src/modules/keyboardq/CMakeFiles/calamares_viewmodule_keyboardq.dir/KeyboardQmlViewStep.cpp.o
#13 124.0 [382/540] Building CXX object src/modules/keyboard/CMakeFiles/calamares_viewmodule_keyboard.dir/keyboardwidget/keyboardpreview.cpp.o
#13 124.1 [383/540] Building CXX object src/modules/keyboard/CMakeFiles/calamares_viewmodule_keyboard.dir/Config.cpp.o
#13 124.2 [384/540] Building CXX object src/modules/keyboard/CMakeFiles/calamares_viewmodule_keyboard.dir/calamares_viewmodule_keyboard_autogen/mocs_compilation.cpp.o
#13 125.9 [385/540] Building CXX object src/modules/keyboardq/CMakeFiles/calamares_viewmodule_keyboardq.dir/calamares_viewmodule_keyboardq_autogen/mocs_compilation.cpp.o
#13 127.4 [386/540] Building CXX object src/modules/keyboardq/CMakeFiles/calamares_viewmodule_keyboardq.dir/__/keyboard/Config.cpp.o
#13 127.8 [387/540] Building CXX object src/modules/keyboardq/CMakeFiles/calamares_viewmodule_keyboardq.dir/__/keyboard/keyboardwidget/keyboardglobal.cpp.o
#13 127.8 /tmp/calamares/src/calamares-3.4.2/src/modules/keyboard/keyboardwidget/keyboardglobal.cpp: In function ‘KeyboardGlobal::ModelsMap parseKeyboardModels(const char*)’:
#13 127.8 /tmp/calamares/src/calamares-3.4.2/src/modules/keyboard/keyboardwidget/keyboardglobal.cpp:62:12: warning: ignoring return value of ‘virtual bool QFile::open(QIODeviceBase::OpenMode)’, declared with attribute ‘nodiscard’ [-Wunused-result]
#13 127.8    62 |     fh.open( QIODevice::ReadOnly );
#13 127.8       |     ~~~~~~~^~~~~~~~~~~~~~~~~~~~~~~
#13 127.8 In file included from /usr/include/qt6/QtCore/QFile:1,
#13 127.8                  from /tmp/calamares/src/calamares-3.4.2/src/modules/keyboard/keyboardwidget/keyboardglobal.cpp:23:
#13 127.8 /usr/include/qt6/QtCore/qfile.h:264:32: note: declared here
#13 127.8   264 |     QFILE_MAYBE_NODISCARD bool open(OpenMode flags) override;
#13 127.8       |                                ^~~~
#13 127.8 /tmp/calamares/src/calamares-3.4.2/src/modules/keyboard/keyboardwidget/keyboardglobal.cpp: In function ‘KeyboardGlobal::LayoutsMap parseKeyboardLayouts(const char*)’:
#13 127.8 /tmp/calamares/src/calamares-3.4.2/src/modules/keyboard/keyboardwidget/keyboardglobal.cpp:113:12: warning: ignoring return value of ‘virtual bool QFile::open(QIODeviceBase::OpenMode)’, declared with attribute ‘nodiscard’ [-Wunused-result]
#13 127.8   113 |     fh.open( QIODevice::ReadOnly );
#13 127.8       |     ~~~~~~~^~~~~~~~~~~~~~~~~~~~~~~
#13 127.8 /usr/include/qt6/QtCore/qfile.h:264:32: note: declared here
#13 127.8   264 |     QFILE_MAYBE_NODISCARD bool open(OpenMode flags) override;
#13 127.8       |                                ^~~~
#13 127.8 /tmp/calamares/src/calamares-3.4.2/src/modules/keyboard/keyboardwidget/keyboardglobal.cpp: In function ‘KeyboardGlobal::GroupsMap parseKeyboardGroupsSwitchers(const char*)’:
#13 127.8 /tmp/calamares/src/calamares-3.4.2/src/modules/keyboard/keyboardwidget/keyboardglobal.cpp:208:12: warning: ignoring return value of ‘virtual bool QFile::open(QIODeviceBase::OpenMode)’, declared with attribute ‘nodiscard’ [-Wunused-result]
#13 127.8   208 |     fh.open( QIODevice::ReadOnly );
#13 127.8       |     ~~~~~~~^~~~~~~~~~~~~~~~~~~~~~~
#13 127.8 /usr/include/qt6/QtCore/qfile.h:264:32: note: declared here
#13 127.8   264 |     QFILE_MAYBE_NODISCARD bool open(OpenMode flags) override;
#13 127.8       |                                ^~~~
#13 128.3 [388/540] Building CXX object src/modules/keyboardq/CMakeFiles/calamares_viewmodule_keyboardq.dir/__/keyboard/KeyboardLayoutModel.cpp.o
#13 128.4 [389/540] Building CXX object src/modules/keyboardq/CMakeFiles/calamares_viewmodule_keyboardq.dir/__/keyboard/SetKeyboardLayoutJob.cpp.o
#13 128.4 /tmp/calamares/src/calamares-3.4.2/src/modules/keyboard/SetKeyboardLayoutJob.cpp: In member function ‘bool SetKeyboardLayoutJob::writeVConsoleData(const QString&, const QString&) const’:
#13 128.4 /tmp/calamares/src/calamares-3.4.2/src/modules/keyboard/SetKeyboardLayoutJob.cpp:214:18: warning: ignoring return value of ‘virtual bool QFile::open(QIODeviceBase::OpenMode)’, declared with attribute ‘nodiscard’ [-Wunused-result]
#13 128.4   214 |         file.open( QIODevice::ReadOnly | QIODevice::Text );
#13 128.4       |         ~~~~~~~~~^~~~~~~~~~~~~~~~~~~~~~~~~~~~~~~~~~~~~~~~~
#13 128.4 In file included from /usr/include/qt6/QtCore/qdir.h:11,
#13 128.4                  from /usr/include/qt6/QtCore/QDir:1,
#13 128.4                  from /tmp/calamares/src/calamares-3.4.2/src/modules/keyboard/SetKeyboardLayoutJob.cpp:26:
#13 128.4 /usr/include/qt6/QtCore/qfile.h:264:32: note: declared here
#13 128.4   264 |     QFILE_MAYBE_NODISCARD bool open(OpenMode flags) override;
#13 128.4       |                                ^~~~
#13 129.6 [390/540] Building CXX object src/modules/locale/CMakeFiles/calamares_viewmodule_locale.dir/LocaleNames.cpp.o
#13 129.9 [391/540] Building CXX object src/modules/locale/CMakeFiles/calamares_viewmodule_locale.dir/calamares_viewmodule_locale_autogen/EWIEGA46WW/qrc_locale.cpp.o
#13 130.4 [392/540] Building CXX object src/modules/license/CMakeFiles/calamares_viewmodule_license.dir/LicenseWidget.cpp.o
#13 130.4 [393/540] Building CXX object src/modules/license/CMakeFiles/calamares_viewmodule_license.dir/LicenseViewStep.cpp.o
#13 130.7 [394/540] Building CXX object src/modules/license/CMakeFiles/calamares_viewmodule_license.dir/calamares_viewmodule_license_autogen/mocs_compilation.cpp.o
#13 132.1 [395/540] Building CXX object src/modules/locale/CMakeFiles/calamares_viewmodule_locale.dir/LocaleConfiguration.cpp.o
#13 132.1 [396/540] Building CXX object src/modules/license/CMakeFiles/calamares_viewmodule_license.dir/LicensePage.cpp.o
#13 132.4 [397/540] Building CXX object src/modules/locale/CMakeFiles/calamares_viewmodule_locale.dir/LCLocaleDialog.cpp.o
#13 132.5 [398/540] Building CXX object src/modules/localeq/CMakeFiles/calamares_viewmodule_localeq.dir/calamares_viewmodule_localeq_autogen/EWIEGA46WW/qrc_localeq-qt6.cpp.o
#13 132.7 [399/540] Building CXX object src/modules/locale/CMakeFiles/calamares_viewmodule_locale.dir/Config.cpp.o
#13 132.9 [400/540] Building CXX object src/modules/locale/CMakeFiles/calamares_viewmodule_locale.dir/calamares_viewmodule_locale_autogen/mocs_compilation.cpp.o
#13 134.1 [401/540] Building CXX object src/modules/locale/CMakeFiles/calamares_viewmodule_locale.dir/SetTimezoneJob.cpp.o
#13 135.2 [402/540] Building CXX object src/modules/locale/CMakeFiles/calamares_viewmodule_locale.dir/timezonewidget/TimeZoneImage.cpp.o
#13 135.2 [403/540] Building CXX object src/modules/locale/CMakeFiles/calamares_viewmodule_locale.dir/LocaleViewStep.cpp.o
#13 135.8 [404/540] Building CXX object src/modules/locale/CMakeFiles/calamares_viewmodule_locale.dir/LocalePage.cpp.o
#13 137.1 [405/540] Building CXX object src/modules/locale/CMakeFiles/calamares_viewmodule_locale.dir/timezonewidget/timezonewidget.cpp.o
#13 137.2 [406/540] Building CXX object src/modules/localeq/CMakeFiles/calamares_viewmodule_localeq.dir/LocaleQmlViewStep.cpp.o
#13 137.2 [407/540] Building CXX object src/modules/localeq/CMakeFiles/calamares_viewmodule_localeq.dir/__/locale/LocaleConfiguration.cpp.o
#13 138.9 [408/540] Building CXX object src/modules/localeq/CMakeFiles/calamares_viewmodule_localeq.dir/__/locale/LocaleNames.cpp.o
#13 139.0 [409/540] Building CXX object src/modules/notesqml/CMakeFiles/calamares_viewmodule_notesqml.dir/calamares_viewmodule_notesqml_autogen/EWIEGA46WW/qrc_notesqml.cpp.o
#13 139.3 [410/540] Building CXX object src/modules/localeq/CMakeFiles/calamares_viewmodule_localeq.dir/calamares_viewmodule_localeq_autogen/mocs_compilation.cpp.o
#13 139.3 [411/540] Building CXX object src/modules/localeq/CMakeFiles/calamares_viewmodule_localeq.dir/__/locale/SetTimezoneJob.cpp.o
#13 140.1 [412/540] Building CXX object src/modules/netinstall/CMakeFiles/calamares_viewmodule_netinstall.dir/Config.cpp.o
#13 140.6 [413/540] Building CXX object src/modules/localeq/CMakeFiles/calamares_viewmodule_localeq.dir/__/locale/Config.cpp.o
#13 140.7 [414/540] Building CXX object src/modules/netinstall/CMakeFiles/calamares_viewmodule_netinstall.dir/calamares_viewmodule_netinstall_autogen/mocs_compilation.cpp.o
#13 141.2 [415/540] Building CXX object src/modules/netinstall/CMakeFiles/calamares_viewmodule_netinstall.dir/NetInstallViewStep.cpp.o
#13 141.2 [416/540] Building CXX object src/modules/netinstall/CMakeFiles/calamares_viewmodule_netinstall.dir/groupstreeview.cpp.o
#13 143.4 [417/540] Building CXX object src/modules/netinstall/CMakeFiles/calamares_viewmodule_netinstall.dir/PackageTreeItem.cpp.o
#13 143.5 [418/540] Building CXX object src/modules/notesqml/CMakeFiles/calamares_viewmodule_notesqml.dir/NotesQmlViewStep.cpp.o
#13 144.1 [419/540] Building CXX object src/modules/netinstall/CMakeFiles/calamares_viewmodule_netinstall.dir/LoaderQueue.cpp.o
#13 144.6 [420/540] Building CXX object src/modules/notesqml/CMakeFiles/calamares_viewmodule_notesqml.dir/calamares_viewmodule_notesqml_autogen/mocs_compilation.cpp.o
#13 145.1 [421/540] Building CXX object src/modules/netinstall/CMakeFiles/calamares_viewmodule_netinstall.dir/NetInstallPage.cpp.o
#13 145.7 [422/540] Building CXX object src/modules/oemid/CMakeFiles/calamares_viewmodule_oemid.dir/calamares_viewmodule_oemid_autogen/mocs_compilation.cpp.o
#13 145.8 [423/540] Building CXX object src/modules/netinstall/CMakeFiles/calamares_viewmodule_netinstall.dir/PackageModel.cpp.o
#13 145.8 [424/540] Building CXX object src/modules/oemid/CMakeFiles/calamares_viewmodule_oemid.dir/IDJob.cpp.o
#13 147.8 [425/540] Building CXX object src/modules/partition/CMakeFiles/calamares_viewmodule_partition.dir/Config.cpp.o
#13 148.2 [426/540] Building CXX object src/modules/oemid/CMakeFiles/calamares_viewmodule_oemid.dir/OEMViewStep.cpp.o
#13 148.4 [427/540] Building CXX object src/modules/partition/CMakeFiles/calamares_viewmodule_partition.dir/core/ColorUtils.cpp.o
#13 149.5 [428/540] Building CXX object src/modules/partition/CMakeFiles/calamares_viewmodule_partition.dir/core/BootLoaderModel.cpp.o
#13 149.5 [429/540] Building CXX object src/modules/partition/CMakeFiles/calamares_viewmodule_partition.dir/core/OsproberEntry.cpp.o
#13 149.8 [430/540] Building CXX object src/modules/partition/CMakeFiles/calamares_viewmodule_partition.dir/core/DeviceList.cpp.o
#13 149.9 [431/540] Building CXX object src/modules/partition/CMakeFiles/calamares_viewmodule_partition.dir/core/DeviceModel.cpp.o
#13 150.2 [432/540] Building CXX object src/modules/partition/CMakeFiles/calamares_viewmodule_partition.dir/core/KPMHelpers.cpp.o
#13 150.5 [433/540] Building CXX object src/modules/partition/CMakeFiles/calamares_viewmodule_partition.dir/core/PartitionInfo.cpp.o
#13 150.6 [434/540] Building CXX object src/modules/partition/CMakeFiles/calamares_viewmodule_partition.dir/core/DirFSRestrictLayout.cpp.o
#13 150.7 [435/540] Building CXX object src/modules/partition/CMakeFiles/calamares_viewmodule_partition.dir/calamares_viewmodule_partition_autogen/mocs_compilation.cpp.o
#13 151.4 [436/540] Building CXX object src/modules/partition/CMakeFiles/calamares_viewmodule_partition.dir/core/PartitionActions.cpp.o
#13 152.1 [437/540] Building CXX object src/modules/partition/CMakeFiles/calamares_viewmodule_partition.dir/core/PartitionModel.cpp.o
#13 152.9 [438/540] Building CXX object src/modules/partition/CMakeFiles/calamares_viewmodule_partition.dir/core/PartitionLayout.cpp.o
#13 153.2 [439/540] Building CXX object src/modules/partition/CMakeFiles/calamares_viewmodule_partition.dir/core/PartUtils.cpp.o
#13 153.8 [440/540] Building CXX object src/modules/partition/CMakeFiles/calamares_viewmodule_partition.dir/gui/BootInfoWidget.cpp.o
#13 154.3 [441/540] Building CXX object src/modules/partition/CMakeFiles/calamares_viewmodule_partition.dir/PartitionViewStep.cpp.o
#13 154.3 [442/540] Building CXX object src/modules/partition/CMakeFiles/calamares_viewmodule_partition.dir/gui/EncryptWidget.cpp.o
#13 154.3 [443/540] Building CXX object src/modules/partition/CMakeFiles/calamares_viewmodule_partition.dir/gui/CreateVolumeGroupDialog.cpp.o
#13 154.4 [444/540] Building CXX object src/modules/partition/CMakeFiles/calamares_viewmodule_partition.dir/gui/ListPhysicalVolumeWidgetItem.cpp.o
#13 154.6 [445/540] Building CXX object src/modules/partition/CMakeFiles/calamares_viewmodule_partition.dir/gui/DeviceInfoWidget.cpp.o
#13 155.2 [446/540] Building CXX object src/modules/partition/CMakeFiles/calamares_viewmodule_partition.dir/gui/CreatePartitionDialog.cpp.o
#13 155.8 [447/540] Building CXX object src/modules/partition/CMakeFiles/calamares_viewmodule_partition.dir/core/PartitionCoreModule.cpp.o
#13 155.9 [448/540] Building CXX object src/modules/partition/CMakeFiles/calamares_viewmodule_partition.dir/gui/EditExistingPartitionDialog.cpp.o
#13 156.5 [449/540] Building CXX object src/modules/partition/CMakeFiles/calamares_viewmodule_partition.dir/gui/PartitionDialogHelpers.cpp.o
#13 157.0 [450/540] Building CXX object src/modules/partition/CMakeFiles/calamares_viewmodule_partition.dir/gui/PartitionBarsView.cpp.o
#13 157.3 [451/540] Building CXX object src/modules/partition/CMakeFiles/calamares_viewmodule_partition.dir/jobs/AutoMountManagementJob.cpp.o
#13 157.3 [452/540] Building CXX object src/modules/partition/CMakeFiles/calamares_viewmodule_partition.dir/gui/PartitionLabelsView.cpp.o
#13 157.7 [453/540] Building CXX object src/modules/partition/CMakeFiles/calamares_viewmodule_partition.dir/jobs/ChangeFilesystemLabelJob.cpp.o
#13 157.8 [454/540] Building CXX object src/modules/partition/CMakeFiles/calamares_viewmodule_partition.dir/gui/PartitionSizeController.cpp.o
#13 158.5 [455/540] Building CXX object src/modules/partition/CMakeFiles/calamares_viewmodule_partition.dir/gui/ResizeVolumeGroupDialog.cpp.o
#13 159.0 [456/540] Building CXX object src/modules/partition/CMakeFiles/calamares_viewmodule_partition.dir/gui/VolumeGroupBaseDialog.cpp.o
#13 159.2 [457/540] Building CXX object src/modules/partition/CMakeFiles/calamares_viewmodule_partition.dir/jobs/ClearTempMountsJob.cpp.o
#13 159.2 [458/540] Building CXX object src/modules/partition/CMakeFiles/calamares_viewmodule_partition.dir/gui/PartitionSplitterWidget.cpp.o
#13 159.7 [459/540] Building CXX object src/modules/partition/CMakeFiles/calamares_viewmodule_partition.dir/jobs/DeactivateVolumeGroupJob.cpp.o
#13 159.9 [460/540] Building CXX object src/modules/partition/CMakeFiles/calamares_viewmodule_partition.dir/gui/ChoicePage.cpp.o
#13 159.9 [461/540] Building CXX object src/modules/partition/CMakeFiles/calamares_viewmodule_partition.dir/jobs/CreatePartitionJob.cpp.o
#13 160.0 [462/540] Building CXX object src/modules/partition/CMakeFiles/calamares_viewmodule_partition.dir/jobs/ClearMountsJob.cpp.o
#13 160.1 [463/540] Building CXX object src/modules/partition/CMakeFiles/calamares_viewmodule_partition.dir/jobs/DeletePartitionJob.cpp.o
#13 160.6 [464/540] Building CXX object src/modules/partition/CMakeFiles/calamares_viewmodule_partition.dir/jobs/CreatePartitionTableJob.cpp.o
#13 161.1 [465/540] Building CXX object src/modules/partition/CMakeFiles/calamares_viewmodule_partition.dir/jobs/CreateVolumeGroupJob.cpp.o
#13 161.1 [466/540] Building CXX object src/modules/partition/CMakeFiles/calamares_viewmodule_partition.dir/gui/PartitionPage.cpp.o
#13 161.6 [467/540] Building CXX object src/modules/partition/CMakeFiles/calamares_viewmodule_partition.dir/jobs/PartitionJob.cpp.o
#13 161.7 [468/540] Building CXX object src/modules/plasmalnf/CMakeFiles/calamares_viewmodule_plasmalnf.dir/calamares_viewmodule_plasmalnf_autogen/EWIEGA46WW/qrc_page_plasmalnf.cpp.o
#13 161.9 [469/540] Building CXX object src/modules/partition/CMakeFiles/calamares_viewmodule_partition.dir/jobs/FormatPartitionJob.cpp.o
#13 161.9 [470/540] Building CXX object src/modules/partition/CMakeFiles/calamares_viewmodule_partition.dir/jobs/RemoveVolumeGroupJob.cpp.o
#13 162.2 [471/540] Building CXX object src/modules/partition/CMakeFiles/calamares_viewmodule_partition.dir/gui/ScanningDialog.cpp.o
#13 162.2 [472/540] Building CXX object src/modules/partition/CMakeFiles/calamares_viewmodule_partition.dir/jobs/FillGlobalStorageJob.cpp.o
#13 162.9 [473/540] Building CXX object src/modules/partition/CMakeFiles/calamares_viewmodule_partition.dir/jobs/ResizeVolumeGroupJob.cpp.o
#13 162.9 [474/540] Building CXX object src/modules/partition/CMakeFiles/calamares_viewmodule_partition.dir/jobs/ResizePartitionJob.cpp.o
#13 163.2 [475/540] Building CXX object src/modules/plasmalnf/CMakeFiles/calamares_viewmodule_plasmalnf.dir/PlasmaLnfViewStep.cpp.o
#13 163.8 [476/540] Building CXX object src/modules/partition/CMakeFiles/calamares_viewmodule_partition.dir/jobs/SetPartitionFlagsJob.cpp.o
#13 164.3 [477/540] Building CXX object src/modules/plasmalnf/CMakeFiles/calamares_viewmodule_plasmalnf.dir/Config.cpp.o
#13 164.3 [478/540] Building CXX object src/modules/summaryq/CMakeFiles/calamares_viewmodule_summaryq.dir/calamares_viewmodule_summaryq_autogen/EWIEGA46WW/qrc_summaryq-qt6.cpp.o
#13 164.6 [479/540] Building CXX object src/modules/plasmalnf/CMakeFiles/calamares_viewmodule_plasmalnf.dir/calamares_viewmodule_plasmalnf_autogen/mocs_compilation.cpp.o
#13 165.0 [480/540] Building CXX object src/modules/plasmalnf/CMakeFiles/calamares_viewmodule_plasmalnf.dir/PlasmaLnfJob.cpp.o
#13 165.0 [481/540] Building CXX object src/modules/plasmalnf/CMakeFiles/calamares_viewmodule_plasmalnf.dir/PlasmaLnfPage.cpp.o
#13 166.0 [482/540] Building CXX object src/modules/summary/CMakeFiles/calamares_viewmodule_summary.dir/SummaryViewStep.cpp.o
#13 166.4 [483/540] Building CXX object src/modules/summary/CMakeFiles/calamares_viewmodule_summary.dir/SummaryModel.cpp.o
#13 166.5 [484/540] Building CXX object src/modules/tracking/CMakeFiles/calamares_viewmodule_tracking.dir/calamares_viewmodule_tracking_autogen/EWIEGA46WW/qrc_page_trackingstep.cpp.o
#13 166.6 [485/540] Building CXX object src/modules/summary/CMakeFiles/calamares_viewmodule_summary.dir/calamares_viewmodule_summary_autogen/mocs_compilation.cpp.o
#13 166.7 [486/540] Building CXX object src/modules/plasmalnf/CMakeFiles/calamares_viewmodule_plasmalnf.dir/ThemeInfo.cpp.o
#13 166.9 [487/540] Building CXX object src/modules/summaryq/CMakeFiles/calamares_viewmodule_summaryq.dir/calamares_viewmodule_summaryq_autogen/mocs_compilation.cpp.o
#13 166.9 [488/540] Building CXX object src/modules/users/CMakeFiles/calamares_viewmodule_users.dir/calamares_viewmodule_users_autogen/EWIEGA46WW/qrc_users.cpp.o
#13 167.0 [489/540] Building CXX object src/modules/summaryq/CMakeFiles/calamares_viewmodule_summaryq.dir/SummaryQmlViewStep.cpp.o
#13 167.4 [490/540] Building CXX object src/modules/summary/CMakeFiles/calamares_viewmodule_summary.dir/Config.cpp.o
#13 167.4 [491/540] Building CXX object src/modules/usersq/CMakeFiles/calamares_viewmodule_usersq.dir/calamares_viewmodule_usersq_autogen/EWIEGA46WW/qrc_usersq-qt6.cpp.o
#13 167.6 [492/540] Building CXX object src/modules/summary/CMakeFiles/calamares_viewmodule_summary.dir/SummaryPage.cpp.o
#13 167.7 [493/540] Building CXX object src/modules/tracking/CMakeFiles/calamares_viewmodule_tracking.dir/Config.cpp.o
#13 167.7 [494/540] Building CXX object src/modules/summaryq/CMakeFiles/calamares_viewmodule_summaryq.dir/__/summary/SummaryModel.cpp.o
#13 168.4 [495/540] Building CXX object src/modules/summaryq/CMakeFiles/calamares_viewmodule_summaryq.dir/__/summary/Config.cpp.o
#13 168.5 [496/540] Building CXX object src/modules/tracking/CMakeFiles/calamares_viewmodule_tracking.dir/calamares_viewmodule_tracking_autogen/mocs_compilation.cpp.o
#13 168.7 [497/540] Building C object src/modules/welcome/CMakeFiles/calamares_viewmodule_welcome.dir/checker/partman_devices.c.o
#13 169.0 [498/540] Building CXX object src/modules/tracking/CMakeFiles/calamares_viewmodule_tracking.dir/TrackingJobs.cpp.o
#13 170.0 [499/540] Building CXX object src/modules/tracking/CMakeFiles/calamares_viewmodule_tracking.dir/TrackingViewStep.cpp.o
#13 170.3 [500/540] Building CXX object src/modules/usersq/CMakeFiles/calamares_viewmodule_usersq.dir/calamares_viewmodule_usersq_autogen/mocs_compilation.cpp.o
#13 170.4 [501/540] Building CXX object src/modules/welcome/CMakeFiles/calamares_viewmodule_welcome.dir/calamares_viewmodule_welcome_autogen/EWIEGA46WW/qrc_welcome.cpp.o
#13 170.4 [502/540] Building CXX object src/modules/tracking/CMakeFiles/calamares_viewmodule_tracking.dir/TrackingPage.cpp.o
#13 170.6 [503/540] Building CXX object src/modules/users/CMakeFiles/calamares_viewmodule_users.dir/UsersViewStep.cpp.o
#13 170.6 [504/540] Building CXX object src/modules/users/CMakeFiles/calamares_viewmodule_users.dir/calamares_viewmodule_users_autogen/mocs_compilation.cpp.o
#13 170.7 [505/540] Building C object src/modules/welcomeq/CMakeFiles/calamares_viewmodule_welcomeq.dir/__/welcome/checker/partman_devices.c.o
#13 170.9 [506/540] Building CXX object src/modules/usersq/CMakeFiles/calamares_viewmodule_usersq.dir/UsersQmlViewStep.cpp.o
#13 170.9 [507/540] Building CXX object src/modules/welcomeq/CMakeFiles/calamares_viewmodule_welcomeq.dir/calamares_viewmodule_welcomeq_autogen/EWIEGA46WW/qrc_welcomeq-qt6.cpp.o
#13 171.1 [508/540] Building CXX object src/modules/welcome/CMakeFiles/calamares_viewmodule_welcome.dir/checker/ResultDelegate.cpp.o
#13 171.7 [509/540] Building CXX object src/modules/users/CMakeFiles/calamares_viewmodule_users.dir/UsersPage.cpp.o
#13 172.2 [510/540] Building CXX object src/modules/welcome/CMakeFiles/calamares_viewmodule_welcome.dir/checker/CheckerContainer.cpp.o
#13 172.8 [511/540] Building CXX object src/modules/welcome/CMakeFiles/calamares_viewmodule_welcome.dir/checker/GeneralRequirements.cpp.o
#13 172.9 [512/540] Building CXX object src/modules/welcome/CMakeFiles/calamares_viewmodule_welcome.dir/calamares_viewmodule_welcome_autogen/mocs_compilation.cpp.o
#13 173.0 [513/540] Building CXX object src/modules/welcome/CMakeFiles/calamares_viewmodule_welcome.dir/checker/ResultsListWidget.cpp.o
#13 173.4 [514/540] Building CXX object src/modules/welcome/CMakeFiles/calamares_viewmodule_welcome.dir/WelcomeViewStep.cpp.o
#13 173.7 [515/540] Linking CXX shared library src/modules/finishedq/libcalamares_viewmodule_finishedq.so
#13 174.3 [516/540] Linking CXX shared library src/modules/finished/libcalamares_viewmodule_finished.so
#13 175.7 [517/540] Building CXX object src/modules/welcome/CMakeFiles/calamares_viewmodule_welcome.dir/Config.cpp.o
#13 175.9 [518/540] Linking CXX shared library src/modules/notesqml/libcalamares_viewmodule_notesqml.so
#13 176.6 [519/540] Linking CXX executable calamares
#13 177.1 [520/540] Building CXX object src/modules/welcome/CMakeFiles/calamares_viewmodule_welcome.dir/WelcomePage.cpp.o
#13 177.1 [521/540] Building CXX object src/modules/welcomeq/CMakeFiles/calamares_viewmodule_welcomeq.dir/WelcomeQmlViewStep.cpp.o
#13 177.6 [522/540] Linking CXX shared library src/modules/license/libcalamares_viewmodule_license.so
#13 178.5 [523/540] Linking CXX shared library src/modules/oemid/libcalamares_viewmodule_oemid.so
#13 178.6 [524/540] Linking CXX shared library src/modules/keyboard/libcalamares_viewmodule_keyboard.so
#13 179.4 [525/540] Building CXX object src/modules/welcomeq/CMakeFiles/calamares_viewmodule_welcomeq.dir/__/welcome/checker/GeneralRequirements.cpp.o
#13 179.5 [526/540] Linking CXX shared library src/modules/localeq/libcalamares_viewmodule_localeq.so
#13 179.6 [527/540] Building CXX object src/modules/welcomeq/CMakeFiles/calamares_viewmodule_welcomeq.dir/__/welcome/Config.cpp.o
#13 180.5 [528/540] Building CXX object src/modules/welcomeq/CMakeFiles/calamares_viewmodule_welcomeq.dir/calamares_viewmodule_welcomeq_autogen/mocs_compilation.cpp.o
#13 180.6 [529/540] Linking CXX shared library src/modules/keyboardq/libcalamares_viewmodule_keyboardq.so
#13 181.1 [530/540] Linking CXX shared library src/modules/locale/libcalamares_viewmodule_locale.so
#13 182.0 [531/540] Linking CXX shared library src/modules/summaryq/libcalamares_viewmodule_summaryq.so
#13 183.3 [532/540] Linking CXX shared library src/modules/summary/libcalamares_viewmodule_summary.so
#13 183.4 [533/540] Linking CXX shared library src/modules/netinstall/libcalamares_viewmodule_netinstall.so
#13 183.5 [534/540] Linking CXX shared library src/modules/tracking/libcalamares_viewmodule_tracking.so
#13 184.7 [535/540] Linking CXX shared library src/modules/plasmalnf/libcalamares_viewmodule_plasmalnf.so
#13 184.8 [536/540] Linking CXX shared library src/modules/users/libcalamares_viewmodule_users.so
#13 185.3 [537/540] Linking CXX shared library src/modules/usersq/libcalamares_viewmodule_usersq.so
#13 185.5 [538/540] Linking CXX shared library src/modules/welcome/libcalamares_viewmodule_welcome.so
#13 186.0 [539/540] Linking CXX shared library src/modules/welcomeq/libcalamares_viewmodule_welcomeq.so
#13 186.0 [540/540] Linking CXX shared library src/modules/partition/libcalamares_viewmodule_partition.so
#13 186.0 ==> Entering fakeroot environment...
#13 187.8 ==> Starting package()...
#13 187.8 -- Install configuration: "Release"
#13 187.8 -- Installing: /tmp/calamares/pkg/calamares/usr/share/locale/ar/LC_MESSAGES/calamares-python.mo
#13 187.8 -- Installing: /tmp/calamares/pkg/calamares/usr/share/locale/as/LC_MESSAGES/calamares-python.mo
#13 187.8 -- Installing: /tmp/calamares/pkg/calamares/usr/share/locale/ast/LC_MESSAGES/calamares-python.mo
#13 187.8 -- Installing: /tmp/calamares/pkg/calamares/usr/share/locale/az/LC_MESSAGES/calamares-python.mo
#13 187.8 -- Installing: /tmp/calamares/pkg/calamares/usr/share/locale/az_AZ/LC_MESSAGES/calamares-python.mo
#13 187.8 -- Installing: /tmp/calamares/pkg/calamares/usr/share/locale/be/LC_MESSAGES/calamares-python.mo
#13 187.8 -- Installing: /tmp/calamares/pkg/calamares/usr/share/locale/bg/LC_MESSAGES/calamares-python.mo
#13 187.8 -- Installing: /tmp/calamares/pkg/calamares/usr/share/locale/bn/LC_MESSAGES/calamares-python.mo
#13 187.8 -- Installing: /tmp/calamares/pkg/calamares/usr/share/locale/ca/LC_MESSAGES/calamares-python.mo
#13 187.8 -- Installing: /tmp/calamares/pkg/calamares/usr/share/locale/ca@valencia/LC_MESSAGES/calamares-python.mo
#13 187.8 -- Installing: /tmp/calamares/pkg/calamares/usr/share/locale/cs_CZ/LC_MESSAGES/calamares-python.mo
#13 187.8 -- Installing: /tmp/calamares/pkg/calamares/usr/share/locale/da/LC_MESSAGES/calamares-python.mo
#13 187.8 -- Installing: /tmp/calamares/pkg/calamares/usr/share/locale/de/LC_MESSAGES/calamares-python.mo
#13 187.8 -- Installing: /tmp/calamares/pkg/calamares/usr/share/locale/el/LC_MESSAGES/calamares-python.mo
#13 187.8 -- Installing: /tmp/calamares/pkg/calamares/usr/share/locale/en_GB/LC_MESSAGES/calamares-python.mo
#13 187.8 -- Installing: /tmp/calamares/pkg/calamares/usr/share/locale/eo/LC_MESSAGES/calamares-python.mo
#13 187.8 -- Installing: /tmp/calamares/pkg/calamares/usr/share/locale/es/LC_MESSAGES/calamares-python.mo
#13 187.8 -- Installing: /tmp/calamares/pkg/calamares/usr/share/locale/es_AR/LC_MESSAGES/calamares-python.mo
#13 187.8 -- Installing: /tmp/calamares/pkg/calamares/usr/share/locale/es_MX/LC_MESSAGES/calamares-python.mo
#13 187.8 -- Installing: /tmp/calamares/pkg/calamares/usr/share/locale/et/LC_MESSAGES/calamares-python.mo
#13 187.8 -- Installing: /tmp/calamares/pkg/calamares/usr/share/locale/eu/LC_MESSAGES/calamares-python.mo
#13 187.8 -- Installing: /tmp/calamares/pkg/calamares/usr/share/locale/fa/LC_MESSAGES/calamares-python.mo
#13 187.8 -- Installing: /tmp/calamares/pkg/calamares/usr/share/locale/fi_FI/LC_MESSAGES/calamares-python.mo
#13 187.8 -- Installing: /tmp/calamares/pkg/calamares/usr/share/locale/fr/LC_MESSAGES/calamares-python.mo
#13 187.8 -- Installing: /tmp/calamares/pkg/calamares/usr/share/locale/fur/LC_MESSAGES/calamares-python.mo
#13 187.8 -- Installing: /tmp/calamares/pkg/calamares/usr/share/locale/gl/LC_MESSAGES/calamares-python.mo
#13 187.8 -- Installing: /tmp/calamares/pkg/calamares/usr/share/locale/he/LC_MESSAGES/calamares-python.mo
#13 187.8 -- Installing: /tmp/calamares/pkg/calamares/usr/share/locale/hi/LC_MESSAGES/calamares-python.mo
#13 187.8 -- Installing: /tmp/calamares/pkg/calamares/usr/share/locale/hr/LC_MESSAGES/calamares-python.mo
#13 187.8 -- Installing: /tmp/calamares/pkg/calamares/usr/share/locale/hu/LC_MESSAGES/calamares-python.mo
#13 187.8 -- Installing: /tmp/calamares/pkg/calamares/usr/share/locale/ia/LC_MESSAGES/calamares-python.mo
#13 187.8 -- Installing: /tmp/calamares/pkg/calamares/usr/share/locale/id/LC_MESSAGES/calamares-python.mo
#13 187.8 -- Installing: /tmp/calamares/pkg/calamares/usr/share/locale/is/LC_MESSAGES/calamares-python.mo
#13 187.8 -- Installing: /tmp/calamares/pkg/calamares/usr/share/locale/it_IT/LC_MESSAGES/calamares-python.mo
#13 187.8 -- Installing: /tmp/calamares/pkg/calamares/usr/share/locale/ja/LC_MESSAGES/calamares-python.mo
#13 187.8 -- Installing: /tmp/calamares/pkg/calamares/usr/share/locale/ka/LC_MESSAGES/calamares-python.mo
#13 187.8 -- Installing: /tmp/calamares/pkg/calamares/usr/share/locale/kk/LC_MESSAGES/calamares-python.mo
#13 187.8 -- Installing: /tmp/calamares/pkg/calamares/usr/share/locale/ko/LC_MESSAGES/calamares-python.mo
#13 187.8 -- Installing: /tmp/calamares/pkg/calamares/usr/share/locale/lg/LC_MESSAGES/calamares-python.mo
#13 187.8 -- Installing: /tmp/calamares/pkg/calamares/usr/share/locale/lt/LC_MESSAGES/calamares-python.mo
#13 187.8 -- Installing: /tmp/calamares/pkg/calamares/usr/share/locale/ml/LC_MESSAGES/calamares-python.mo
#13 187.8 -- Installing: /tmp/calamares/pkg/calamares/usr/share/locale/mr/LC_MESSAGES/calamares-python.mo
#13 187.8 -- Installing: /tmp/calamares/pkg/calamares/usr/share/locale/nb/LC_MESSAGES/calamares-python.mo
#13 187.8 -- Installing: /tmp/calamares/pkg/calamares/usr/share/locale/nl/LC_MESSAGES/calamares-python.mo
#13 187.8 -- Installing: /tmp/calamares/pkg/calamares/usr/share/locale/oc/LC_MESSAGES/calamares-python.mo
#13 187.8 -- Installing: /tmp/calamares/pkg/calamares/usr/share/locale/pl/LC_MESSAGES/calamares-python.mo
#13 187.8 -- Installing: /tmp/calamares/pkg/calamares/usr/share/locale/pt_BR/LC_MESSAGES/calamares-python.mo
#13 187.8 -- Installing: /tmp/calamares/pkg/calamares/usr/share/locale/pt_PT/LC_MESSAGES/calamares-python.mo
#13 187.8 -- Installing: /tmp/calamares/pkg/calamares/usr/share/locale/ro/LC_MESSAGES/calamares-python.mo
#13 187.8 -- Installing: /tmp/calamares/pkg/calamares/usr/share/locale/ru/LC_MESSAGES/calamares-python.mo
#13 187.8 -- Installing: /tmp/calamares/pkg/calamares/usr/share/locale/si/LC_MESSAGES/calamares-python.mo
#13 187.8 -- Installing: /tmp/calamares/pkg/calamares/usr/share/locale/sk/LC_MESSAGES/calamares-python.mo
#13 187.8 -- Installing: /tmp/calamares/pkg/calamares/usr/share/locale/sl/LC_MESSAGES/calamares-python.mo
#13 187.8 -- Installing: /tmp/calamares/pkg/calamares/usr/share/locale/sq/LC_MESSAGES/calamares-python.mo
#13 187.8 -- Installing: /tmp/calamares/pkg/calamares/usr/share/locale/sr/LC_MESSAGES/calamares-python.mo
#13 187.8 -- Installing: /tmp/calamares/pkg/calamares/usr/share/locale/sr@latin/LC_MESSAGES/calamares-python.mo
#13 187.8 -- Installing: /tmp/calamares/pkg/calamares/usr/share/locale/sv/LC_MESSAGES/calamares-python.mo
#13 187.8 -- Installing: /tmp/calamares/pkg/calamares/usr/share/locale/tg/LC_MESSAGES/calamares-python.mo
#13 187.8 -- Installing: /tmp/calamares/pkg/calamares/usr/share/locale/th/LC_MESSAGES/calamares-python.mo
#13 187.8 -- Installing: /tmp/calamares/pkg/calamares/usr/share/locale/tr_TR/LC_MESSAGES/calamares-python.mo
#13 187.8 -- Installing: /tmp/calamares/pkg/calamares/usr/share/locale/uk/LC_MESSAGES/calamares-python.mo
#13 187.8 -- Installing: /tmp/calamares/pkg/calamares/usr/share/locale/uz/LC_MESSAGES/calamares-python.mo
#13 187.8 -- Installing: /tmp/calamares/pkg/calamares/usr/share/locale/vi/LC_MESSAGES/calamares-python.mo
#13 187.8 -- Installing: /tmp/calamares/pkg/calamares/usr/share/locale/zh_CN/LC_MESSAGES/calamares-python.mo
#13 187.8 -- Installing: /tmp/calamares/pkg/calamares/usr/share/locale/zh_TW/LC_MESSAGES/calamares-python.mo
#13 187.8 -- Installing: /tmp/calamares/pkg/calamares/usr/lib/libcalamares.so.3.4.2
#13 187.8 -- Installing: /tmp/calamares/pkg/calamares/usr/lib/libcalamares.so.3.4
#13 187.8 -- Installing: /tmp/calamares/pkg/calamares/usr/lib/libcalamares.so
#13 187.8 -- Installing: /tmp/calamares/pkg/calamares/usr/include/libcalamares/CalamaresConfig.h
#13 187.8 -- Installing: /tmp/calamares/pkg/calamares/usr/include/libcalamares/CalamaresVersion.h
#13 187.8 -- Installing: /tmp/calamares/pkg/calamares/usr/include/libcalamares/CalamaresAbout.h
#13 187.8 -- Installing: /tmp/calamares/pkg/calamares/usr/include/libcalamares/CppJob.h
#13 187.8 -- Installing: /tmp/calamares/pkg/calamares/usr/include/libcalamares/DllMacro.h
#13 187.8 -- Installing: /tmp/calamares/pkg/calamares/usr/include/libcalamares/GlobalStorage.h
#13 187.8 -- Installing: /tmp/calamares/pkg/calamares/usr/include/libcalamares/Job.h
#13 187.8 -- Installing: /tmp/calamares/pkg/calamares/usr/include/libcalamares/JobExample.h
#13 187.8 -- Installing: /tmp/calamares/pkg/calamares/usr/include/libcalamares/JobQueue.h
#13 187.8 -- Installing: /tmp/calamares/pkg/calamares/usr/include/libcalamares/ProcessJob.h
#13 187.8 -- Installing: /tmp/calamares/pkg/calamares/usr/include/libcalamares/Settings.h
#13 187.8 -- Installing: /tmp/calamares/pkg/calamares/usr/include/libcalamares/geoip/GeoIPFixed.h
#13 187.8 -- Installing: /tmp/calamares/pkg/calamares/usr/include/libcalamares/geoip/GeoIPJSON.h
#13 187.8 -- Installing: /tmp/calamares/pkg/calamares/usr/include/libcalamares/geoip/GeoIPTests.h
#13 187.8 -- Installing: /tmp/calamares/pkg/calamares/usr/include/libcalamares/geoip/GeoIPXML.h
#13 187.8 -- Installing: /tmp/calamares/pkg/calamares/usr/include/libcalamares/geoip/Handler.h
#13 187.8 -- Installing: /tmp/calamares/pkg/calamares/usr/include/libcalamares/geoip/Interface.h
#13 187.8 -- Installing: /tmp/calamares/pkg/calamares/usr/include/libcalamares/locale/Global.h
#13 187.8 -- Installing: /tmp/calamares/pkg/calamares/usr/include/libcalamares/locale/Lookup.h
#13 187.8 -- Installing: /tmp/calamares/pkg/calamares/usr/include/libcalamares/locale/TimeZone.h
#13 187.8 -- Installing: /tmp/calamares/pkg/calamares/usr/include/libcalamares/locale/TranslatableConfiguration.h
#13 187.8 -- Installing: /tmp/calamares/pkg/calamares/usr/include/libcalamares/locale/TranslatableString.h
#13 187.8 -- Installing: /tmp/calamares/pkg/calamares/usr/include/libcalamares/locale/Translation.h
#13 187.8 -- Installing: /tmp/calamares/pkg/calamares/usr/include/libcalamares/locale/TranslationsModel.h
#13 187.8 -- Installing: /tmp/calamares/pkg/calamares/usr/include/libcalamares/modulesystem/Actions.h
#13 187.8 -- Installing: /tmp/calamares/pkg/calamares/usr/include/libcalamares/modulesystem/Config.h
#13 187.8 -- Installing: /tmp/calamares/pkg/calamares/usr/include/libcalamares/modulesystem/Descriptor.h
#13 187.8 -- Installing: /tmp/calamares/pkg/calamares/usr/include/libcalamares/modulesystem/InstanceKey.h
#13 187.8 -- Installing: /tmp/calamares/pkg/calamares/usr/include/libcalamares/modulesystem/Module.h
#13 187.8 -- Installing: /tmp/calamares/pkg/calamares/usr/include/libcalamares/modulesystem/Preset.h
#13 187.8 -- Installing: /tmp/calamares/pkg/calamares/usr/include/libcalamares/modulesystem/Requirement.h
#13 187.8 -- Installing: /tmp/calamares/pkg/calamares/usr/include/libcalamares/modulesystem/RequirementsChecker.h
#13 187.8 -- Installing: /tmp/calamares/pkg/calamares/usr/include/libcalamares/modulesystem/RequirementsModel.h
#13 187.8 -- Installing: /tmp/calamares/pkg/calamares/usr/include/libcalamares/network/Manager.h
#13 187.8 -- Installing: /tmp/calamares/pkg/calamares/usr/include/libcalamares/network/Tests.h
#13 187.8 -- Installing: /tmp/calamares/pkg/calamares/usr/include/libcalamares/partition/AutoMount.h
#13 187.8 -- Installing: /tmp/calamares/pkg/calamares/usr/include/libcalamares/partition/FileSystem.h
#13 187.8 -- Installing: /tmp/calamares/pkg/calamares/usr/include/libcalamares/partition/Global.h
#13 187.8 -- Installing: /tmp/calamares/pkg/calamares/usr/include/libcalamares/partition/KPMHelper.h
#13 187.8 -- Installing: /tmp/calamares/pkg/calamares/usr/include/libcalamares/partition/KPMManager.h
#13 187.8 -- Installing: /tmp/calamares/pkg/calamares/usr/include/libcalamares/partition/Mount.h
#13 187.8 -- Installing: /tmp/calamares/pkg/calamares/usr/include/libcalamares/partition/PartitionIterator.h
#13 187.8 -- Installing: /tmp/calamares/pkg/calamares/usr/include/libcalamares/partition/PartitionQuery.h
#13 187.8 -- Installing: /tmp/calamares/pkg/calamares/usr/include/libcalamares/partition/PartitionSize.h
#13 187.8 -- Installing: /tmp/calamares/pkg/calamares/usr/include/libcalamares/partition/Sync.h
#13 187.8 -- Installing: /tmp/calamares/pkg/calamares/usr/include/libcalamares/utils/CommandList.h
#13 187.8 -- Installing: /tmp/calamares/pkg/calamares/usr/include/libcalamares/utils/Dirs.h
#13 187.8 -- Installing: /tmp/calamares/pkg/calamares/usr/include/libcalamares/utils/Entropy.h
#13 187.8 -- Installing: /tmp/calamares/pkg/calamares/usr/include/libcalamares/utils/Logger.h
#13 187.8 -- Installing: /tmp/calamares/pkg/calamares/usr/include/libcalamares/utils/NamedEnum.h
#13 187.8 -- Installing: /tmp/calamares/pkg/calamares/usr/include/libcalamares/utils/NamedSuffix.h
#13 187.8 -- Installing: /tmp/calamares/pkg/calamares/usr/include/libcalamares/utils/Permissions.h
#13 187.8 -- Installing: /tmp/calamares/pkg/calamares/usr/include/libcalamares/utils/PluginFactory.h
#13 187.8 -- Installing: /tmp/calamares/pkg/calamares/usr/include/libcalamares/utils/RAII.h
#13 187.8 -- Installing: /tmp/calamares/pkg/calamares/usr/include/libcalamares/utils/Retranslator.h
#13 187.8 -- Installing: /tmp/calamares/pkg/calamares/usr/include/libcalamares/utils/Runner.h
#13 187.8 -- Installing: /tmp/calamares/pkg/calamares/usr/include/libcalamares/utils/String.h
#13 187.8 -- Installing: /tmp/calamares/pkg/calamares/usr/include/libcalamares/utils/StringExpander.h
#13 187.8 -- Installing: /tmp/calamares/pkg/calamares/usr/include/libcalamares/utils/System.h
#13 187.8 -- Installing: /tmp/calamares/pkg/calamares/usr/include/libcalamares/utils/Traits.h
#13 187.8 -- Installing: /tmp/calamares/pkg/calamares/usr/include/libcalamares/utils/UMask.h
#13 187.8 -- Installing: /tmp/calamares/pkg/calamares/usr/include/libcalamares/utils/Units.h
#13 187.8 -- Installing: /tmp/calamares/pkg/calamares/usr/include/libcalamares/utils/Variant.h
#13 187.8 -- Installing: /tmp/calamares/pkg/calamares/usr/include/libcalamares/utils/Yaml.h
#13 187.8 -- Installing: /tmp/calamares/pkg/calamares/usr/include/libcalamares/utils/moc-warnings.h
#13 187.8 -- Installing: /tmp/calamares/pkg/calamares/usr/include/libcalamares/compat/CheckBox.h
#13 187.8 -- Installing: /tmp/calamares/pkg/calamares/usr/include/libcalamares/compat/Mutex.h
#13 187.8 -- Installing: /tmp/calamares/pkg/calamares/usr/include/libcalamares/compat/Size.h
#13 187.8 -- Installing: /tmp/calamares/pkg/calamares/usr/include/libcalamares/compat/Variant.h
#13 187.8 -- Installing: /tmp/calamares/pkg/calamares/usr/include/libcalamares/compat/Xml.h
#13 187.8 -- Installing: /tmp/calamares/pkg/calamares/usr/include/libcalamares/packages/Globals.h
#13 187.9 -- Installing: /tmp/calamares/pkg/calamares/usr/lib/libcalamaresui.so.3.4.2
#13 187.9 -- Installing: /tmp/calamares/pkg/calamares/usr/lib/libcalamaresui.so.3.4
#13 187.9 -- Set non-toolchain portion of runtime path of "/tmp/calamares/pkg/calamares/usr/lib/libcalamaresui.so.3.4.2" to ""
#13 187.9 -- Installing: /tmp/calamares/pkg/calamares/usr/lib/libcalamaresui.so
#13 187.9 -- Installing: /tmp/calamares/pkg/calamares/usr/include/libcalamares/Branding.h
#13 187.9 -- Installing: /tmp/calamares/pkg/calamares/usr/include/libcalamares/ViewManager.h
#13 187.9 -- Installing: /tmp/calamares/pkg/calamares/usr/include/libcalamares/modulesystem/CppJobModule.h
#13 187.9 -- Installing: /tmp/calamares/pkg/calamares/usr/include/libcalamares/modulesystem/ModuleFactory.h
#13 187.9 -- Installing: /tmp/calamares/pkg/calamares/usr/include/libcalamares/modulesystem/ModuleManager.h
#13 187.9 -- Installing: /tmp/calamares/pkg/calamares/usr/include/libcalamares/modulesystem/ProcessJobModule.h
#13 187.9 -- Installing: /tmp/calamares/pkg/calamares/usr/include/libcalamares/modulesystem/PythonJobModule.h
#13 187.9 -- Installing: /tmp/calamares/pkg/calamares/usr/include/libcalamares/modulesystem/ViewModule.h
#13 187.9 -- Installing: /tmp/calamares/pkg/calamares/usr/include/libcalamares/utils/Gui.h
#13 187.9 -- Installing: /tmp/calamares/pkg/calamares/usr/include/libcalamares/utils/ImageRegistry.h
#13 187.9 -- Installing: /tmp/calamares/pkg/calamares/usr/include/libcalamares/utils/Paste.h
#13 187.9 -- Installing: /tmp/calamares/pkg/calamares/usr/include/libcalamares/utils/Qml.h
#13 187.9 -- Installing: /tmp/calamares/pkg/calamares/usr/include/libcalamares/utils/QtCompat.h
#13 187.9 -- Installing: /tmp/calamares/pkg/calamares/usr/include/libcalamares/viewpages/BlankViewStep.h
#13 187.9 -- Installing: /tmp/calamares/pkg/calamares/usr/include/libcalamares/viewpages/ExecutionViewStep.h
#13 187.9 -- Installing: /tmp/calamares/pkg/calamares/usr/include/libcalamares/viewpages/QmlViewStep.h
#13 187.9 -- Installing: /tmp/calamares/pkg/calamares/usr/include/libcalamares/viewpages/Slideshow.h
#13 187.9 -- Installing: /tmp/calamares/pkg/calamares/usr/include/libcalamares/viewpages/ViewStep.h
#13 187.9 -- Installing: /tmp/calamares/pkg/calamares/usr/include/libcalamares/widgets/ClickableLabel.h
#13 187.9 -- Installing: /tmp/calamares/pkg/calamares/usr/include/libcalamares/widgets/ErrorDialog.h
#13 187.9 -- Installing: /tmp/calamares/pkg/calamares/usr/include/libcalamares/widgets/FixedAspectRatioLabel.h
#13 187.9 -- Installing: /tmp/calamares/pkg/calamares/usr/include/libcalamares/widgets/LogWidget.h
#13 187.9 -- Installing: /tmp/calamares/pkg/calamares/usr/include/libcalamares/widgets/PrettyRadioButton.h
#13 187.9 -- Installing: /tmp/calamares/pkg/calamares/usr/include/libcalamares/widgets/TranslationFix.h
#13 187.9 -- Installing: /tmp/calamares/pkg/calamares/usr/include/libcalamares/widgets/WaitingWidget.h
#13 187.9 -- Installing: /tmp/calamares/pkg/calamares/usr/include/libcalamares/widgets/waitingspinnerwidget.h
#13 187.9 -- Installing: /tmp/calamares/pkg/calamares/usr/share/calamares/qml/calamares/slideshow/BackButton.qml
#13 187.9 -- Installing: /tmp/calamares/pkg/calamares/usr/share/calamares/qml/calamares/slideshow/ForwardButton.qml
#13 187.9 -- Installing: /tmp/calamares/pkg/calamares/usr/share/calamares/qml/calamares/slideshow/NavButton.qml
#13 187.9 -- Installing: /tmp/calamares/pkg/calamares/usr/share/calamares/qml/calamares/slideshow/Presentation.qml
#13 187.9 -- Installing: /tmp/calamares/pkg/calamares/usr/share/calamares/qml/calamares/slideshow/Slide.qml
#13 187.9 -- Installing: /tmp/calamares/pkg/calamares/usr/share/calamares/qml/calamares/slideshow/SlideCounter.qml
#13 187.9 -- Installing: /tmp/calamares/pkg/calamares/usr/share/calamares/qml/calamares/slideshow/qmldir
#13 187.9 -- Installing: /tmp/calamares/pkg/calamares/usr/share/calamares/qml/calamares/slideshow/qmldir.license
#13 187.9 -- Installing: /tmp/calamares/pkg/calamares/usr/bin/calamares
#13 187.9 -- Set non-toolchain portion of runtime path of "/tmp/calamares/pkg/calamares/usr/bin/calamares" to ""
#13 187.9 -- Installing: /tmp/calamares/pkg/calamares/usr/share/icons/hicolor/scalable/apps/calamares.svg
#13 187.9 -- Installing: /tmp/calamares/pkg/calamares/usr/lib/calamares/modules/bootloader/bootloader.schema.yaml
#13 187.9 -- Installing: /tmp/calamares/pkg/calamares/usr/lib/calamares/modules/bootloader/main.py
#13 187.9 -- Installing: /tmp/calamares/pkg/calamares/usr/lib/calamares/modules/bootloader/module.desc
#13 187.9 -- Installing: /tmp/calamares/pkg/calamares/usr/lib/calamares/modules/bootloader/test.yaml
#13 187.9 -- Installing: /tmp/calamares/pkg/calamares/usr/share/calamares/modules/bootloader.conf
#13 187.9 -- Installing: /tmp/calamares/pkg/calamares/usr/lib/calamares/modules/contextualprocess/libcalamares_job_contextualprocess.so
#13 187.9 -- Set non-toolchain portion of runtime path of "/tmp/calamares/pkg/calamares/usr/lib/calamares/modules/contextualprocess/libcalamares_job_contextualprocess.so" to ""
#13 187.9 -- Installing: /tmp/calamares/pkg/calamares/usr/lib/calamares/modules/contextualprocess/module.desc
#13 187.9 -- Installing: /tmp/calamares/pkg/calamares/usr/share/calamares/modules/contextualprocess.conf
#13 187.9 -- Installing: /tmp/calamares/pkg/calamares/usr/lib/calamares/modules/displaymanager/displaymanager.schema.yaml
#13 187.9 -- Installing: /tmp/calamares/pkg/calamares/usr/lib/calamares/modules/displaymanager/main.py
#13 187.9 -- Installing: /tmp/calamares/pkg/calamares/usr/lib/calamares/modules/displaymanager/module.desc
#13 187.9 -- Installing: /tmp/calamares/pkg/calamares/usr/share/calamares/modules/displaymanager.conf
#13 187.9 -- Installing: /tmp/calamares/pkg/calamares/usr/lib/calamares/modules/finished/libcalamares_viewmodule_finished.so
#13 187.9 -- Set non-toolchain portion of runtime path of "/tmp/calamares/pkg/calamares/usr/lib/calamares/modules/finished/libcalamares_viewmodule_finished.so" to ""
#13 187.9 -- Installing: /tmp/calamares/pkg/calamares/usr/lib/calamares/modules/finished/module.desc
#13 187.9 -- Installing: /tmp/calamares/pkg/calamares/usr/share/calamares/modules/finished.conf
#13 187.9 -- Installing: /tmp/calamares/pkg/calamares/usr/lib/calamares/modules/finishedq/libcalamares_viewmodule_finishedq.so
#13 187.9 -- Set non-toolchain portion of runtime path of "/tmp/calamares/pkg/calamares/usr/lib/calamares/modules/finishedq/libcalamares_viewmodule_finishedq.so" to ""
#13 187.9 -- Installing: /tmp/calamares/pkg/calamares/usr/lib/calamares/modules/finishedq/module.desc
#13 187.9 -- Installing: /tmp/calamares/pkg/calamares/usr/share/calamares/modules/finishedq.conf
#13 187.9 -- Installing: /tmp/calamares/pkg/calamares/usr/lib/calamares/modules/fsresizer/libcalamares_job_fsresizer.so
#13 187.9 -- Set non-toolchain portion of runtime path of "/tmp/calamares/pkg/calamares/usr/lib/calamares/modules/fsresizer/libcalamares_job_fsresizer.so" to ""
#13 187.9 -- Installing: /tmp/calamares/pkg/calamares/usr/lib/calamares/modules/fsresizer/module.desc
#13 187.9 -- Installing: /tmp/calamares/pkg/calamares/usr/share/calamares/modules/fsresizer.conf
#13 187.9 -- Installing: /tmp/calamares/pkg/calamares/usr/lib/calamares/modules/fstab/fstab.schema.yaml
#13 187.9 -- Installing: /tmp/calamares/pkg/calamares/usr/lib/calamares/modules/fstab/main.py
#13 187.9 -- Installing: /tmp/calamares/pkg/calamares/usr/lib/calamares/modules/fstab/module.desc
#13 187.9 -- Installing: /tmp/calamares/pkg/calamares/usr/lib/calamares/modules/fstab/test.yaml
#13 187.9 -- Installing: /tmp/calamares/pkg/calamares/usr/lib/calamares/modules/fstab/test2.yaml
#13 187.9 -- Installing: /tmp/calamares/pkg/calamares/usr/share/calamares/modules/fstab.conf
#13 187.9 -- Installing: /tmp/calamares/pkg/calamares/usr/lib/calamares/modules/grubcfg/grubcfg.schema.yaml
#13 187.9 -- Installing: /tmp/calamares/pkg/calamares/usr/lib/calamares/modules/grubcfg/main.py
#13 187.9 -- Installing: /tmp/calamares/pkg/calamares/usr/lib/calamares/modules/grubcfg/module.desc
#13 187.9 -- Installing: /tmp/calamares/pkg/calamares/usr/share/calamares/modules/grubcfg.conf
#13 187.9 -- Installing: /tmp/calamares/pkg/calamares/usr/lib/calamares/modules/hostinfo/libcalamares_job_hostinfo.so
#13 187.9 -- Set non-toolchain portion of runtime path of "/tmp/calamares/pkg/calamares/usr/lib/calamares/modules/hostinfo/libcalamares_job_hostinfo.so" to ""
#13 187.9 -- Installing: /tmp/calamares/pkg/calamares/usr/lib/calamares/modules/hostinfo/module.desc
#13 187.9 -- Installing: /tmp/calamares/pkg/calamares/usr/lib/calamares/modules/hwclock/main.py
#13 187.9 -- Installing: /tmp/calamares/pkg/calamares/usr/lib/calamares/modules/hwclock/module.desc
#13 187.9 -- Installing: /tmp/calamares/pkg/calamares/usr/lib/calamares/modules/initcpio/libcalamares_job_initcpio.so
#13 187.9 -- Set non-toolchain portion of runtime path of "/tmp/calamares/pkg/calamares/usr/lib/calamares/modules/initcpio/libcalamares_job_initcpio.so" to ""
#13 187.9 -- Installing: /tmp/calamares/pkg/calamares/usr/lib/calamares/modules/initcpio/module.desc
#13 187.9 -- Installing: /tmp/calamares/pkg/calamares/usr/share/calamares/modules/initcpio.conf
#13 187.9 -- Installing: /tmp/calamares/pkg/calamares/usr/lib/calamares/modules/initcpiocfg/initcpiocfg.schema.yaml
#13 187.9 -- Installing: /tmp/calamares/pkg/calamares/usr/lib/calamares/modules/initcpiocfg/main.py
#13 187.9 -- Installing: /tmp/calamares/pkg/calamares/usr/lib/calamares/modules/initcpiocfg/module.desc
#13 187.9 -- Installing: /tmp/calamares/pkg/calamares/usr/lib/calamares/modules/initcpiocfg/test.yaml
#13 187.9 -- Installing: /tmp/calamares/pkg/calamares/usr/share/calamares/modules/initcpiocfg.conf
#13 187.9 -- Installing: /tmp/calamares/pkg/calamares/usr/lib/calamares/modules/keyboard/libcalamares_viewmodule_keyboard.so
#13 187.9 -- Set non-toolchain portion of runtime path of "/tmp/calamares/pkg/calamares/usr/lib/calamares/modules/keyboard/libcalamares_viewmodule_keyboard.so" to ""
#13 187.9 -- Installing: /tmp/calamares/pkg/calamares/usr/lib/calamares/modules/keyboard/module.desc
#13 187.9 -- Installing: /tmp/calamares/pkg/calamares/usr/share/calamares/modules/keyboard.conf
#13 187.9 -- Installing: /tmp/calamares/pkg/calamares/usr/lib/calamares/modules/keyboardq/libcalamares_viewmodule_keyboardq.so
#13 187.9 -- Set non-toolchain portion of runtime path of "/tmp/calamares/pkg/calamares/usr/lib/calamares/modules/keyboardq/libcalamares_viewmodule_keyboardq.so" to ""
#13 187.9 -- Installing: /tmp/calamares/pkg/calamares/usr/lib/calamares/modules/keyboardq/module.desc
#13 187.9 -- Installing: /tmp/calamares/pkg/calamares/usr/share/calamares/modules/keyboardq.conf
#13 187.9 -- Installing: /tmp/calamares/pkg/calamares/usr/lib/calamares/modules/license/libcalamares_viewmodule_license.so
#13 187.9 -- Set non-toolchain portion of runtime path of "/tmp/calamares/pkg/calamares/usr/lib/calamares/modules/license/libcalamares_viewmodule_license.so" to ""
#13 187.9 -- Installing: /tmp/calamares/pkg/calamares/usr/lib/calamares/modules/license/module.desc
#13 187.9 -- Installing: /tmp/calamares/pkg/calamares/usr/share/calamares/modules/license.conf
#13 187.9 -- Installing: /tmp/calamares/pkg/calamares/usr/lib/calamares/modules/locale/libcalamares_viewmodule_locale.so
#13 187.9 -- Set non-toolchain portion of runtime path of "/tmp/calamares/pkg/calamares/usr/lib/calamares/modules/locale/libcalamares_viewmodule_locale.so" to ""
#13 187.9 -- Installing: /tmp/calamares/pkg/calamares/usr/lib/calamares/modules/locale/module.desc
#13 187.9 -- Installing: /tmp/calamares/pkg/calamares/usr/share/calamares/modules/locale.conf
#13 187.9 -- Installing: /tmp/calamares/pkg/calamares/usr/lib/calamares/modules/localecfg/main.py
#13 187.9 -- Installing: /tmp/calamares/pkg/calamares/usr/lib/calamares/modules/localecfg/module.desc
#13 187.9 -- Installing: /tmp/calamares/pkg/calamares/usr/lib/calamares/modules/localeq/libcalamares_viewmodule_localeq.so
#13 187.9 -- Set non-toolchain portion of runtime path of "/tmp/calamares/pkg/calamares/usr/lib/calamares/modules/localeq/libcalamares_viewmodule_localeq.so" to ""
#13 187.9 -- Installing: /tmp/calamares/pkg/calamares/usr/lib/calamares/modules/localeq/module.desc
#13 187.9 -- Installing: /tmp/calamares/pkg/calamares/usr/share/calamares/modules/localeq.conf
#13 187.9 -- Installing: /tmp/calamares/pkg/calamares/usr/lib/calamares/modules/luksbootkeyfile/libcalamares_job_luksbootkeyfile.so
#13 187.9 -- Set non-toolchain portion of runtime path of "/tmp/calamares/pkg/calamares/usr/lib/calamares/modules/luksbootkeyfile/libcalamares_job_luksbootkeyfile.so" to ""
#13 187.9 -- Installing: /tmp/calamares/pkg/calamares/usr/lib/calamares/modules/luksbootkeyfile/module.desc
#13 187.9 -- Installing: /tmp/calamares/pkg/calamares/usr/share/calamares/modules/luksbootkeyfile.conf
#13 187.9 -- Installing: /tmp/calamares/pkg/calamares/usr/lib/calamares/modules/luksopenswaphookcfg/libcalamares_job_luksopenswaphookcfg.so
#13 187.9 -- Set non-toolchain portion of runtime path of "/tmp/calamares/pkg/calamares/usr/lib/calamares/modules/luksopenswaphookcfg/libcalamares_job_luksopenswaphookcfg.so" to ""
#13 187.9 -- Installing: /tmp/calamares/pkg/calamares/usr/lib/calamares/modules/luksopenswaphookcfg/module.desc
#13 187.9 -- Installing: /tmp/calamares/pkg/calamares/usr/share/calamares/modules/luksopenswaphookcfg.conf
#13 187.9 -- Installing: /tmp/calamares/pkg/calamares/usr/lib/calamares/modules/machineid/libcalamares_job_machineid.so
#13 187.9 -- Set non-toolchain portion of runtime path of "/tmp/calamares/pkg/calamares/usr/lib/calamares/modules/machineid/libcalamares_job_machineid.so" to ""
#13 187.9 -- Installing: /tmp/calamares/pkg/calamares/usr/lib/calamares/modules/machineid/module.desc
#13 187.9 -- Installing: /tmp/calamares/pkg/calamares/usr/share/calamares/modules/machineid.conf
#13 187.9 -- Installing: /tmp/calamares/pkg/calamares/usr/lib/calamares/modules/mkinitfs/main.py
#13 187.9 -- Installing: /tmp/calamares/pkg/calamares/usr/lib/calamares/modules/mkinitfs/module.desc
#13 187.9 -- Installing: /tmp/calamares/pkg/calamares/usr/lib/calamares/modules/mount/main.py
#13 187.9 -- Installing: /tmp/calamares/pkg/calamares/usr/lib/calamares/modules/mount/module.desc
#13 187.9 -- Installing: /tmp/calamares/pkg/calamares/usr/lib/calamares/modules/mount/mount.schema.yaml
#13 187.9 -- Installing: /tmp/calamares/pkg/calamares/usr/share/calamares/modules/mount.conf
#13 187.9 -- Installing: /tmp/calamares/pkg/calamares/usr/lib/calamares/modules/netinstall/libcalamares_viewmodule_netinstall.so
#13 187.9 -- Set non-toolchain portion of runtime path of "/tmp/calamares/pkg/calamares/usr/lib/calamares/modules/netinstall/libcalamares_viewmodule_netinstall.so" to ""
#13 187.9 -- Installing: /tmp/calamares/pkg/calamares/usr/lib/calamares/modules/netinstall/module.desc
#13 187.9 -- Installing: /tmp/calamares/pkg/calamares/usr/share/calamares/modules/netinstall.conf
#13 187.9 -- Installing: /tmp/calamares/pkg/calamares/usr/lib/calamares/modules/networkcfg/main.py
#13 187.9 -- Installing: /tmp/calamares/pkg/calamares/usr/lib/calamares/modules/networkcfg/module.desc
#13 187.9 -- Installing: /tmp/calamares/pkg/calamares/usr/lib/calamares/modules/notesqml/libcalamares_viewmodule_notesqml.so
#13 187.9 -- Set non-toolchain portion of runtime path of "/tmp/calamares/pkg/calamares/usr/lib/calamares/modules/notesqml/libcalamares_viewmodule_notesqml.so" to ""
#13 187.9 -- Installing: /tmp/calamares/pkg/calamares/usr/lib/calamares/modules/notesqml/module.desc
#13 187.9 -- Installing: /tmp/calamares/pkg/calamares/usr/share/calamares/modules/notesqml.conf
#13 187.9 -- Installing: /tmp/calamares/pkg/calamares/usr/lib/calamares/modules/oemid/libcalamares_viewmodule_oemid.so
#13 187.9 -- Set non-toolchain portion of runtime path of "/tmp/calamares/pkg/calamares/usr/lib/calamares/modules/oemid/libcalamares_viewmodule_oemid.so" to ""
#13 187.9 -- Installing: /tmp/calamares/pkg/calamares/usr/lib/calamares/modules/oemid/module.desc
#13 187.9 -- Installing: /tmp/calamares/pkg/calamares/usr/share/calamares/modules/oemid.conf
#13 187.9 -- Installing: /tmp/calamares/pkg/calamares/usr/lib/calamares/modules/openrcdmcryptcfg/main.py
#13 187.9 -- Installing: /tmp/calamares/pkg/calamares/usr/lib/calamares/modules/openrcdmcryptcfg/module.desc
#13 187.9 -- Installing: /tmp/calamares/pkg/calamares/usr/share/calamares/modules/openrcdmcryptcfg.conf
#13 187.9 -- Installing: /tmp/calamares/pkg/calamares/usr/lib/calamares/modules/packages/main.py
#13 187.9 -- Installing: /tmp/calamares/pkg/calamares/usr/lib/calamares/modules/packages/module.desc
#13 187.9 -- Installing: /tmp/calamares/pkg/calamares/usr/lib/calamares/modules/packages/packages.schema.yaml
#13 187.9 -- Installing: /tmp/calamares/pkg/calamares/usr/share/calamares/modules/packages.conf
#13 187.9 -- Installing: /tmp/calamares/pkg/calamares/usr/lib/calamares/modules/partition/libcalamares_viewmodule_partition.so
#13 187.9 -- Set non-toolchain portion of runtime path of "/tmp/calamares/pkg/calamares/usr/lib/calamares/modules/partition/libcalamares_viewmodule_partition.so" to ""
#13 187.9 -- Installing: /tmp/calamares/pkg/calamares/usr/lib/calamares/modules/partition/module.desc
#13 187.9 -- Installing: /tmp/calamares/pkg/calamares/usr/share/calamares/modules/partition.conf
#13 187.9 -- Installing: /tmp/calamares/pkg/calamares/usr/lib/calamares/modules/plasmalnf/libcalamares_viewmodule_plasmalnf.so
#13 187.9 -- Set non-toolchain portion of runtime path of "/tmp/calamares/pkg/calamares/usr/lib/calamares/modules/plasmalnf/libcalamares_viewmodule_plasmalnf.so" to ""
#13 187.9 -- Installing: /tmp/calamares/pkg/calamares/usr/lib/calamares/modules/plasmalnf/module.desc
#13 187.9 -- Installing: /tmp/calamares/pkg/calamares/usr/share/calamares/modules/plasmalnf.conf
#13 187.9 -- Installing: /tmp/calamares/pkg/calamares/usr/lib/calamares/modules/plymouthcfg/main.py
#13 187.9 -- Installing: /tmp/calamares/pkg/calamares/usr/lib/calamares/modules/plymouthcfg/module.desc
#13 187.9 -- Installing: /tmp/calamares/pkg/calamares/usr/lib/calamares/modules/plymouthcfg/plymouthcfg.schema.yaml
#13 187.9 -- Installing: /tmp/calamares/pkg/calamares/usr/share/calamares/modules/plymouthcfg.conf
#13 187.9 -- Installing: /tmp/calamares/pkg/calamares/usr/lib/calamares/modules/preservefiles/libcalamares_job_preservefiles.so
#13 187.9 -- Set non-toolchain portion of runtime path of "/tmp/calamares/pkg/calamares/usr/lib/calamares/modules/preservefiles/libcalamares_job_preservefiles.so" to ""
#13 187.9 -- Installing: /tmp/calamares/pkg/calamares/usr/lib/calamares/modules/preservefiles/module.desc
#13 187.9 -- Installing: /tmp/calamares/pkg/calamares/usr/share/calamares/modules/preservefiles.conf
#13 187.9 -- Installing: /tmp/calamares/pkg/calamares/usr/lib/calamares/modules/rawfs/main.py
#13 187.9 -- Installing: /tmp/calamares/pkg/calamares/usr/lib/calamares/modules/rawfs/module.desc
#13 187.9 -- Installing: /tmp/calamares/pkg/calamares/usr/share/calamares/modules/rawfs.conf
#13 187.9 -- Installing: /tmp/calamares/pkg/calamares/usr/lib/calamares/modules/removeuser/libcalamares_job_removeuser.so
#13 187.9 -- Set non-toolchain portion of runtime path of "/tmp/calamares/pkg/calamares/usr/lib/calamares/modules/removeuser/libcalamares_job_removeuser.so" to ""
#13 187.9 -- Installing: /tmp/calamares/pkg/calamares/usr/lib/calamares/modules/removeuser/module.desc
#13 187.9 -- Installing: /tmp/calamares/pkg/calamares/usr/share/calamares/modules/removeuser.conf
#13 187.9 -- Installing: /tmp/calamares/pkg/calamares/usr/lib/calamares/modules/services-systemd/main.py
#13 187.9 -- Installing: /tmp/calamares/pkg/calamares/usr/lib/calamares/modules/services-systemd/module.desc
#13 187.9 -- Installing: /tmp/calamares/pkg/calamares/usr/lib/calamares/modules/services-systemd/services-systemd.schema.yaml
#13 187.9 -- Installing: /tmp/calamares/pkg/calamares/usr/share/calamares/modules/services-systemd.conf
#13 187.9 -- Installing: /tmp/calamares/pkg/calamares/usr/lib/calamares/modules/shellprocess/libcalamares_job_shellprocess.so
#13 187.9 -- Set non-toolchain portion of runtime path of "/tmp/calamares/pkg/calamares/usr/lib/calamares/modules/shellprocess/libcalamares_job_shellprocess.so" to ""
#13 187.9 -- Installing: /tmp/calamares/pkg/calamares/usr/lib/calamares/modules/shellprocess/module.desc
#13 187.9 -- Installing: /tmp/calamares/pkg/calamares/usr/share/calamares/modules/shellprocess.conf
#13 187.9 -- Installing: /tmp/calamares/pkg/calamares/usr/lib/calamares/modules/summary/libcalamares_viewmodule_summary.so
#13 187.9 -- Set non-toolchain portion of runtime path of "/tmp/calamares/pkg/calamares/usr/lib/calamares/modules/summary/libcalamares_viewmodule_summary.so" to ""
#13 187.9 -- Installing: /tmp/calamares/pkg/calamares/usr/lib/calamares/modules/summary/module.desc
#13 187.9 -- Installing: /tmp/calamares/pkg/calamares/usr/lib/calamares/modules/summaryq/libcalamares_viewmodule_summaryq.so
#13 187.9 -- Set non-toolchain portion of runtime path of "/tmp/calamares/pkg/calamares/usr/lib/calamares/modules/summaryq/libcalamares_viewmodule_summaryq.so" to ""
#13 187.9 -- Installing: /tmp/calamares/pkg/calamares/usr/lib/calamares/modules/summaryq/module.desc
#13 187.9 -- Installing: /tmp/calamares/pkg/calamares/usr/lib/calamares/modules/tracking/libcalamares_viewmodule_tracking.so
#13 187.9 -- Set non-toolchain portion of runtime path of "/tmp/calamares/pkg/calamares/usr/lib/calamares/modules/tracking/libcalamares_viewmodule_tracking.so" to ""
#13 187.9 -- Installing: /tmp/calamares/pkg/calamares/usr/lib/calamares/modules/tracking/module.desc
#13 187.9 -- Installing: /tmp/calamares/pkg/calamares/usr/share/calamares/modules/tracking.conf
#13 187.9 -- Installing: /tmp/calamares/pkg/calamares/usr/lib/calamares/modules/umount/libcalamares_job_umount.so
#13 187.9 -- Set non-toolchain portion of runtime path of "/tmp/calamares/pkg/calamares/usr/lib/calamares/modules/umount/libcalamares_job_umount.so" to ""
#13 187.9 -- Installing: /tmp/calamares/pkg/calamares/usr/lib/calamares/modules/umount/module.desc
#13 187.9 -- Installing: /tmp/calamares/pkg/calamares/usr/share/calamares/modules/umount.conf
#13 187.9 -- Installing: /tmp/calamares/pkg/calamares/usr/lib/calamares/modules/unpackfs/main.py
#13 187.9 -- Installing: /tmp/calamares/pkg/calamares/usr/lib/calamares/modules/unpackfs/module.desc
#13 187.9 -- Installing: /tmp/calamares/pkg/calamares/usr/lib/calamares/modules/unpackfs/runtests.sh
#13 187.9 -- Installing: /tmp/calamares/pkg/calamares/usr/lib/calamares/modules/unpackfs/unpackfs.schema.yaml
#13 187.9 -- Installing: /tmp/calamares/pkg/calamares/usr/share/calamares/modules/unpackfs.conf
#13 187.9 -- Installing: /tmp/calamares/pkg/calamares/usr/lib/calamares/modules/unpackfsc/libcalamares_job_unpackfsc.so
#13 187.9 -- Set non-toolchain portion of runtime path of "/tmp/calamares/pkg/calamares/usr/lib/calamares/modules/unpackfsc/libcalamares_job_unpackfsc.so" to ""
#13 187.9 -- Installing: /tmp/calamares/pkg/calamares/usr/lib/calamares/modules/unpackfsc/module.desc
#13 187.9 -- Installing: /tmp/calamares/pkg/calamares/usr/share/calamares/modules/unpackfsc.conf
#13 187.9 -- Installing: /tmp/calamares/pkg/calamares/usr/lib/calamares/modules/users/libcalamares_viewmodule_users.so
#13 187.9 -- Set non-toolchain portion of runtime path of "/tmp/calamares/pkg/calamares/usr/lib/calamares/modules/users/libcalamares_viewmodule_users.so" to ""
#13 187.9 -- Installing: /tmp/calamares/pkg/calamares/usr/lib/calamares/modules/users/module.desc
#13 187.9 -- Installing: /tmp/calamares/pkg/calamares/usr/share/calamares/modules/users.conf
#13 187.9 -- Installing: /tmp/calamares/pkg/calamares/usr/lib/calamares/modules/usersq/libcalamares_viewmodule_usersq.so
#13 187.9 -- Set non-toolchain portion of runtime path of "/tmp/calamares/pkg/calamares/usr/lib/calamares/modules/usersq/libcalamares_viewmodule_usersq.so" to ""
#13 187.9 -- Installing: /tmp/calamares/pkg/calamares/usr/lib/calamares/modules/usersq/module.desc
#13 187.9 -- Installing: /tmp/calamares/pkg/calamares/usr/share/calamares/modules/usersq.conf
#13 187.9 -- Installing: /tmp/calamares/pkg/calamares/usr/lib/calamares/modules/welcome/libcalamares_viewmodule_welcome.so
#13 187.9 -- Set non-toolchain portion of runtime path of "/tmp/calamares/pkg/calamares/usr/lib/calamares/modules/welcome/libcalamares_viewmodule_welcome.so" to ""
#13 187.9 -- Installing: /tmp/calamares/pkg/calamares/usr/lib/calamares/modules/welcome/module.desc
#13 187.9 -- Installing: /tmp/calamares/pkg/calamares/usr/share/calamares/modules/welcome.conf
#13 187.9 -- Installing: /tmp/calamares/pkg/calamares/usr/lib/calamares/modules/welcomeq/libcalamares_viewmodule_welcomeq.so
#13 188.0 -- Set non-toolchain portion of runtime path of "/tmp/calamares/pkg/calamares/usr/lib/calamares/modules/welcomeq/libcalamares_viewmodule_welcomeq.so" to ""
#13 188.0 -- Installing: /tmp/calamares/pkg/calamares/usr/lib/calamares/modules/welcomeq/module.desc
#13 188.0 -- Installing: /tmp/calamares/pkg/calamares/usr/share/calamares/modules/welcomeq.conf
#13 188.0 -- Installing: /tmp/calamares/pkg/calamares/usr/lib/calamares/modules/zfs/libcalamares_job_zfs.so
#13 188.0 -- Set non-toolchain portion of runtime path of "/tmp/calamares/pkg/calamares/usr/lib/calamares/modules/zfs/libcalamares_job_zfs.so" to ""
#13 188.0 -- Installing: /tmp/calamares/pkg/calamares/usr/lib/calamares/modules/zfs/module.desc
#13 188.0 -- Installing: /tmp/calamares/pkg/calamares/usr/share/calamares/modules/zfs.conf
#13 188.0 -- Installing: /tmp/calamares/pkg/calamares/usr/lib/calamares/modules/zfshostid/main.py
#13 188.0 -- Installing: /tmp/calamares/pkg/calamares/usr/lib/calamares/modules/zfshostid/module.desc
#13 188.0 -- Installing: /tmp/calamares/pkg/calamares/usr/lib/calamares/modules/zfshostid/zfshostid.schema.yaml
#13 188.0 -- Installing: /tmp/calamares/pkg/calamares/usr/share/calamares/branding/default/banner.png
#13 188.0 -- Installing: /tmp/calamares/pkg/calamares/usr/share/calamares/branding/default/banner.png.license
#13 188.0 -- Installing: /tmp/calamares/pkg/calamares/usr/share/calamares/branding/default/branding.desc
#13 188.0 -- Installing: /tmp/calamares/pkg/calamares/usr/share/calamares/branding/default/languages.png
#13 188.0 -- Installing: /tmp/calamares/pkg/calamares/usr/share/calamares/branding/default/languages.png.license
#13 188.0 -- Installing: /tmp/calamares/pkg/calamares/usr/share/calamares/branding/default/show.qml
#13 188.0 -- Installing: /tmp/calamares/pkg/calamares/usr/share/calamares/branding/default/squid.png
#13 188.0 -- Installing: /tmp/calamares/pkg/calamares/usr/share/calamares/branding/default/squid.png.license
#13 188.0 -- Installing: /tmp/calamares/pkg/calamares/usr/share/calamares/branding/default/stylesheet.qss
#13 188.0 -- Installing: /tmp/calamares/pkg/calamares/usr/share/calamares/branding/default/lang/calamares-default_ar.qm
#13 188.0 -- Installing: /tmp/calamares/pkg/calamares/usr/share/calamares/branding/default/lang/calamares-default_en.qm
#13 188.0 -- Installing: /tmp/calamares/pkg/calamares/usr/share/calamares/branding/default/lang/calamares-default_eo.qm
#13 188.0 -- Installing: /tmp/calamares/pkg/calamares/usr/share/calamares/branding/default/lang/calamares-default_fr.qm
#13 188.0 -- Installing: /tmp/calamares/pkg/calamares/usr/share/calamares/branding/default/lang/calamares-default_nl.qm
#13 188.0 -- Installing: /tmp/calamares/pkg/calamares/usr/lib/cmake/Calamares/CalamaresTargets.cmake
#13 188.0 -- Installing: /tmp/calamares/pkg/calamares/usr/lib/cmake/Calamares/CalamaresTargets-release.cmake
#13 188.0 -- Installing: /tmp/calamares/pkg/calamares/usr/lib/cmake/Calamares/CalamaresConfig.cmake
#13 188.0 -- Installing: /tmp/calamares/pkg/calamares/usr/lib/cmake/Calamares/CalamaresConfigVersion.cmake
#13 188.0 -- Installing: /tmp/calamares/pkg/calamares/usr/lib/cmake/Calamares/CalamaresAddBrandingSubdirectory.cmake
#13 188.0 -- Installing: /tmp/calamares/pkg/calamares/usr/lib/cmake/Calamares/CalamaresAddLibrary.cmake
#13 188.0 -- Installing: /tmp/calamares/pkg/calamares/usr/lib/cmake/Calamares/CalamaresAddModuleSubdirectory.cmake
#13 188.0 -- Installing: /tmp/calamares/pkg/calamares/usr/lib/cmake/Calamares/CalamaresAddPlugin.cmake
#13 188.0 -- Installing: /tmp/calamares/pkg/calamares/usr/lib/cmake/Calamares/CalamaresAddTest.cmake
#13 188.0 -- Installing: /tmp/calamares/pkg/calamares/usr/lib/cmake/Calamares/CalamaresAddTranslations.cmake
#13 188.0 -- Installing: /tmp/calamares/pkg/calamares/usr/lib/cmake/Calamares/CalamaresAutomoc.cmake
#13 188.0 -- Installing: /tmp/calamares/pkg/calamares/usr/lib/cmake/Calamares/CalamaresCheckModuleSelection.cmake
#13 188.0 -- Installing: /tmp/calamares/pkg/calamares/usr/lib/cmake/Calamares/CMakeColors.cmake
#13 188.0 -- Installing: /tmp/calamares/pkg/calamares/usr/lib/cmake/Calamares/FindYAMLCPP.cmake
#13 188.0 -- Installing: /tmp/calamares/pkg/calamares/usr/share/polkit-1/actions/io.calamares.calamares.policy
#13 188.0 -- Installing: /tmp/calamares/pkg/calamares/usr/share/applications/calamares.desktop
#13 188.0 -- Installing: /tmp/calamares/pkg/calamares/usr/share/man/man8/calamares.8
#13 188.0 -- Installing: /tmp/calamares/pkg/calamares/usr/share/calamares/settings.conf
#13 188.0 ==> Tidying install...
#13 188.0   -> Removing libtool files...
#13 188.0   -> Removing static library files...
#13 188.0   -> Purging unwanted files...
#13 188.0   -> Stripping unneeded symbols from binaries and libraries...
#13 203.6   -> Compressing man and info pages...
#13 203.6 ==> Checking for packaging issues...
#13 203.7 ==> Creating package "calamares"...
#13 203.7   -> Generating .PKGINFO file...
#13 203.7   -> Generating .BUILDINFO file...
#13 203.9   -> Generating .MTREE file...
#13 203.9   -> Compressing package...
#13 204.0 ==> Creating package "calamares-debug"...
#13 204.0   -> Generating .PKGINFO file...
#13 204.1   -> Generating .BUILDINFO file...
#13 204.2   -> Generating .MTREE file...
#13 204.4   -> Compressing package...
#13 204.6 ==> Leaving fakeroot environment.
#13 204.6 ==> Finished making: calamares 3.4.2-2 (Wed Sep 23 20:59:10 2026)
#13 204.7 loading packages...
#13 204.7 resolving dependencies...
#13 204.7 looking for conflicting packages...
#13 204.7 
#13 204.7 Package (2)      New Version  Net Change
#13 204.7 
#13 204.7 calamares        3.4.2-2        9.77 MiB
#13 204.7 calamares-debug  3.4.2-2      173.98 MiB
#13 204.7 
#13 204.7 Total Installed Size:  183.74 MiB
#13 204.7 
#13 204.7 :: Proceed with installation? [Y/n] 
#13 204.7 checking keyring...
#13 204.7 checking package integrity...
#13 204.7 loading package files...
#13 204.7 checking for file conflicts...
#13 204.7 :: Processing package changes...
#13 204.7 installing calamares...
#13 204.7 installing calamares-debug...
#13 205.2 :: Running post-transaction hooks...
#13 205.2 (1/3) Arming ConditionNeedsUpdate...
#13 205.2 (2/3) Updating icon theme caches...
#13 205.2 (3/3) Updating the desktop file MIME type cache...
#13 DONE 205.6s

#14 [10/60] RUN echo "LANG=en_US.UTF-8" > /etc/locale.conf &&     sed -i 's/^#en_US.UTF-8 UTF-8/en_US.UTF-8 UTF-8/' /etc/locale.gen &&     locale-gen
#14 0.167 Generating locales...
#14 0.170   en_US.UTF-8... done
#14 0.924 Generation complete.
#14 DONE 0.9s

#15 [11/60] RUN ln -sf /usr/share/zoneinfo/UTC /etc/localtime &&     echo "KEYMAP=us" > /etc/vconsole.conf
#15 DONE 0.1s

#16 [12/60] RUN cat << 'DISP' > /usr/local/bin/abzos-display-setup
#16 DONE 0.2s

#17 [13/60] RUN chmod +x /usr/local/bin/abzos-display-setup
#17 DONE 0.2s

#18 [14/60] RUN mkdir -p /etc/xdg/autostart &&     cat << 'AUTO' > /etc/xdg/autostart/abzos-display.desktop
#18 DONE 0.2s

#19 [15/60] RUN (id -u abzos >/dev/null 2>&1 || useradd -m -s /bin/bash -u 1000 -U abzos) &&     echo "abzos:abzos" | chpasswd &&     echo "root:toor" | chpasswd &&     usermod -aG wheel,audio,video,storage,optical,network,power abzos &&     mkdir -p /etc/sudoers.d &&     echo "abzos ALL=(ALL) NOPASSWD:ALL" > /etc/sudoers.d/abzos &&     chmod 0440 /etc/sudoers.d/abzos
#19 DONE 0.3s

#20 [16/60] RUN mkdir -p /etc/systemd/system/serial-getty@ttyS0.service.d &&     cat << 'AUTOLOGIN' > /etc/systemd/system/serial-getty@ttyS0.service.d/autologin.conf
#20 DONE 0.2s

#21 [17/60] RUN echo "abzos" > /etc/hostname
#21 DONE 0.2s

#22 [18/60] RUN cat << 'OSREL' > /etc/os-release
#22 DONE 0.2s

#23 [19/60] RUN cat << 'ISSUE' > /etc/issue
#23 DONE 0.2s

#24 [20/60] RUN cp /etc/issue /etc/issue.net
#24 DONE 0.2s

#25 [21/60] RUN mkdir -p /usr/share/backgrounds/abzos /usr/share/pixmaps /usr/share/icons
#25 DONE 0.2s

#26 [22/60] COPY scripts/wallpaper-t1.jpg /usr/share/backgrounds/abzos/wallpaper-t1.jpg
#26 DONE 0.0s

#27 [23/60] COPY scripts/wallpaper-t1.png /usr/share/backgrounds/abzos/wallpaper-t1.png
#27 DONE 0.0s

#28 [24/60] COPY scripts/abzos-logo.png /usr/share/pixmaps/abzos-logo.png
#28 DONE 0.0s

#29 [25/60] RUN chmod -R a+rX /usr/share/backgrounds/abzos /usr/share/pixmaps
#29 DONE 0.2s

#30 [26/60] RUN find /usr/share/backgrounds/deepin /usr/share/wallpapers/deepin -maxdepth 1 -type f ( -iname '*.jpg' -o -iname '*.jpeg' ) 2>/dev/null         -exec cp /usr/share/backgrounds/abzos/wallpaper-t1.jpg {} ; ;     find /usr/share/backgrounds/deepin /usr/share/wallpapers/deepin -maxdepth 1 -type f -iname '*.png' 2>/dev/null         -exec cp /usr/share/backgrounds/abzos/wallpaper-t1.png {} ; ;     true
#30 DONE 0.2s

#31 [27/60] COPY scripts/abzos-logo-*.png /usr/share/icons/
#31 DONE 0.0s

#32 [28/60] RUN for sz in 16 24 32 48 64 128 256 512; do         if [ -f "/usr/share/icons/abzos-logo-$sz.png" ]; then             mkdir -p /usr/share/icons/hicolor/${sz}x${sz}/apps;             mv "/usr/share/icons/abzos-logo-$sz.png" /usr/share/icons/hicolor/${sz}x${sz}/apps/abzos-logo.png;         fi;     done &&     mkdir -p /usr/share/icons/hicolor/scalable/apps &&     cp /usr/share/pixmaps/abzos-logo.png /usr/share/icons/hicolor/scalable/apps/abzos-logo.png 2>/dev/null || true &&     chmod -R a+rX /usr/share/icons/hicolor &&     (which gtk-update-icon-cache >/dev/null 2>&1 && gtk-update-icon-cache -f -t /usr/share/icons/hicolor || true)
#32 0.458 gtk-update-icon-cache: Cache file created successfully.
#32 DONE 0.5s

#33 [29/60] COPY scripts/assets/calamares/branding/abzos /etc/calamares/branding/abzos
#33 DONE 0.0s

#34 [30/60] COPY scripts/assets/calamares/modules/ /etc/calamares/modules/
#34 DONE 0.0s

#35 [31/60] COPY scripts/assets/calamares/settings.conf /etc/calamares/settings.conf
#35 DONE 0.0s

#36 [32/60] COPY scripts/assets/calamares/abzos-calamares /usr/local/bin/abzos-calamares
#36 DONE 0.0s

#37 [33/60] COPY scripts/assets/calamares/abzos-installer.desktop /usr/share/applications/abzos-installer.desktop
#37 DONE 0.1s

#38 [34/60] RUN chmod +x /usr/local/bin/abzos-calamares /usr/share/applications/abzos-installer.desktop &&     chmod -R a+rX /etc/calamares &&     mkdir -p /etc/skel/Desktop &&     cp /usr/share/applications/abzos-installer.desktop /etc/skel/Desktop/ &&     chmod +x /etc/skel/Desktop/abzos-installer.desktop
#38 DONE 0.2s

#39 [35/60] RUN cat << 'DDMCONF' > /etc/ddm.conf
#39 DONE 0.2s

#40 [36/60] RUN mkdir -p /etc/skel/.config &&     cat << 'KWINRC' > /etc/skel/.config/kwinrc
#40 DONE 0.2s

#41 [37/60] RUN cp /etc/skel/.config/kwinrc /root/.config/kwinrc 2>/dev/null || (mkdir -p /root/.config && cp /etc/skel/.config/kwinrc /root/.config/kwinrc)
#41 DONE 0.2s

#42 [38/60] RUN cat << 'THEMESH' > /usr/local/bin/abzos-apply-dark-theme
#42 DONE 0.2s

#43 [39/60] RUN chmod +x /usr/local/bin/abzos-apply-dark-theme
#43 DONE 0.2s

#44 [40/60] RUN mkdir -p /etc/systemd/user/default.target.wants &&     cat << 'UNIT' > /etc/systemd/user/abzos-dark-theme.service
#44 DONE 0.2s

#45 [41/60] RUN ln -sf /etc/systemd/user/abzos-dark-theme.service /etc/systemd/user/default.target.wants/abzos-dark-theme.service
#45 DONE 0.2s

#46 [42/60] RUN cat << 'FETCH' > /usr/local/bin/abzos-fetch
#46 DONE 0.1s

#47 [43/60] RUN chmod +x /usr/local/bin/abzos-fetch
#47 DONE 0.2s

#48 [44/60] RUN cat << 'BASHRC' >> /etc/skel/.bashrc
#48 DONE 0.2s

#49 [45/60] RUN cp -f /etc/skel/.bashrc /root/.bashrc
#49 DONE 0.2s

#50 [46/60] RUN mkdir -p /usr/share/applications
#50 DONE 0.2s

#51 [47/60] RUN cat << 'APPDT' > /usr/share/applications/abzos-nmap.desktop
#51 DONE 0.2s

#52 [48/60] RUN cat << 'APPDT' > /usr/share/applications/abzos-sqlmap.desktop
#52 DONE 0.2s

#53 [49/60] RUN cat << 'APPDT' > /usr/share/applications/abzos-john.desktop
#53 DONE 0.2s

#54 [50/60] RUN cat << 'APPDT' > /usr/share/applications/abzos-hydra.desktop
#54 DONE 0.2s

#55 [51/60] RUN cat << 'APPDT' > /usr/share/applications/abzos-aircrack.desktop
#55 DONE 0.2s

#56 [52/60] RUN cat << 'APPDT' > /usr/share/applications/abzos-binwalk.desktop
#56 DONE 0.2s

#57 [53/60] RUN cat << 'APPDT' > /usr/share/applications/abzos-wireshark.desktop
#57 DONE 0.2s

#58 [54/60] RUN mkdir -p /etc/mkinitcpio.conf.d &&     cat << 'ARCHISOCONF' > /etc/mkinitcpio.conf.d/archiso.conf
#58 DONE 0.2s

#59 [55/60] RUN KVER=$(ls /usr/lib/modules | head -n1) &&     mkinitcpio -c /etc/mkinitcpio.conf.d/archiso.conf -k "${KVER}" -g /boot/initramfs-linux.img
#59 0.208 ==> Starting build: '7.2.6-arch2-1'
#59 0.238   -> Running build hook: [base]
#59 0.810   -> Running build hook: [udev]
#59 1.078   -> Running build hook: [microcode]
#59 1.170   -> Running build hook: [modconf]
#59 1.192   -> Running build hook: [kms]
#59 7.372 ==> WARNING: Possibly missing firmware for module: 'ast'
#59 17.08   -> Running build hook: [memdisk]
#59 17.15   -> Running build hook: [archiso]
#59 17.34 ==> WARNING: pv not found; falling back to cp for copy to RAM
#59 17.44   -> Running build hook: [archiso_loop_mnt]
#59 17.45   -> Running build hook: [block]
#59 18.26 ==> WARNING: Possibly missing firmware for module: 'wd719x'
#59 18.27 ==> WARNING: Possibly missing firmware for module: 'aic94xx'
#59 18.36 ==> WARNING: Possibly missing firmware for module: 'qla1280'
#59 18.44 ==> WARNING: Possibly missing firmware for module: 'qla2xxx'
#59 18.45 ==> WARNING: Possibly missing firmware for module: 'bfa'
#59 18.47 ==> WARNING: Possibly missing firmware for module: 'qed'
#59 19.21 ==> WARNING: Possibly missing firmware for module: 'xhci_pci_renesas'
#59 21.86   -> Running build hook: [filesystems]
#59 22.91   -> Running build hook: [keyboard]
#59 26.83 ==> Generating module dependencies
#59 27.11 ==> Creating xz-compressed initcpio image: '/boot/initramfs-linux.img'
#59 28.74   -> Early uncompressed CPIO image generation successful
#59 44.76 ==> Initcpio image generation successful
#59 DONE 45.1s

#60 [56/60] RUN cp -a /etc/skel/. /home/abzos/ && chown -R abzos:abzos /home/abzos
#60 DONE 0.2s

#61 [57/60] RUN ln -sf /usr/lib/systemd/system/graphical.target /etc/systemd/system/default.target &&     ln -sf /usr/lib/systemd/system/ddm.service /etc/systemd/system/display-manager.service
#61 DONE 0.2s

#62 [58/60] RUN systemctl enable NetworkManager.service 2>/dev/null || true
#62 DONE 0.2s

#63 [59/60] RUN systemctl enable bluetooth.service 2>/dev/null || true
#63 DONE 0.2s

#64 [60/60] RUN chmod 1777 /tmp /var/tmp &&     chmod 0640 /etc/shadow &&     chmod 4755 /usr/bin/sudo /bin/su
#64 DONE 0.2s

#65 exporting to image
#65 exporting layers
#65 exporting layers 28.3s done
#65 exporting manifest sha256:4903da9c5d6823667067e434ff7d1c2299c8abb3f8850c0483d236605272ed1b 0.0s done
#65 exporting config sha256:d9599d6b0d291dd7641cabf851548476a4b992fc4ffe590a41e8fd4947af06a5 0.0s done
#65 exporting attestation manifest sha256:bb10e442cd144230348359cb97faa2ba8a2337b3e91219a34b7c8824dd726742 0.0s done
#65 exporting manifest list sha256:a36615c5334f40ad3d1962a303c51d8e52902fea9319ac73a1e41d17eef8c985 done
#65 naming to docker.io/library/abzos:1.0 done
#65 unpacking to docker.io/library/abzos:1.0
#65 unpacking to docker.io/library/abzos:1.0 5.8s done
#65 DONE 34.2s
=== [2/5] Preparing image directories ===
=== [3/5] Extracting kernel and initramfs ===
Kernel: vmlinuz-linux
Initramfs: initramfs-linux.img
=== [4/5] Building squashfs from the container export ===
Preserving UIDs/GIDs/SUID, stripping container artifacts (.dockerenv), and configuring hostname...
Parallel mksquashfs: Using 12 processors
Creating 4.0 filesystem on /home/abz/abzos/image/arch/x86_64/airootfs.sfs, block size 1048576.
[/                                                               ]   0/210   0%Unrecognised keyword "hdrcharset" in pax header, ignoring
Unrecognised keyword "hdrcharset" in pax header, ignoring
Unrecognised keyword "hdrcharset" in pax header, ignoring


[=============================================================-] 6149/6149 100%[===========================================================\] 20826/20826 100%[===========================================================|] 28800/28800 100%[===========================================================/] 30193/30193 100%[==========================================================- ] 35000/35001  99%[===========================================================\] 44228/44228 100%[===========================================================-] 44560/44560 100%[==========================================================| ] 45200/45201  99%[=========================================================\  ] 45900/46780  98%[=========================================================/  ] 52700/53661  98%[=========================================================\  ] 53600/54596  98%[===========================================================|] 56007/56007 100%[===========================================================/] 56022/56022 100%[==========================================================\ ] 70600/70786  99%[===========================================================\] 71337/71337 100%[==========================================================/ ] 83400/83726  99%[==========================================================| ] 85200/85201  99%[===========================================================/] 97623/97623 100%[===========================================================-] 99558/99558 100%[=========================================================-] 118015/118015 100%[=========================================================/] 126308/126308 100%[=========================================================-] 134137/134137 100%[=========================================================\] 135207/135207 100%[=========================================================|] 136669/136669 100%[=========================================================-] 139398/139398 100%[=========================================================\] 141251/141251 100%[=========================================================/] 156415/156415 100%[=========================================================\] 158277/158277 100%[=========================================================|] 158778/158778 100%[=========================================================-] 159247/159247 100%[=========================================================|] 161296/161296 100%[=========================================================\] 163877/163877 100%[========================================================- ] 165800/166142  99%[========================================================/ ] 166100/166765  99%[========================================================- ] 166600/167558  99%[========================================================\ ] 166700/167655  99%[=========================================================\] 181868/181868 100%

Exportable Squashfs 4.0 filesystem, zstd compressed, data block size 1048576
	compressed data, compressed metadata, compressed fragments,
	compressed xattrs, compressed ids
	duplicates are removed
Filesystem size 6110778.58 Kbytes (5967.56 Mbytes)
	58.26% of uncompressed filesystem size (10488302.25 Kbytes)
Inode table size 1996366 bytes (1949.58 Kbytes)
	22.19% of uncompressed inode table size (8996444 bytes)
Directory table size 2516061 bytes (2457.09 Kbytes)
	35.51% of uncompressed directory table size (7085850 bytes)
Xattr table size 77 bytes (0.08 Kbytes)
	27.50% of uncompressed xattr table size (280 bytes)
Number of duplicate files found 23188
Number of inodes 250865
Number of files 176097
Number of fragments 4130
Number of symbolic links 60490
Number of device nodes 0
Number of fifo nodes 0
Number of socket nodes 0
Number of directories 14278
Number of hard-links 1831
Number of ids (unique uids + gids) 13
Number of uids 8
	root (0)
	abz (1000)
	unknown (960)
	unknown (976)
	unknown (971)
	unknown (970)
	polkitd (979)
	unknown (967)
Number of gids 13
	root (0)
	unknown (209)
	_ssh (102)
	abz (1000)
	unknown (960)
	gnome-initial-setup (976)
	unknown (971)
	unknown (970)
	unknown (150)
	polkitd (979)
	unknown (967)
	dhcpcd (996)
	pipewire (981)
[*] Exporting container 451b6968a932af692402765efc89e4836e3c96a8647038c105ac6b3698ab8365 and streaming to mksquashfs...
[*] Stripping container artifact: .dockerenv
[+] Successfully wrote squashfs: 252700 items included, 1 container markers removed.
=== [5/5] Building bootable hybrid ISO (BIOS + UEFI) ===
xorriso 1.5.6 : RockRidge filesystem manipulator, libburnia project.

Drive current: -outdev 'stdio:/home/abz/abzos/abzOS-1.0-amd64.iso'
Media current: stdio file, overwriteable
Media status : is blank
Media summary: 0 sessions, 0 data blocks, 0 data, 65.6g free
Added to ISO image: directory '/'='/tmp/grub.9I4dwa'
xorriso : UPDATE :     641 files added in 1 seconds
Added to ISO image: directory '/'='/home/abz/abzos/image'
xorriso : UPDATE :     656 files added in 1 seconds
xorriso : NOTE : Copying to System Area: 512 bytes from file '/usr/lib/grub/i386-pc/boot_hybrid.img'
libisofs: NOTE : Automatically adjusted MBR geometry to 1009/200/63
xorriso : UPDATE :  1.42% done
xorriso : UPDATE :  10.88% done
xorriso : UPDATE :  20.02% done
xorriso : UPDATE :  25.86% done, estimate finish Thu Sep 24 02:06:17 2026
xorriso : UPDATE :  32.63% done, estimate finish Thu Sep 24 02:06:17 2026
xorriso : UPDATE :  38.68% done, estimate finish Thu Sep 24 02:06:18 2026
xorriso : UPDATE :  44.91% done, estimate finish Thu Sep 24 02:06:19 2026
xorriso : UPDATE :  52.33% done, estimate finish Thu Sep 24 02:06:19 2026
xorriso : UPDATE :  58.54% done, estimate finish Thu Sep 24 02:06:19 2026
xorriso : UPDATE :  66.87% done, estimate finish Thu Sep 24 02:06:19 2026
xorriso : UPDATE :  73.15% done, estimate finish Thu Sep 24 02:06:19 2026
xorriso : UPDATE :  79.28% done, estimate finish Thu Sep 24 02:06:19 2026
xorriso : UPDATE :  86.12% done, estimate finish Thu Sep 24 02:06:19 2026
xorriso : UPDATE :  93.26% done
ISO image produced: 3177813 sectors
Written to medium : 3177813 sectors at LBA 0
Writing to 'stdio:/home/abz/abzos/abzOS-1.0-amd64.iso' completed successfully.

=========================================================
              abzOS 1.0 ISO created successfully!         
=========================================================
-rw-rw-r-- 1 abz abz 6.1G Sep 24 02:06 /home/abz/abzos/abzOS-1.0-amd64.iso
03f81927a81be8f85c5438638fa76573bf0ea6eab5e0f4a15057bc5afbfe3d36  abzOS-1.0-amd64.iso
451b6968a932af692402765efc89e4836e3c96a8647038c105ac6b3698ab8365
